ISO-10303-21;
HEADER;
/* Generated by software containing ST-Developer
 * from STEP Tools, Inc. (www.steptools.com) 
 */
/* OPTION: using custom renumber hook */

FILE_DESCRIPTION(
/* description */ ('STEP AP242 Edition 2',
'CAx-IF Rec.Pracs.---Representation and Presentation of Product Manufa
cturing Information (PMI)---4.0---2014-10-13',
'CAx-IF Rec.Pracs.---3D Tessellated Geometry---0.4---2014-09-14','2;1',
'CAx-IF Rec.Pracs.---User Defined Attributes---1.5---2016-08-15'),
/* implementation_level */ '2;1');

FILE_NAME(
/* name */ '17901',
/* time_stamp */ '2026-09-20T19:14:54Z',
/* author */ (''),
/* organization */ (''),
/* preprocessor_version */ 'ST-DEVELOPER v20',
/* originating_system */ 'ONSHAPE BY PTC INC, 1.221',
/* authorisation */ '  ');

FILE_SCHEMA (('AP242_MANAGED_MODEL_BASED_3D_ENGINEERING_MIM_LF { 1 0 10303 442 3 1 4 }'));
ENDSEC;

DATA;
#10=SHAPE_REPRESENTATION_RELATIONSHIP('','',#10905,#11);
#11=ADVANCED_BREP_SHAPE_REPRESENTATION('',(#10903),#18390);
#12=CONICAL_SURFACE('',#11355,0.0143002,0.785398163397301);
#13=CONICAL_SURFACE('',#11502,0.0143002,0.785398163397301);
#14=CONICAL_SURFACE('',#11562,0.0143002,0.785398163397301);
#15=SPHERICAL_SURFACE('',#11273,0.000254);
#16=SPHERICAL_SURFACE('',#11278,0.000254);
#17=SPHERICAL_SURFACE('',#11358,0.000254);
#18=SPHERICAL_SURFACE('',#11363,0.000254);
#19=SPHERICAL_SURFACE('',#11366,0.000254);
#20=SPHERICAL_SURFACE('',#11375,0.000254);
#21=SPHERICAL_SURFACE('',#11390,0.000254);
#22=SPHERICAL_SURFACE('',#11416,0.000254);
#23=SPHERICAL_SURFACE('',#11421,0.000254);
#24=SPHERICAL_SURFACE('',#11442,0.000254);
#25=SPHERICAL_SURFACE('',#11448,0.000254);
#26=SPHERICAL_SURFACE('',#11453,0.000254);
#27=SPHERICAL_SURFACE('',#11457,0.000254);
#28=SPHERICAL_SURFACE('',#11485,0.000254);
#29=SPHERICAL_SURFACE('',#11493,0.000254);
#30=SPHERICAL_SURFACE('',#11499,0.000254);
#31=SPHERICAL_SURFACE('',#11505,0.000254);
#32=SPHERICAL_SURFACE('',#11510,0.000254);
#33=SPHERICAL_SURFACE('',#11520,0.000254);
#34=SPHERICAL_SURFACE('',#11528,0.000254);
#35=SPHERICAL_SURFACE('',#11534,0.000254);
#36=SPHERICAL_SURFACE('',#11541,0.000254);
#37=SPHERICAL_SURFACE('',#11557,0.000254);
#38=SPHERICAL_SURFACE('',#11564,0.000254);
#39=SPHERICAL_SURFACE('',#11571,0.000254);
#40=SPHERICAL_SURFACE('',#11576,0.000254);
#41=SPHERICAL_SURFACE('',#11595,0.000254);
#42=SPHERICAL_SURFACE('',#11600,0.000254);
#43=SPHERICAL_SURFACE('',#11612,0.000254);
#44=SPHERICAL_SURFACE('',#11628,0.000254);
#45=SPHERICAL_SURFACE('',#11649,0.00254);
#46=SPHERICAL_SURFACE('',#11654,0.00254);
#47=SPHERICAL_SURFACE('',#11680,0.00254);
#48=SPHERICAL_SURFACE('',#11684,0.00254);
#49=SPHERICAL_SURFACE('',#11710,0.00254);
#50=SPHERICAL_SURFACE('',#11714,0.00254);
#51=SPHERICAL_SURFACE('',#11729,0.00254);
#52=SPHERICAL_SURFACE('',#11733,0.00254);
#53=SPHERICAL_SURFACE('',#11743,0.00254);
#54=SPHERICAL_SURFACE('',#11747,0.00254);
#55=SPHERICAL_SURFACE('',#11757,0.00254);
#56=SPHERICAL_SURFACE('',#11766,0.00254);
#57=SPHERICAL_SURFACE('',#11801,0.000254);
#58=SPHERICAL_SURFACE('',#11815,0.000254);
#59=SPHERICAL_SURFACE('',#11816,0.000254);
#60=SPHERICAL_SURFACE('',#11820,0.000254);
#61=SPHERICAL_SURFACE('',#11826,0.000254);
#62=SPHERICAL_SURFACE('',#11854,0.000254);
#63=SPHERICAL_SURFACE('',#11862,0.000254);
#64=SPHERICAL_SURFACE('',#11869,0.000254);
#65=SPHERICAL_SURFACE('',#11876,0.000254);
#66=SPHERICAL_SURFACE('',#11905,0.000254);
#67=SPHERICAL_SURFACE('',#11912,0.000254);
#68=SPHERICAL_SURFACE('',#11919,0.000254);
#69=TOROIDAL_SURFACE('',#11213,0.002286,0.000254);
#70=TOROIDAL_SURFACE('',#11217,0.000537773758156945,0.000254149690016068);
#71=TOROIDAL_SURFACE('',#11218,0.0191516,0.000254);
#72=TOROIDAL_SURFACE('',#11220,0.000537791090433809,0.000254156766906512);
#73=TOROIDAL_SURFACE('',#11275,0.0151638,0.000254);
#74=TOROIDAL_SURFACE('',#11354,0.984840938761459,0.00025400000206272);
#75=TOROIDAL_SURFACE('',#11357,0.984858209359622,0.000254000002019457);
#76=TOROIDAL_SURFACE('',#11361,0.013077389755158,0.000254);
#77=TOROIDAL_SURFACE('',#11371,0.000508,0.000254);
#78=TOROIDAL_SURFACE('',#11380,0.000508,0.000254);
#79=TOROIDAL_SURFACE('',#11395,0.000508,0.000254);
#80=TOROIDAL_SURFACE('',#11397,0.004826,0.000254);
#81=TOROIDAL_SURFACE('',#11408,0.004826,0.000254);
#82=TOROIDAL_SURFACE('',#11411,0.000508,0.000254);
#83=TOROIDAL_SURFACE('',#11419,0.005334,0.000254);
#84=TOROIDAL_SURFACE('',#11426,0.000508,0.000254);
#85=TOROIDAL_SURFACE('',#11434,0.000508,0.000254);
#86=TOROIDAL_SURFACE('',#11447,0.984843376994725,0.00025400000206522);
#87=TOROIDAL_SURFACE('',#11450,0.013077389755158,0.000254);
#88=TOROIDAL_SURFACE('',#11465,0.000508,0.000254);
#89=TOROIDAL_SURFACE('',#11470,0.000508,0.000254);
#90=TOROIDAL_SURFACE('',#11473,0.004826,0.000254);
#91=TOROIDAL_SURFACE('',#11475,0.000508,0.000254);
#92=TOROIDAL_SURFACE('',#11480,0.000508,0.000254);
#93=TOROIDAL_SURFACE('',#11495,0.0151638,0.000254);
#94=TOROIDAL_SURFACE('',#11501,0.984848946433728,0.000254000002070233);
#95=TOROIDAL_SURFACE('',#11504,0.984858210339057,0.000254000002021784);
#96=TOROIDAL_SURFACE('',#11508,0.013077389755158,0.000254);
#97=TOROIDAL_SURFACE('',#11516,0.000508,0.000254);
#98=TOROIDAL_SURFACE('',#11532,0.005334,0.000254);
#99=TOROIDAL_SURFACE('',#11547,0.000508,0.000254);
#100=TOROIDAL_SURFACE('',#11559,0.0151638,0.000254);
#101=TOROIDAL_SURFACE('',#11563,0.984848946279827,0.000254000002069038);
#102=TOROIDAL_SURFACE('',#11567,0.000508,0.000254);
#103=TOROIDAL_SURFACE('',#11581,0.000508,0.000254);
#104=TOROIDAL_SURFACE('',#11589,0.000508,0.000254);
#105=TOROIDAL_SURFACE('',#11598,0.005334,0.000254);
#106=TOROIDAL_SURFACE('',#11605,0.000508,0.000254);
#107=TOROIDAL_SURFACE('',#11617,0.000508,0.000254);
#108=TOROIDAL_SURFACE('',#11624,0.000508,0.000254);
#109=TOROIDAL_SURFACE('',#11629,0.0042418,0.000254);
#110=TOROIDAL_SURFACE('',#11633,0.0042418,0.000254);
#111=TOROIDAL_SURFACE('',#11637,0.0037338,0.000254);
#112=TOROIDAL_SURFACE('',#11662,0.00053777375817615,0.000254149690096807);
#113=TOROIDAL_SURFACE('',#11663,0.0191516,0.000254);
#114=TOROIDAL_SURFACE('',#11664,0.000537791090512976,0.000254156766826966);
#115=TOROIDAL_SURFACE('',#11667,0.002286,0.000254);
#116=TOROIDAL_SURFACE('',#11671,0.00508,0.00254);
#117=TOROIDAL_SURFACE('',#11692,0.000537773757562616,0.000254149690008882);
#118=TOROIDAL_SURFACE('',#11693,0.0191516,0.000254);
#119=TOROIDAL_SURFACE('',#11694,0.000537791090512143,0.000254156766826672);
#120=TOROIDAL_SURFACE('',#11697,0.002286,0.000254);
#121=TOROIDAL_SURFACE('',#11701,0.00508,0.00254);
#122=TOROIDAL_SURFACE('',#11719,0.00508,0.00254);
#123=TOROIDAL_SURFACE('',#11767,0.000508,0.000254);
#124=TOROIDAL_SURFACE('',#11771,0.008763,0.000254);
#125=TOROIDAL_SURFACE('',#11774,0.000508,0.000254);
#126=TOROIDAL_SURFACE('',#11779,0.000508,0.000254);
#127=TOROIDAL_SURFACE('',#11784,0.000508,0.000254);
#128=TOROIDAL_SURFACE('',#11812,0.009271,0.000254);
#129=TOROIDAL_SURFACE('',#11831,0.000508,0.000254);
#130=TOROIDAL_SURFACE('',#11836,0.000508,0.000254);
#131=TOROIDAL_SURFACE('',#11841,0.000508,0.000254);
#132=TOROIDAL_SURFACE('',#11844,0.008763,0.000254);
#133=TOROIDAL_SURFACE('',#11847,0.000508,0.000254);
#134=TOROIDAL_SURFACE('',#11860,0.009271,0.000254);
#135=TOROIDAL_SURFACE('',#11881,0.000508,0.000254);
#136=TOROIDAL_SURFACE('',#11886,0.000508,0.000254);
#137=TOROIDAL_SURFACE('',#11891,0.000508,0.000254);
#138=TOROIDAL_SURFACE('',#11896,0.000508,0.000254);
#139=TOROIDAL_SURFACE('',#11899,0.008763,0.000254);
#140=TOROIDAL_SURFACE('',#11903,0.009271,0.000254);
#141=TOROIDAL_SURFACE('',#11923,0.0037338,0.000254);
#142=B_SPLINE_CURVE_WITH_KNOTS('',3,(#16742,#16743,#16744,#16745),
 .UNSPECIFIED.,.F.,.F.,(4,4),(1.09139143616205E-8,90.0000000002853),
 .UNSPECIFIED.);
#143=B_SPLINE_CURVE_WITH_KNOTS('',3,(#16757,#16758,#16759,#16760),
 .UNSPECIFIED.,.F.,.F.,(4,4),(359.999519626884,450.000000000975),
 .UNSPECIFIED.);
#144=B_SPLINE_CURVE_WITH_KNOTS('',3,(#16762,#16763,#16764,#16765,#16766),
 .UNSPECIFIED.,.F.,.F.,(4,1,4),(1.62093648559695E-7,0.500000081046824,1.),
 .UNSPECIFIED.);
#145=B_SPLINE_CURVE_WITH_KNOTS('',3,(#16768,#16769,#16770,#16771),
 .UNSPECIFIED.,.F.,.F.,(4,4),(1.28252025505342E-5,66.7928350106942),
 .UNSPECIFIED.);
#146=B_SPLINE_CURVE_WITH_KNOTS('',3,(#16773,#16774,#16775,#16776,#16777,
#16778),.UNSPECIFIED.,.F.,.F.,(4,1,1,4),(0.,0.5,0.75,1.),.UNSPECIFIED.);
#147=B_SPLINE_CURVE_WITH_KNOTS('',3,(#16782,#16783,#16784,#16785,#16786),
 .UNSPECIFIED.,.F.,.F.,(4,1,4),(0.,0.5,1.),.UNSPECIFIED.);
#148=B_SPLINE_CURVE_WITH_KNOTS('',3,(#16788,#16789,#16790,#16791),
 .UNSPECIFIED.,.F.,.F.,(4,4),(0.,66.7928349403402),.UNSPECIFIED.);
#149=B_SPLINE_CURVE_WITH_KNOTS('',3,(#16793,#16794,#16795,#16796,#16797),
 .UNSPECIFIED.,.F.,.F.,(4,1,4),(0.,0.5,1.),.UNSPECIFIED.);
#150=B_SPLINE_CURVE_WITH_KNOTS('',3,(#16944,#16945,#16946,#16947),
 .UNSPECIFIED.,.F.,.F.,(4,4),(0.,82.5137833527943),.UNSPECIFIED.);
#151=B_SPLINE_CURVE_WITH_KNOTS('',3,(#16955,#16956,#16957,#16958),
 .UNSPECIFIED.,.F.,.F.,(4,4),(2.28681881602844E-10,82.5137833544342),
 .UNSPECIFIED.);
#152=B_SPLINE_CURVE_WITH_KNOTS('',3,(#16964,#16965,#16966,#16967),
 .UNSPECIFIED.,.F.,.F.,(4,4),(0.,1.),.UNSPECIFIED.);
#153=B_SPLINE_CURVE_WITH_KNOTS('',3,(#16980,#16981,#16982,#16983),
 .UNSPECIFIED.,.F.,.F.,(4,4),(6.97255803554538E-17,0.000401486342351178),
 .UNSPECIFIED.);
#154=B_SPLINE_CURVE_WITH_KNOTS('',3,(#16986,#16987,#16988,#16989),
 .UNSPECIFIED.,.F.,.F.,(4,4),(1.23214222554622E-16,0.000401481269364611),
 .UNSPECIFIED.);
#155=B_SPLINE_CURVE_WITH_KNOTS('',3,(#16994,#16995,#16996,#16997),
 .UNSPECIFIED.,.F.,.F.,(4,4),(7.18183899312152E-17,0.000401486342343234),
 .UNSPECIFIED.);
#156=B_SPLINE_CURVE_WITH_KNOTS('',3,(#17002,#17003,#17004,#17005),
 .UNSPECIFIED.,.F.,.F.,(4,4),(0.,0.000401481269365129),.UNSPECIFIED.);
#157=B_SPLINE_CURVE_WITH_KNOTS('',3,(#17010,#17011,#17012,#17013),
 .UNSPECIFIED.,.F.,.F.,(4,4),(7.59845516736581E-17,0.000401486342350828),
 .UNSPECIFIED.);
#158=B_SPLINE_CURVE_WITH_KNOTS('',3,(#17018,#17019,#17020,#17021),
 .UNSPECIFIED.,.F.,.F.,(4,4),(1.16139056557953E-16,0.000401481269364428),
 .UNSPECIFIED.);
#159=B_SPLINE_CURVE_WITH_KNOTS('',3,(#17083,#17084,#17085,#17086),
 .UNSPECIFIED.,.F.,.F.,(4,4),(0.,1.),.UNSPECIFIED.);
#160=B_SPLINE_CURVE_WITH_KNOTS('',3,(#17258,#17259,#17260,#17261),
 .UNSPECIFIED.,.F.,.F.,(4,4),(0.,1.),.UNSPECIFIED.);
#161=B_SPLINE_CURVE_WITH_KNOTS('',3,(#17263,#17264,#17265,#17266),
 .UNSPECIFIED.,.F.,.F.,(4,4),(1.11192191663837E-9,81.31081618785),
 .UNSPECIFIED.);
#162=B_SPLINE_CURVE_WITH_KNOTS('',3,(#17268,#17269,#17270,#17271),
 .UNSPECIFIED.,.F.,.F.,(4,4),(0.,1.),.UNSPECIFIED.);
#163=B_SPLINE_CURVE_WITH_KNOTS('',3,(#17275,#17276,#17277,#17278),
 .UNSPECIFIED.,.F.,.F.,(4,4),(0.,1.),.UNSPECIFIED.);
#164=B_SPLINE_CURVE_WITH_KNOTS('',3,(#17280,#17281,#17282,#17283),
 .UNSPECIFIED.,.F.,.F.,(4,4),(0.,81.3108161858308),.UNSPECIFIED.);
#165=B_SPLINE_CURVE_WITH_KNOTS('',3,(#17434,#17435,#17436,#17437),
 .UNSPECIFIED.,.F.,.F.,(4,4),(0.,1.),.UNSPECIFIED.);
#166=B_SPLINE_CURVE_WITH_KNOTS('',3,(#17439,#17440,#17441,#17442),
 .UNSPECIFIED.,.F.,.F.,(4,4),(0.,82.513783352478),.UNSPECIFIED.);
#167=B_SPLINE_CURVE_WITH_KNOTS('',3,(#17444,#17445,#17446,#17447),
 .UNSPECIFIED.,.F.,.F.,(4,4),(0.,1.),.UNSPECIFIED.);
#168=B_SPLINE_CURVE_WITH_KNOTS('',3,(#17449,#17450,#17451,#17452),
 .UNSPECIFIED.,.F.,.F.,(4,4),(6.02117924426839E-10,81.3108161877341),
 .UNSPECIFIED.);
#169=B_SPLINE_CURVE_WITH_KNOTS('',3,(#17460,#17461,#17462,#17463),
 .UNSPECIFIED.,.F.,.F.,(4,4),(0.,81.3108161858728),.UNSPECIFIED.);
#170=B_SPLINE_CURVE_WITH_KNOTS('',3,(#17528,#17529,#17530,#17531),
 .UNSPECIFIED.,.F.,.F.,(4,4),(0.,1.),.UNSPECIFIED.);
#171=B_SPLINE_CURVE_WITH_KNOTS('',3,(#17542,#17543,#17544,#17545),
 .UNSPECIFIED.,.F.,.F.,(4,4),(0.,82.5137833544597),.UNSPECIFIED.);
#172=B_SPLINE_CURVE_WITH_KNOTS('',3,(#17556,#17557,#17558,#17559),
 .UNSPECIFIED.,.F.,.F.,(4,4),(0.,82.5137833542436),.UNSPECIFIED.);
#173=B_SPLINE_CURVE_WITH_KNOTS('',3,(#17561,#17562,#17563,#17564),
 .UNSPECIFIED.,.F.,.F.,(4,4),(0.,81.3108161856817),.UNSPECIFIED.);
#174=B_SPLINE_CURVE_WITH_KNOTS('',3,(#17566,#17567,#17568,#17569),
 .UNSPECIFIED.,.F.,.F.,(4,4),(0.,1.),.UNSPECIFIED.);
#175=B_SPLINE_CURVE_WITH_KNOTS('',3,(#17573,#17574,#17575,#17576),
 .UNSPECIFIED.,.F.,.F.,(4,4),(0.,1.),.UNSPECIFIED.);
#176=B_SPLINE_CURVE_WITH_KNOTS('',3,(#17578,#17579,#17580,#17581),
 .UNSPECIFIED.,.F.,.F.,(4,4),(0.,81.3108161858558),.UNSPECIFIED.);
#177=B_SPLINE_CURVE_WITH_KNOTS('',3,(#17643,#17644,#17645,#17646),
 .UNSPECIFIED.,.F.,.F.,(4,4),(0.,1.),.UNSPECIFIED.);
#178=B_SPLINE_CURVE_WITH_KNOTS('',3,(#17666,#17667,#17668,#17669),
 .UNSPECIFIED.,.F.,.F.,(4,4),(0.,1.),.UNSPECIFIED.);
#179=B_SPLINE_CURVE_WITH_KNOTS('',3,(#17671,#17672,#17673,#17674),
 .UNSPECIFIED.,.F.,.F.,(4,4),(2.14130843929875E-10,82.5137833539674),
 .UNSPECIFIED.);
#180=B_SPLINE_CURVE_WITH_KNOTS('',3,(#17839,#17840,#17841,#17842,#17843),
 .UNSPECIFIED.,.F.,.F.,(4,1,4),(1.62093633426608E-7,0.500000081046817,1.),
 .UNSPECIFIED.);
#181=B_SPLINE_CURVE_WITH_KNOTS('',3,(#17848,#17849,#17850,#17851),
 .UNSPECIFIED.,.F.,.F.,(4,4),(359.999519626433,450.000000000974),
 .UNSPECIFIED.);
#182=B_SPLINE_CURVE_WITH_KNOTS('',3,(#17853,#17854,#17855,#17856),
 .UNSPECIFIED.,.F.,.F.,(4,4),(1.28250514741993E-5,66.7928350107605),
 .UNSPECIFIED.);
#183=B_SPLINE_CURVE_WITH_KNOTS('',3,(#17857,#17858,#17859,#17860,#17861,
#17862),.UNSPECIFIED.,.F.,.F.,(4,1,1,4),(0.,0.5,0.75,1.),.UNSPECIFIED.);
#184=B_SPLINE_CURVE_WITH_KNOTS('',3,(#17864,#17865,#17866,#17867,#17868),
 .UNSPECIFIED.,.F.,.F.,(4,1,4),(0.,0.5,1.),.UNSPECIFIED.);
#185=B_SPLINE_CURVE_WITH_KNOTS('',3,(#17870,#17871,#17872,#17873),
 .UNSPECIFIED.,.F.,.F.,(4,4),(0.,66.7928349405272),.UNSPECIFIED.);
#186=B_SPLINE_CURVE_WITH_KNOTS('',3,(#17875,#17876,#17877,#17878,#17879),
 .UNSPECIFIED.,.F.,.F.,(4,1,4),(0.,0.5,1.),.UNSPECIFIED.);
#187=B_SPLINE_CURVE_WITH_KNOTS('',3,(#17881,#17882,#17883,#17884),
 .UNSPECIFIED.,.F.,.F.,(4,4),(1.12971712007337E-8,90.0000000002852),
 .UNSPECIFIED.);
#188=B_SPLINE_CURVE_WITH_KNOTS('',3,(#17935,#17936,#17937,#17938,#17939),
 .UNSPECIFIED.,.F.,.F.,(4,1,4),(1.62093633899962E-7,0.500000081046817,1.),
 .UNSPECIFIED.);
#189=B_SPLINE_CURVE_WITH_KNOTS('',3,(#17944,#17945,#17946,#17947),
 .UNSPECIFIED.,.F.,.F.,(4,4),(359.999519626621,450.000000000974),
 .UNSPECIFIED.);
#190=B_SPLINE_CURVE_WITH_KNOTS('',3,(#17949,#17950,#17951,#17952),
 .UNSPECIFIED.,.F.,.F.,(4,4),(1.28250816894327E-5,66.7928350105309),
 .UNSPECIFIED.);
#191=B_SPLINE_CURVE_WITH_KNOTS('',3,(#17953,#17954,#17955,#17956,#17957,
#17958),.UNSPECIFIED.,.F.,.F.,(4,1,1,4),(0.,0.5,0.75,1.),.UNSPECIFIED.);
#192=B_SPLINE_CURVE_WITH_KNOTS('',3,(#17960,#17961,#17962,#17963,#17964),
 .UNSPECIFIED.,.F.,.F.,(4,1,4),(0.,0.5,1.),.UNSPECIFIED.);
#193=B_SPLINE_CURVE_WITH_KNOTS('',3,(#17966,#17967,#17968,#17969),
 .UNSPECIFIED.,.F.,.F.,(4,4),(9.49395572418756E-11,66.7928349401016),
 .UNSPECIFIED.);
#194=B_SPLINE_CURVE_WITH_KNOTS('',3,(#17971,#17972,#17973,#17974,#17975),
 .UNSPECIFIED.,.F.,.F.,(4,1,4),(0.,0.5,1.),.UNSPECIFIED.);
#195=B_SPLINE_CURVE_WITH_KNOTS('',3,(#17977,#17978,#17979,#17980),
 .UNSPECIFIED.,.F.,.F.,(4,4),(1.11255802756702E-8,90.0000000002854),
 .UNSPECIFIED.);
#196=CYLINDRICAL_SURFACE('',#11194,0.0166751);
#197=CYLINDRICAL_SURFACE('',#11197,0.0141351);
#198=CYLINDRICAL_SURFACE('',#11207,0.0141351);
#199=CYLINDRICAL_SURFACE('',#11209,0.0166751);
#200=CYLINDRICAL_SURFACE('',#11211,0.000254);
#201=CYLINDRICAL_SURFACE('',#11216,0.000254);
#202=CYLINDRICAL_SURFACE('',#11222,0.000254);
#203=CYLINDRICAL_SURFACE('',#11224,0.0194056);
#204=CYLINDRICAL_SURFACE('',#11247,0.0194056);
#205=CYLINDRICAL_SURFACE('',#11252,0.0166751);
#206=CYLINDRICAL_SURFACE('',#11254,0.0166751);
#207=CYLINDRICAL_SURFACE('',#11269,0.0154178);
#208=CYLINDRICAL_SURFACE('',#11271,0.000254);
#209=CYLINDRICAL_SURFACE('',#11280,0.000254);
#210=CYLINDRICAL_SURFACE('',#11282,0.0149733);
#211=CYLINDRICAL_SURFACE('',#11284,0.0149733);
#212=CYLINDRICAL_SURFACE('',#11286,0.0149733);
#213=CYLINDRICAL_SURFACE('',#11288,0.000254);
#214=CYLINDRICAL_SURFACE('',#11302,0.000254);
#215=CYLINDRICAL_SURFACE('',#11305,0.000254);
#216=CYLINDRICAL_SURFACE('',#11333,0.00508);
#217=CYLINDRICAL_SURFACE('',#11339,0.00508);
#218=CYLINDRICAL_SURFACE('',#11345,0.00508);
#219=CYLINDRICAL_SURFACE('',#11350,0.000254);
#220=CYLINDRICAL_SURFACE('',#11364,0.000254);
#221=CYLINDRICAL_SURFACE('',#11369,0.000254);
#222=CYLINDRICAL_SURFACE('',#11373,0.000254);
#223=CYLINDRICAL_SURFACE('',#11378,0.000254);
#224=CYLINDRICAL_SURFACE('',#11383,0.000254);
#225=CYLINDRICAL_SURFACE('',#11385,0.000254);
#226=CYLINDRICAL_SURFACE('',#11388,0.000254);
#227=CYLINDRICAL_SURFACE('',#11393,0.000254);
#228=CYLINDRICAL_SURFACE('',#11400,0.00508);
#229=CYLINDRICAL_SURFACE('',#11403,0.00508);
#230=CYLINDRICAL_SURFACE('',#11405,0.00508);
#231=CYLINDRICAL_SURFACE('',#11414,0.000254);
#232=CYLINDRICAL_SURFACE('',#11424,0.000254);
#233=CYLINDRICAL_SURFACE('',#11428,0.000254);
#234=CYLINDRICAL_SURFACE('',#11431,0.000254);
#235=CYLINDRICAL_SURFACE('',#11436,0.000254);
#236=CYLINDRICAL_SURFACE('',#11439,0.000254);
#237=CYLINDRICAL_SURFACE('',#11444,0.000254);
#238=CYLINDRICAL_SURFACE('',#11455,0.000254);
#239=CYLINDRICAL_SURFACE('',#11460,0.000254);
#240=CYLINDRICAL_SURFACE('',#11463,0.000254);
#241=CYLINDRICAL_SURFACE('',#11468,0.000254);
#242=CYLINDRICAL_SURFACE('',#11478,0.000254);
#243=CYLINDRICAL_SURFACE('',#11483,0.000254);
#244=CYLINDRICAL_SURFACE('',#11488,0.000254);
#245=CYLINDRICAL_SURFACE('',#11491,0.000254);
#246=CYLINDRICAL_SURFACE('',#11511,0.000254);
#247=CYLINDRICAL_SURFACE('',#11512,0.000254);
#248=CYLINDRICAL_SURFACE('',#11513,0.0154178);
#249=CYLINDRICAL_SURFACE('',#11514,0.000254);
#250=CYLINDRICAL_SURFACE('',#11518,0.000254);
#251=CYLINDRICAL_SURFACE('',#11523,0.000254);
#252=CYLINDRICAL_SURFACE('',#11526,0.000254);
#253=CYLINDRICAL_SURFACE('',#11531,0.000254);
#254=CYLINDRICAL_SURFACE('',#11537,0.000254);
#255=CYLINDRICAL_SURFACE('',#11539,0.000254);
#256=CYLINDRICAL_SURFACE('',#11544,0.000254);
#257=CYLINDRICAL_SURFACE('',#11545,0.000254);
#258=CYLINDRICAL_SURFACE('',#11549,0.000254);
#259=CYLINDRICAL_SURFACE('',#11551,0.000254);
#260=CYLINDRICAL_SURFACE('',#11553,0.0154178);
#261=CYLINDRICAL_SURFACE('',#11555,0.000254);
#262=CYLINDRICAL_SURFACE('',#11565,0.000254);
#263=CYLINDRICAL_SURFACE('',#11569,0.000254);
#264=CYLINDRICAL_SURFACE('',#11573,0.000254);
#265=CYLINDRICAL_SURFACE('',#11574,0.000254);
#266=CYLINDRICAL_SURFACE('',#11579,0.000254);
#267=CYLINDRICAL_SURFACE('',#11584,0.000254);
#268=CYLINDRICAL_SURFACE('',#11587,0.000254);
#269=CYLINDRICAL_SURFACE('',#11592,0.000254);
#270=CYLINDRICAL_SURFACE('',#11593,0.000254);
#271=CYLINDRICAL_SURFACE('',#11596,0.000254);
#272=CYLINDRICAL_SURFACE('',#11603,0.000254);
#273=CYLINDRICAL_SURFACE('',#11607,0.000254);
#274=CYLINDRICAL_SURFACE('',#11610,0.000254);
#275=CYLINDRICAL_SURFACE('',#11615,0.000254);
#276=CYLINDRICAL_SURFACE('',#11619,0.000254);
#277=CYLINDRICAL_SURFACE('',#11622,0.000254);
#278=CYLINDRICAL_SURFACE('',#11626,0.000254);
#279=CYLINDRICAL_SURFACE('',#11635,0.0039878);
#280=CYLINDRICAL_SURFACE('',#11646,0.00254);
#281=CYLINDRICAL_SURFACE('',#11652,0.00254);
#282=CYLINDRICAL_SURFACE('',#11657,0.00254);
#283=CYLINDRICAL_SURFACE('',#11660,0.000254);
#284=CYLINDRICAL_SURFACE('',#11665,0.000254);
#285=CYLINDRICAL_SURFACE('',#11669,0.00254);
#286=CYLINDRICAL_SURFACE('',#11673,0.00254);
#287=CYLINDRICAL_SURFACE('',#11676,0.000254);
#288=CYLINDRICAL_SURFACE('',#11677,0.00254);
#289=CYLINDRICAL_SURFACE('',#11682,0.00254);
#290=CYLINDRICAL_SURFACE('',#11687,0.00254);
#291=CYLINDRICAL_SURFACE('',#11690,0.000254);
#292=CYLINDRICAL_SURFACE('',#11695,0.000254);
#293=CYLINDRICAL_SURFACE('',#11699,0.00254);
#294=CYLINDRICAL_SURFACE('',#11703,0.00254);
#295=CYLINDRICAL_SURFACE('',#11706,0.000254);
#296=CYLINDRICAL_SURFACE('',#11707,0.00254);
#297=CYLINDRICAL_SURFACE('',#11712,0.00254);
#298=CYLINDRICAL_SURFACE('',#11717,0.00254);
#299=CYLINDRICAL_SURFACE('',#11721,0.00254);
#300=CYLINDRICAL_SURFACE('',#11723,0.000254);
#301=CYLINDRICAL_SURFACE('',#11724,0.00254);
#302=CYLINDRICAL_SURFACE('',#11727,0.00254);
#303=CYLINDRICAL_SURFACE('',#11731,0.00254);
#304=CYLINDRICAL_SURFACE('',#11735,0.00254);
#305=CYLINDRICAL_SURFACE('',#11737,0.000254);
#306=CYLINDRICAL_SURFACE('',#11738,0.00254);
#307=CYLINDRICAL_SURFACE('',#11741,0.00254);
#308=CYLINDRICAL_SURFACE('',#11745,0.00254);
#309=CYLINDRICAL_SURFACE('',#11749,0.00254);
#310=CYLINDRICAL_SURFACE('',#11751,0.000254);
#311=CYLINDRICAL_SURFACE('',#11752,0.00254);
#312=CYLINDRICAL_SURFACE('',#11755,0.00254);
#313=CYLINDRICAL_SURFACE('',#11760,0.00254);
#314=CYLINDRICAL_SURFACE('',#11763,0.00254);
#315=CYLINDRICAL_SURFACE('',#11764,0.00254);
#316=CYLINDRICAL_SURFACE('',#11777,0.000254);
#317=CYLINDRICAL_SURFACE('',#11782,0.000254);
#318=CYLINDRICAL_SURFACE('',#11787,0.000254);
#319=CYLINDRICAL_SURFACE('',#11789,0.000254);
#320=CYLINDRICAL_SURFACE('',#11791,0.009017);
#321=CYLINDRICAL_SURFACE('',#11793,0.000254);
#322=CYLINDRICAL_SURFACE('',#11796,0.000254);
#323=CYLINDRICAL_SURFACE('',#11799,0.000254);
#324=CYLINDRICAL_SURFACE('',#11804,0.000254);
#325=CYLINDRICAL_SURFACE('',#11818,0.000254);
#326=CYLINDRICAL_SURFACE('',#11822,0.000254);
#327=CYLINDRICAL_SURFACE('',#11823,0.000254);
#328=CYLINDRICAL_SURFACE('',#11829,0.000254);
#329=CYLINDRICAL_SURFACE('',#11834,0.000254);
#330=CYLINDRICAL_SURFACE('',#11839,0.000254);
#331=CYLINDRICAL_SURFACE('',#11850,0.000254);
#332=CYLINDRICAL_SURFACE('',#11852,0.000254);
#333=CYLINDRICAL_SURFACE('',#11857,0.000254);
#334=CYLINDRICAL_SURFACE('',#11858,0.009017);
#335=CYLINDRICAL_SURFACE('',#11865,0.000254);
#336=CYLINDRICAL_SURFACE('',#11867,0.000254);
#337=CYLINDRICAL_SURFACE('',#11871,0.000254);
#338=CYLINDRICAL_SURFACE('',#11873,0.000254);
#339=CYLINDRICAL_SURFACE('',#11879,0.000254);
#340=CYLINDRICAL_SURFACE('',#11884,0.000254);
#341=CYLINDRICAL_SURFACE('',#11889,0.000254);
#342=CYLINDRICAL_SURFACE('',#11894,0.000254);
#343=CYLINDRICAL_SURFACE('',#11901,0.009017);
#344=CYLINDRICAL_SURFACE('',#11908,0.000254);
#345=CYLINDRICAL_SURFACE('',#11910,0.000254);
#346=CYLINDRICAL_SURFACE('',#11915,0.000254);
#347=CYLINDRICAL_SURFACE('',#11917,0.000254);
#348=CYLINDRICAL_SURFACE('',#11921,0.000254);
#349=CYLINDRICAL_SURFACE('',#11925,0.0039878);
#350=CYLINDRICAL_SURFACE('',#11926,0.0021828125);
#351=OVER_RIDING_STYLED_ITEM('',(#10825),#10222,#10823);
#352=OVER_RIDING_STYLED_ITEM('',(#10826),#10223,#10823);
#353=OVER_RIDING_STYLED_ITEM('',(#10827),#10224,#10823);
#354=OVER_RIDING_STYLED_ITEM('',(#10828),#10225,#10823);
#355=OVER_RIDING_STYLED_ITEM('',(#10829),#10226,#10823);
#356=OVER_RIDING_STYLED_ITEM('',(#10830),#10227,#10823);
#357=OVER_RIDING_STYLED_ITEM('',(#10831),#10366,#10823);
#358=OVER_RIDING_STYLED_ITEM('',(#10832),#10367,#10823);
#359=OVER_RIDING_STYLED_ITEM('',(#10833),#10368,#10823);
#360=OVER_RIDING_STYLED_ITEM('',(#10834),#10369,#10823);
#361=OVER_RIDING_STYLED_ITEM('',(#10835),#10459,#10823);
#362=OVER_RIDING_STYLED_ITEM('',(#10836),#10462,#10823);
#363=DRAUGHTING_PRE_DEFINED_COLOUR('red');
#364=CIRCLE('',#10908,0.000508);
#365=CIRCLE('',#10909,0.000508);
#366=CIRCLE('',#10910,0.000508);
#367=CIRCLE('',#10911,0.00876299999999988);
#368=CIRCLE('',#10912,0.000508);
#369=CIRCLE('',#10913,0.000508);
#370=CIRCLE('',#10914,0.000508);
#371=CIRCLE('',#10915,0.00876300000000075);
#372=CIRCLE('',#10916,0.000508);
#373=CIRCLE('',#10917,0.000508);
#374=CIRCLE('',#10918,0.00876300000000041);
#375=CIRCLE('',#10919,0.000508000000000935);
#376=CIRCLE('',#10920,0.000508);
#377=CIRCLE('',#10921,0.000508);
#378=CIRCLE('',#10922,0.000508);
#379=CIRCLE('',#10923,0.00508);
#380=CIRCLE('',#10924,0.00508);
#381=CIRCLE('',#10925,0.00508000000000105);
#382=CIRCLE('',#10929,0.00228600000000031);
#383=CIRCLE('',#10930,0.0191516000074511);
#384=CIRCLE('',#10931,0.0166751);
#385=CIRCLE('',#10932,0.0141351);
#386=CIRCLE('',#10934,0.00228600000000036);
#387=CIRCLE('',#10935,0.0191516000076022);
#388=CIRCLE('',#10937,0.00228599999999941);
#389=CIRCLE('',#10938,0.0191516000078703);
#390=CIRCLE('',#10939,0.0141351);
#391=CIRCLE('',#10940,0.0166751);
#392=CIRCLE('',#11195,0.0166751);
#393=CIRCLE('',#11198,0.0141351);
#394=CIRCLE('',#11204,0.0166751);
#395=CIRCLE('',#11205,0.0141351);
#396=CIRCLE('',#11212,0.000254);
#397=CIRCLE('',#11214,0.00254);
#398=CIRCLE('',#11215,0.000254);
#399=CIRCLE('',#11219,0.0194056);
#400=CIRCLE('',#11223,0.000254);
#401=CIRCLE('',#11225,0.0194056);
#402=CIRCLE('',#11226,0.0194056);
#403=CIRCLE('',#11227,0.0194056);
#404=CIRCLE('',#11228,0.0194056);
#405=CIRCLE('',#11229,0.0194056);
#406=CIRCLE('',#11230,0.0194056);
#407=CIRCLE('',#11231,0.0194056);
#408=CIRCLE('',#11233,0.000254);
#409=CIRCLE('',#11234,0.00254);
#410=CIRCLE('',#11235,0.00254);
#411=CIRCLE('',#11236,0.000254);
#412=CIRCLE('',#11237,0.0194056);
#413=CIRCLE('',#11239,0.000254);
#414=CIRCLE('',#11240,0.00254);
#415=CIRCLE('',#11241,0.00254);
#416=CIRCLE('',#11243,0.000254);
#417=CIRCLE('',#11244,0.00254);
#418=CIRCLE('',#11245,0.00254);
#419=CIRCLE('',#11246,0.000254);
#420=CIRCLE('',#11248,0.0194056);
#421=CIRCLE('',#11250,0.0166751);
#422=CIRCLE('',#11251,0.0166751);
#423=CIRCLE('',#11253,0.0166751);
#424=CIRCLE('',#11255,0.0166751);
#425=CIRCLE('',#11257,0.000254);
#426=CIRCLE('',#11258,0.0149733);
#427=CIRCLE('',#11259,0.000254);
#428=CIRCLE('',#11260,0.0154178);
#429=CIRCLE('',#11261,0.000254);
#430=CIRCLE('',#11262,0.0149733);
#431=CIRCLE('',#11263,0.000254);
#432=CIRCLE('',#11264,0.0154178);
#433=CIRCLE('',#11265,0.000254);
#434=CIRCLE('',#11266,0.0149733);
#435=CIRCLE('',#11267,0.000254);
#436=CIRCLE('',#11268,0.0154178);
#437=CIRCLE('',#11270,0.0154178);
#438=CIRCLE('',#11272,0.000254);
#439=CIRCLE('',#11274,0.000254);
#440=CIRCLE('',#11276,0.0153434051224207);
#441=CIRCLE('',#11277,0.000254);
#442=CIRCLE('',#11279,0.000254);
#443=CIRCLE('',#11283,0.0149733);
#444=CIRCLE('',#11285,0.0149733);
#445=CIRCLE('',#11287,0.0149733);
#446=CIRCLE('',#11289,0.000254);
#447=CIRCLE('',#11291,0.000508000000000124);
#448=CIRCLE('',#11292,0.005334);
#449=CIRCLE('',#11293,0.00050800000000012);
#450=CIRCLE('',#11295,0.000508);
#451=CIRCLE('',#11296,0.005334);
#452=CIRCLE('',#11297,0.000508000000000122);
#453=CIRCLE('',#11299,0.000508000000000124);
#454=CIRCLE('',#11300,0.005334);
#455=CIRCLE('',#11301,0.000508);
#456=CIRCLE('',#11303,0.000254);
#457=CIRCLE('',#11306,0.000254);
#458=CIRCLE('',#11307,0.000254);
#459=CIRCLE('',#11309,0.000508);
#460=CIRCLE('',#11310,0.000508);
#461=CIRCLE('',#11311,0.004826);
#462=CIRCLE('',#11312,0.000508);
#463=CIRCLE('',#11313,0.000508);
#464=CIRCLE('',#11314,0.013077389755171);
#465=CIRCLE('',#11315,0.00050799999989332);
#466=CIRCLE('',#11316,0.000508000000000629);
#467=CIRCLE('',#11317,0.00482600000013378);
#468=CIRCLE('',#11318,0.000508);
#469=CIRCLE('',#11319,0.000507999999893296);
#470=CIRCLE('',#11320,0.0130773897551714);
#471=CIRCLE('',#11321,0.000507999999894396);
#472=CIRCLE('',#11322,0.000508000000000128);
#473=CIRCLE('',#11323,0.00482600000013349);
#474=CIRCLE('',#11324,0.000508);
#475=CIRCLE('',#11325,0.000507999999893034);
#476=CIRCLE('',#11326,0.0130773897551573);
#477=CIRCLE('',#11327,0.00508);
#478=CIRCLE('',#11328,0.00508);
#479=CIRCLE('',#11329,0.00508);
#480=CIRCLE('',#11330,0.0042418);
#481=CIRCLE('',#11331,0.0042418);
#482=CIRCLE('',#11334,0.00508);
#483=CIRCLE('',#11340,0.00508);
#484=CIRCLE('',#11346,0.00508);
#485=CIRCLE('',#11351,0.000254);
#486=CIRCLE('',#11352,0.000254);
#487=CIRCLE('',#11356,0.0132569948775769);
#488=CIRCLE('',#11359,0.000254);
#489=CIRCLE('',#11360,0.000254);
#490=CIRCLE('',#11362,0.000254);
#491=CIRCLE('',#11365,0.000254);
#492=CIRCLE('',#11367,0.000254);
#493=CIRCLE('',#11368,0.000254);
#494=CIRCLE('',#11370,0.000254);
#495=CIRCLE('',#11372,0.000254);
#496=CIRCLE('',#11374,0.000254);
#497=CIRCLE('',#11376,0.000254);
#498=CIRCLE('',#11377,0.000254);
#499=CIRCLE('',#11379,0.000254);
#500=CIRCLE('',#11381,0.000254);
#501=CIRCLE('',#11382,0.000254);
#502=CIRCLE('',#11386,0.000254);
#503=CIRCLE('',#11389,0.000254);
#504=CIRCLE('',#11391,0.000254);
#505=CIRCLE('',#11392,0.000254);
#506=CIRCLE('',#11394,0.000254);
#507=CIRCLE('',#11396,0.000254);
#508=CIRCLE('',#11398,0.000254);
#509=CIRCLE('',#11399,0.00508);
#510=CIRCLE('',#11401,0.00508);
#511=CIRCLE('',#11402,0.00508);
#512=CIRCLE('',#11404,0.00508);
#513=CIRCLE('',#11406,0.00508);
#514=CIRCLE('',#11407,0.00508);
#515=CIRCLE('',#11409,0.000254);
#516=CIRCLE('',#11410,0.000254);
#517=CIRCLE('',#11412,0.000254);
#518=CIRCLE('',#11413,0.000254);
#519=CIRCLE('',#11415,0.000254);
#520=CIRCLE('',#11417,0.000254);
#521=CIRCLE('',#11418,0.000254);
#522=CIRCLE('',#11420,0.000254);
#523=CIRCLE('',#11422,0.000254);
#524=CIRCLE('',#11423,0.000254);
#525=CIRCLE('',#11425,0.000254);
#526=CIRCLE('',#11427,0.000254);
#527=CIRCLE('',#11429,0.000254);
#528=CIRCLE('',#11432,0.000254);
#529=CIRCLE('',#11433,0.000254);
#530=CIRCLE('',#11435,0.000254);
#531=CIRCLE('',#11437,0.000254);
#532=CIRCLE('',#11440,0.000254);
#533=CIRCLE('',#11441,0.000254);
#534=CIRCLE('',#11443,0.000254);
#535=CIRCLE('',#11445,0.000254);
#536=CIRCLE('',#11449,0.000254);
#537=CIRCLE('',#11451,0.013256994877577);
#538=CIRCLE('',#11452,0.000254);
#539=CIRCLE('',#11454,0.000254);
#540=CIRCLE('',#11456,0.000254);
#541=CIRCLE('',#11458,0.000254);
#542=CIRCLE('',#11459,0.000254);
#543=CIRCLE('',#11461,0.000254);
#544=CIRCLE('',#11464,0.000254);
#545=CIRCLE('',#11466,0.000254);
#546=CIRCLE('',#11467,0.000254);
#547=CIRCLE('',#11469,0.000254);
#548=CIRCLE('',#11471,0.000254);
#549=CIRCLE('',#11472,0.000254);
#550=CIRCLE('',#11474,0.000254);
#551=CIRCLE('',#11476,0.000254);
#552=CIRCLE('',#11477,0.000254);
#553=CIRCLE('',#11479,0.000254);
#554=CIRCLE('',#11481,0.000254);
#555=CIRCLE('',#11482,0.000254);
#556=CIRCLE('',#11484,0.000254);
#557=CIRCLE('',#11486,0.000254);
#558=CIRCLE('',#11487,0.000254);
#559=CIRCLE('',#11489,0.000254);
#560=CIRCLE('',#11492,0.000254);
#561=CIRCLE('',#11494,0.000254);
#562=CIRCLE('',#11496,0.0153434051224212);
#563=CIRCLE('',#11497,0.0154178);
#564=CIRCLE('',#11498,0.000254);
#565=CIRCLE('',#11500,0.000254);
#566=CIRCLE('',#11503,0.0132569948775768);
#567=CIRCLE('',#11506,0.000254);
#568=CIRCLE('',#11507,0.000254);
#569=CIRCLE('',#11509,0.000254);
#570=CIRCLE('',#11515,0.000254);
#571=CIRCLE('',#11517,0.000254);
#572=CIRCLE('',#11519,0.000254);
#573=CIRCLE('',#11521,0.000254);
#574=CIRCLE('',#11522,0.000254);
#575=CIRCLE('',#11527,0.000254);
#576=CIRCLE('',#11529,0.000254);
#577=CIRCLE('',#11530,0.000254);
#578=CIRCLE('',#11533,0.000254);
#579=CIRCLE('',#11535,0.000254);
#580=CIRCLE('',#11536,0.000254);
#581=CIRCLE('',#11540,0.000254);
#582=CIRCLE('',#11542,0.000254);
#583=CIRCLE('',#11543,0.000254);
#584=CIRCLE('',#11546,0.000254);
#585=CIRCLE('',#11548,0.000254);
#586=CIRCLE('',#11552,0.000254);
#587=CIRCLE('',#11554,0.0154178);
#588=CIRCLE('',#11556,0.000254);
#589=CIRCLE('',#11558,0.000254);
#590=CIRCLE('',#11560,0.000254);
#591=CIRCLE('',#11561,0.015343405122421);
#592=CIRCLE('',#11566,0.000254);
#593=CIRCLE('',#11568,0.000254);
#594=CIRCLE('',#11570,0.000254);
#595=CIRCLE('',#11572,0.000254);
#596=CIRCLE('',#11575,0.000254);
#597=CIRCLE('',#11577,0.000254);
#598=CIRCLE('',#11578,0.000254);
#599=CIRCLE('',#11580,0.000254);
#600=CIRCLE('',#11582,0.000254);
#601=CIRCLE('',#11583,0.000254);
#602=CIRCLE('',#11585,0.000254);
#603=CIRCLE('',#11588,0.000254);
#604=CIRCLE('',#11590,0.000254);
#605=CIRCLE('',#11591,0.000254);
#606=CIRCLE('',#11594,0.000254);
#607=CIRCLE('',#11599,0.000254);
#608=CIRCLE('',#11601,0.000254);
#609=CIRCLE('',#11602,0.000254);
#610=CIRCLE('',#11604,0.000254);
#611=CIRCLE('',#11606,0.000254);
#612=CIRCLE('',#11608,0.000254);
#613=CIRCLE('',#11611,0.000254);
#614=CIRCLE('',#11613,0.000254);
#615=CIRCLE('',#11614,0.000254);
#616=CIRCLE('',#11616,0.000254);
#617=CIRCLE('',#11618,0.000254);
#618=CIRCLE('',#11620,0.000254);
#619=CIRCLE('',#11623,0.000254);
#620=CIRCLE('',#11625,0.000254);
#621=CIRCLE('',#11627,0.000254);
#622=CIRCLE('',#11630,0.000254);
#623=CIRCLE('',#11631,0.0039878);
#624=CIRCLE('',#11632,0.000254);
#625=CIRCLE('',#11634,0.0039878);
#626=CIRCLE('',#11636,0.0039878);
#627=CIRCLE('',#11638,0.000254);
#628=CIRCLE('',#11639,0.000254);
#629=CIRCLE('',#11640,0.00373379999999995);
#630=CIRCLE('',#11642,0.0021828125);
#631=CIRCLE('',#11643,0.00373379999999995);
#632=CIRCLE('',#11645,0.0021828125);
#633=CIRCLE('',#11647,0.00254);
#634=CIRCLE('',#11648,0.00254);
#635=CIRCLE('',#11650,0.00254);
#636=CIRCLE('',#11651,0.00254);
#637=CIRCLE('',#11653,0.00254);
#638=CIRCLE('',#11655,0.00254);
#639=CIRCLE('',#11656,0.00254);
#640=CIRCLE('',#11658,0.00254);
#641=CIRCLE('',#11661,0.000254);
#642=CIRCLE('',#11666,0.000254);
#643=CIRCLE('',#11668,0.00254);
#644=CIRCLE('',#11670,0.00254);
#645=CIRCLE('',#11672,0.00254);
#646=CIRCLE('',#11674,0.00254);
#647=CIRCLE('',#11678,0.00254);
#648=CIRCLE('',#11679,0.00254);
#649=CIRCLE('',#11681,0.00254);
#650=CIRCLE('',#11683,0.00254);
#651=CIRCLE('',#11685,0.00254);
#652=CIRCLE('',#11686,0.00254);
#653=CIRCLE('',#11688,0.00254);
#654=CIRCLE('',#11691,0.000254);
#655=CIRCLE('',#11696,0.000254);
#656=CIRCLE('',#11698,0.00254);
#657=CIRCLE('',#11700,0.00254);
#658=CIRCLE('',#11702,0.00254);
#659=CIRCLE('',#11704,0.00254);
#660=CIRCLE('',#11708,0.00254);
#661=CIRCLE('',#11709,0.00254);
#662=CIRCLE('',#11711,0.00254);
#663=CIRCLE('',#11713,0.00254);
#664=CIRCLE('',#11715,0.00254);
#665=CIRCLE('',#11716,0.00254);
#666=CIRCLE('',#11718,0.00254);
#667=CIRCLE('',#11720,0.00254);
#668=CIRCLE('',#11725,0.00254);
#669=CIRCLE('',#11728,0.00254);
#670=CIRCLE('',#11730,0.00254);
#671=CIRCLE('',#11732,0.00254);
#672=CIRCLE('',#11734,0.00254);
#673=CIRCLE('',#11739,0.00254);
#674=CIRCLE('',#11742,0.00254);
#675=CIRCLE('',#11744,0.00254);
#676=CIRCLE('',#11746,0.00254);
#677=CIRCLE('',#11748,0.00254);
#678=CIRCLE('',#11753,0.00254);
#679=CIRCLE('',#11756,0.00254);
#680=CIRCLE('',#11758,0.00254);
#681=CIRCLE('',#11759,0.00254);
#682=CIRCLE('',#11761,0.00254);
#683=CIRCLE('',#11765,0.00254);
#684=CIRCLE('',#11768,0.000254);
#685=CIRCLE('',#11769,0.000254);
#686=CIRCLE('',#11770,0.000254);
#687=CIRCLE('',#11772,0.009017);
#688=CIRCLE('',#11773,0.000254);
#689=CIRCLE('',#11775,0.000254);
#690=CIRCLE('',#11776,0.000254);
#691=CIRCLE('',#11778,0.000254);
#692=CIRCLE('',#11780,0.000254);
#693=CIRCLE('',#11781,0.000254);
#694=CIRCLE('',#11783,0.000254);
#695=CIRCLE('',#11785,0.000254);
#696=CIRCLE('',#11786,0.000254);
#697=CIRCLE('',#11790,0.000254);
#698=CIRCLE('',#11792,0.009017);
#699=CIRCLE('',#11794,0.000254);
#700=CIRCLE('',#11797,0.000254);
#701=CIRCLE('',#11800,0.000254);
#702=CIRCLE('',#11802,0.000254);
#703=CIRCLE('',#11803,0.000254);
#704=CIRCLE('',#11805,0.000254);
#705=CIRCLE('',#11807,0.009271);
#706=CIRCLE('',#11809,0.009271);
#707=CIRCLE('',#11811,0.009271);
#708=CIRCLE('',#11813,0.000254);
#709=CIRCLE('',#11814,0.000254);
#710=CIRCLE('',#11817,0.000254);
#711=CIRCLE('',#11819,0.000254);
#712=CIRCLE('',#11821,0.000254);
#713=CIRCLE('',#11824,0.000254);
#714=CIRCLE('',#11825,0.000254);
#715=CIRCLE('',#11827,0.000254);
#716=CIRCLE('',#11828,0.000254);
#717=CIRCLE('',#11830,0.000254);
#718=CIRCLE('',#11832,0.000254);
#719=CIRCLE('',#11833,0.000254);
#720=CIRCLE('',#11835,0.000254);
#721=CIRCLE('',#11837,0.000254);
#722=CIRCLE('',#11838,0.000254);
#723=CIRCLE('',#11840,0.000254);
#724=CIRCLE('',#11842,0.000254);
#725=CIRCLE('',#11843,0.000254);
#726=CIRCLE('',#11845,0.009017);
#727=CIRCLE('',#11846,0.000254);
#728=CIRCLE('',#11848,0.000254);
#729=CIRCLE('',#11849,0.000254);
#730=CIRCLE('',#11853,0.000254);
#731=CIRCLE('',#11855,0.000254);
#732=CIRCLE('',#11856,0.000254);
#733=CIRCLE('',#11859,0.009017);
#734=CIRCLE('',#11861,0.000254);
#735=CIRCLE('',#11863,0.000254);
#736=CIRCLE('',#11864,0.000254);
#737=CIRCLE('',#11868,0.000254);
#738=CIRCLE('',#11870,0.000254);
#739=CIRCLE('',#11874,0.000254);
#740=CIRCLE('',#11875,0.000254);
#741=CIRCLE('',#11877,0.000254);
#742=CIRCLE('',#11878,0.000254);
#743=CIRCLE('',#11880,0.000254);
#744=CIRCLE('',#11882,0.000254);
#745=CIRCLE('',#11883,0.000254);
#746=CIRCLE('',#11885,0.000254);
#747=CIRCLE('',#11887,0.000254);
#748=CIRCLE('',#11888,0.000254);
#749=CIRCLE('',#11890,0.000254);
#750=CIRCLE('',#11892,0.000254);
#751=CIRCLE('',#11893,0.000254);
#752=CIRCLE('',#11895,0.000254);
#753=CIRCLE('',#11897,0.000254);
#754=CIRCLE('',#11898,0.000254);
#755=CIRCLE('',#11900,0.009017);
#756=CIRCLE('',#11902,0.009017);
#757=CIRCLE('',#11904,0.000254);
#758=CIRCLE('',#11906,0.000254);
#759=CIRCLE('',#11907,0.000254);
#760=CIRCLE('',#11911,0.000254);
#761=CIRCLE('',#11913,0.000254);
#762=CIRCLE('',#11914,0.000254);
#763=CIRCLE('',#11918,0.000254);
#764=CIRCLE('',#11920,0.000254);
#765=CIRCLE('',#11924,0.0039878);
#766=ORIENTED_EDGE('',*,*,#3864,.T.);
#767=ORIENTED_EDGE('',*,*,#3865,.T.);
#768=ORIENTED_EDGE('',*,*,#3866,.T.);
#769=ORIENTED_EDGE('',*,*,#3867,.T.);
#770=ORIENTED_EDGE('',*,*,#3868,.T.);
#771=ORIENTED_EDGE('',*,*,#3869,.T.);
#772=ORIENTED_EDGE('',*,*,#3870,.T.);
#773=ORIENTED_EDGE('',*,*,#3871,.T.);
#774=ORIENTED_EDGE('',*,*,#3872,.T.);
#775=ORIENTED_EDGE('',*,*,#3873,.T.);
#776=ORIENTED_EDGE('',*,*,#3874,.T.);
#777=ORIENTED_EDGE('',*,*,#3875,.T.);
#778=ORIENTED_EDGE('',*,*,#3876,.T.);
#779=ORIENTED_EDGE('',*,*,#3877,.T.);
#780=ORIENTED_EDGE('',*,*,#3878,.T.);
#781=ORIENTED_EDGE('',*,*,#3879,.T.);
#782=ORIENTED_EDGE('',*,*,#3880,.T.);
#783=ORIENTED_EDGE('',*,*,#3881,.T.);
#784=ORIENTED_EDGE('',*,*,#3882,.T.);
#785=ORIENTED_EDGE('',*,*,#3883,.T.);
#786=ORIENTED_EDGE('',*,*,#3884,.T.);
#787=ORIENTED_EDGE('',*,*,#3885,.T.);
#788=ORIENTED_EDGE('',*,*,#3886,.T.);
#789=ORIENTED_EDGE('',*,*,#3887,.T.);
#790=ORIENTED_EDGE('',*,*,#3888,.T.);
#791=ORIENTED_EDGE('',*,*,#3889,.F.);
#792=ORIENTED_EDGE('',*,*,#3890,.F.);
#793=ORIENTED_EDGE('',*,*,#3891,.F.);
#794=ORIENTED_EDGE('',*,*,#3892,.T.);
#795=ORIENTED_EDGE('',*,*,#3893,.F.);
#796=ORIENTED_EDGE('',*,*,#3894,.F.);
#797=ORIENTED_EDGE('',*,*,#3895,.F.);
#798=ORIENTED_EDGE('',*,*,#3896,.T.);
#799=ORIENTED_EDGE('',*,*,#3897,.T.);
#800=ORIENTED_EDGE('',*,*,#3898,.T.);
#801=ORIENTED_EDGE('',*,*,#3899,.T.);
#802=ORIENTED_EDGE('',*,*,#3900,.T.);
#803=ORIENTED_EDGE('',*,*,#3901,.T.);
#804=ORIENTED_EDGE('',*,*,#3902,.T.);
#805=ORIENTED_EDGE('',*,*,#3903,.T.);
#806=ORIENTED_EDGE('',*,*,#3904,.T.);
#807=ORIENTED_EDGE('',*,*,#3905,.T.);
#808=ORIENTED_EDGE('',*,*,#3906,.T.);
#809=ORIENTED_EDGE('',*,*,#3907,.T.);
#810=ORIENTED_EDGE('',*,*,#3908,.F.);
#811=ORIENTED_EDGE('',*,*,#3909,.F.);
#812=ORIENTED_EDGE('',*,*,#3910,.F.);
#813=ORIENTED_EDGE('',*,*,#3911,.F.);
#814=ORIENTED_EDGE('',*,*,#3912,.F.);
#815=ORIENTED_EDGE('',*,*,#3913,.F.);
#816=ORIENTED_EDGE('',*,*,#3914,.F.);
#817=ORIENTED_EDGE('',*,*,#3915,.F.);
#818=ORIENTED_EDGE('',*,*,#3916,.F.);
#819=ORIENTED_EDGE('',*,*,#3917,.F.);
#820=ORIENTED_EDGE('',*,*,#3918,.F.);
#821=ORIENTED_EDGE('',*,*,#3919,.F.);
#822=ORIENTED_EDGE('',*,*,#3920,.F.);
#823=ORIENTED_EDGE('',*,*,#3921,.F.);
#824=ORIENTED_EDGE('',*,*,#3922,.F.);
#825=ORIENTED_EDGE('',*,*,#3923,.F.);
#826=ORIENTED_EDGE('',*,*,#3924,.F.);
#827=ORIENTED_EDGE('',*,*,#3925,.F.);
#828=ORIENTED_EDGE('',*,*,#3926,.F.);
#829=ORIENTED_EDGE('',*,*,#3927,.F.);
#830=ORIENTED_EDGE('',*,*,#3928,.F.);
#831=ORIENTED_EDGE('',*,*,#3929,.F.);
#832=ORIENTED_EDGE('',*,*,#3930,.F.);
#833=ORIENTED_EDGE('',*,*,#3931,.F.);
#834=ORIENTED_EDGE('',*,*,#3932,.F.);
#835=ORIENTED_EDGE('',*,*,#3933,.F.);
#836=ORIENTED_EDGE('',*,*,#3934,.F.);
#837=ORIENTED_EDGE('',*,*,#3935,.F.);
#838=ORIENTED_EDGE('',*,*,#3936,.F.);
#839=ORIENTED_EDGE('',*,*,#3937,.F.);
#840=ORIENTED_EDGE('',*,*,#3938,.F.);
#841=ORIENTED_EDGE('',*,*,#3939,.F.);
#842=ORIENTED_EDGE('',*,*,#3940,.F.);
#843=ORIENTED_EDGE('',*,*,#3941,.F.);
#844=ORIENTED_EDGE('',*,*,#3942,.F.);
#845=ORIENTED_EDGE('',*,*,#3943,.F.);
#846=ORIENTED_EDGE('',*,*,#3944,.F.);
#847=ORIENTED_EDGE('',*,*,#3945,.F.);
#848=ORIENTED_EDGE('',*,*,#3946,.F.);
#849=ORIENTED_EDGE('',*,*,#3947,.F.);
#850=ORIENTED_EDGE('',*,*,#3948,.F.);
#851=ORIENTED_EDGE('',*,*,#3949,.F.);
#852=ORIENTED_EDGE('',*,*,#3950,.F.);
#853=ORIENTED_EDGE('',*,*,#3951,.F.);
#854=ORIENTED_EDGE('',*,*,#3952,.F.);
#855=ORIENTED_EDGE('',*,*,#3953,.F.);
#856=ORIENTED_EDGE('',*,*,#3954,.F.);
#857=ORIENTED_EDGE('',*,*,#3955,.F.);
#858=ORIENTED_EDGE('',*,*,#3956,.T.);
#859=ORIENTED_EDGE('',*,*,#3957,.F.);
#860=ORIENTED_EDGE('',*,*,#3958,.F.);
#861=ORIENTED_EDGE('',*,*,#3959,.F.);
#862=ORIENTED_EDGE('',*,*,#3960,.F.);
#863=ORIENTED_EDGE('',*,*,#3961,.F.);
#864=ORIENTED_EDGE('',*,*,#3962,.F.);
#865=ORIENTED_EDGE('',*,*,#3963,.F.);
#866=ORIENTED_EDGE('',*,*,#3964,.F.);
#867=ORIENTED_EDGE('',*,*,#3965,.F.);
#868=ORIENTED_EDGE('',*,*,#3966,.F.);
#869=ORIENTED_EDGE('',*,*,#3967,.F.);
#870=ORIENTED_EDGE('',*,*,#3968,.F.);
#871=ORIENTED_EDGE('',*,*,#3969,.F.);
#872=ORIENTED_EDGE('',*,*,#3970,.F.);
#873=ORIENTED_EDGE('',*,*,#3971,.F.);
#874=ORIENTED_EDGE('',*,*,#3972,.F.);
#875=ORIENTED_EDGE('',*,*,#3973,.F.);
#876=ORIENTED_EDGE('',*,*,#3974,.F.);
#877=ORIENTED_EDGE('',*,*,#3975,.F.);
#878=ORIENTED_EDGE('',*,*,#3976,.F.);
#879=ORIENTED_EDGE('',*,*,#3977,.F.);
#880=ORIENTED_EDGE('',*,*,#3978,.F.);
#881=ORIENTED_EDGE('',*,*,#3979,.F.);
#882=ORIENTED_EDGE('',*,*,#3980,.F.);
#883=ORIENTED_EDGE('',*,*,#3981,.F.);
#884=ORIENTED_EDGE('',*,*,#3982,.F.);
#885=ORIENTED_EDGE('',*,*,#3983,.F.);
#886=ORIENTED_EDGE('',*,*,#3984,.F.);
#887=ORIENTED_EDGE('',*,*,#3985,.F.);
#888=ORIENTED_EDGE('',*,*,#3986,.F.);
#889=ORIENTED_EDGE('',*,*,#3987,.F.);
#890=ORIENTED_EDGE('',*,*,#3988,.F.);
#891=ORIENTED_EDGE('',*,*,#3989,.F.);
#892=ORIENTED_EDGE('',*,*,#3990,.F.);
#893=ORIENTED_EDGE('',*,*,#3991,.F.);
#894=ORIENTED_EDGE('',*,*,#3992,.F.);
#895=ORIENTED_EDGE('',*,*,#3993,.F.);
#896=ORIENTED_EDGE('',*,*,#3994,.F.);
#897=ORIENTED_EDGE('',*,*,#3995,.F.);
#898=ORIENTED_EDGE('',*,*,#3996,.F.);
#899=ORIENTED_EDGE('',*,*,#3997,.F.);
#900=ORIENTED_EDGE('',*,*,#3998,.F.);
#901=ORIENTED_EDGE('',*,*,#3999,.F.);
#902=ORIENTED_EDGE('',*,*,#4000,.F.);
#903=ORIENTED_EDGE('',*,*,#4001,.F.);
#904=ORIENTED_EDGE('',*,*,#4002,.F.);
#905=ORIENTED_EDGE('',*,*,#4003,.F.);
#906=ORIENTED_EDGE('',*,*,#4004,.F.);
#907=ORIENTED_EDGE('',*,*,#4005,.F.);
#908=ORIENTED_EDGE('',*,*,#4006,.F.);
#909=ORIENTED_EDGE('',*,*,#4007,.F.);
#910=ORIENTED_EDGE('',*,*,#4008,.F.);
#911=ORIENTED_EDGE('',*,*,#4009,.F.);
#912=ORIENTED_EDGE('',*,*,#4010,.F.);
#913=ORIENTED_EDGE('',*,*,#4011,.F.);
#914=ORIENTED_EDGE('',*,*,#4012,.F.);
#915=ORIENTED_EDGE('',*,*,#4013,.F.);
#916=ORIENTED_EDGE('',*,*,#4014,.F.);
#917=ORIENTED_EDGE('',*,*,#4015,.F.);
#918=ORIENTED_EDGE('',*,*,#4016,.F.);
#919=ORIENTED_EDGE('',*,*,#4017,.F.);
#920=ORIENTED_EDGE('',*,*,#4018,.F.);
#921=ORIENTED_EDGE('',*,*,#4019,.F.);
#922=ORIENTED_EDGE('',*,*,#4020,.F.);
#923=ORIENTED_EDGE('',*,*,#4021,.F.);
#924=ORIENTED_EDGE('',*,*,#4022,.F.);
#925=ORIENTED_EDGE('',*,*,#4023,.F.);
#926=ORIENTED_EDGE('',*,*,#4024,.F.);
#927=ORIENTED_EDGE('',*,*,#4025,.F.);
#928=ORIENTED_EDGE('',*,*,#4026,.F.);
#929=ORIENTED_EDGE('',*,*,#4027,.F.);
#930=ORIENTED_EDGE('',*,*,#4028,.F.);
#931=ORIENTED_EDGE('',*,*,#4029,.F.);
#932=ORIENTED_EDGE('',*,*,#4030,.F.);
#933=ORIENTED_EDGE('',*,*,#4031,.F.);
#934=ORIENTED_EDGE('',*,*,#4032,.F.);
#935=ORIENTED_EDGE('',*,*,#4033,.F.);
#936=ORIENTED_EDGE('',*,*,#4034,.F.);
#937=ORIENTED_EDGE('',*,*,#4035,.F.);
#938=ORIENTED_EDGE('',*,*,#4036,.F.);
#939=ORIENTED_EDGE('',*,*,#4037,.F.);
#940=ORIENTED_EDGE('',*,*,#4038,.F.);
#941=ORIENTED_EDGE('',*,*,#4039,.F.);
#942=ORIENTED_EDGE('',*,*,#4040,.F.);
#943=ORIENTED_EDGE('',*,*,#4041,.F.);
#944=ORIENTED_EDGE('',*,*,#4042,.F.);
#945=ORIENTED_EDGE('',*,*,#4043,.F.);
#946=ORIENTED_EDGE('',*,*,#4044,.F.);
#947=ORIENTED_EDGE('',*,*,#4045,.F.);
#948=ORIENTED_EDGE('',*,*,#4046,.F.);
#949=ORIENTED_EDGE('',*,*,#4047,.F.);
#950=ORIENTED_EDGE('',*,*,#4048,.F.);
#951=ORIENTED_EDGE('',*,*,#4049,.F.);
#952=ORIENTED_EDGE('',*,*,#4050,.F.);
#953=ORIENTED_EDGE('',*,*,#4051,.F.);
#954=ORIENTED_EDGE('',*,*,#4052,.F.);
#955=ORIENTED_EDGE('',*,*,#4053,.F.);
#956=ORIENTED_EDGE('',*,*,#4054,.F.);
#957=ORIENTED_EDGE('',*,*,#4055,.F.);
#958=ORIENTED_EDGE('',*,*,#4056,.F.);
#959=ORIENTED_EDGE('',*,*,#4057,.F.);
#960=ORIENTED_EDGE('',*,*,#4058,.F.);
#961=ORIENTED_EDGE('',*,*,#4059,.F.);
#962=ORIENTED_EDGE('',*,*,#4060,.F.);
#963=ORIENTED_EDGE('',*,*,#4061,.F.);
#964=ORIENTED_EDGE('',*,*,#4062,.F.);
#965=ORIENTED_EDGE('',*,*,#4063,.F.);
#966=ORIENTED_EDGE('',*,*,#4064,.F.);
#967=ORIENTED_EDGE('',*,*,#4065,.F.);
#968=ORIENTED_EDGE('',*,*,#4066,.F.);
#969=ORIENTED_EDGE('',*,*,#4067,.F.);
#970=ORIENTED_EDGE('',*,*,#4068,.F.);
#971=ORIENTED_EDGE('',*,*,#4069,.F.);
#972=ORIENTED_EDGE('',*,*,#4070,.F.);
#973=ORIENTED_EDGE('',*,*,#4071,.F.);
#974=ORIENTED_EDGE('',*,*,#4072,.F.);
#975=ORIENTED_EDGE('',*,*,#4073,.F.);
#976=ORIENTED_EDGE('',*,*,#4074,.F.);
#977=ORIENTED_EDGE('',*,*,#4075,.F.);
#978=ORIENTED_EDGE('',*,*,#4076,.F.);
#979=ORIENTED_EDGE('',*,*,#4077,.F.);
#980=ORIENTED_EDGE('',*,*,#4078,.F.);
#981=ORIENTED_EDGE('',*,*,#4079,.F.);
#982=ORIENTED_EDGE('',*,*,#4080,.F.);
#983=ORIENTED_EDGE('',*,*,#4081,.F.);
#984=ORIENTED_EDGE('',*,*,#4082,.F.);
#985=ORIENTED_EDGE('',*,*,#4083,.F.);
#986=ORIENTED_EDGE('',*,*,#4084,.F.);
#987=ORIENTED_EDGE('',*,*,#4085,.T.);
#988=ORIENTED_EDGE('',*,*,#4086,.F.);
#989=ORIENTED_EDGE('',*,*,#4087,.T.);
#990=ORIENTED_EDGE('',*,*,#4088,.T.);
#991=ORIENTED_EDGE('',*,*,#4089,.T.);
#992=ORIENTED_EDGE('',*,*,#4090,.T.);
#993=ORIENTED_EDGE('',*,*,#4091,.T.);
#994=ORIENTED_EDGE('',*,*,#4092,.F.);
#995=ORIENTED_EDGE('',*,*,#4093,.F.);
#996=ORIENTED_EDGE('',*,*,#4094,.F.);
#997=ORIENTED_EDGE('',*,*,#4095,.F.);
#998=ORIENTED_EDGE('',*,*,#4096,.F.);
#999=ORIENTED_EDGE('',*,*,#4097,.F.);
#1000=ORIENTED_EDGE('',*,*,#4098,.F.);
#1001=ORIENTED_EDGE('',*,*,#4099,.F.);
#1002=ORIENTED_EDGE('',*,*,#4100,.F.);
#1003=ORIENTED_EDGE('',*,*,#4101,.F.);
#1004=ORIENTED_EDGE('',*,*,#4102,.F.);
#1005=ORIENTED_EDGE('',*,*,#4103,.F.);
#1006=ORIENTED_EDGE('',*,*,#4104,.F.);
#1007=ORIENTED_EDGE('',*,*,#4105,.F.);
#1008=ORIENTED_EDGE('',*,*,#4106,.F.);
#1009=ORIENTED_EDGE('',*,*,#4107,.F.);
#1010=ORIENTED_EDGE('',*,*,#4108,.F.);
#1011=ORIENTED_EDGE('',*,*,#4109,.F.);
#1012=ORIENTED_EDGE('',*,*,#4110,.F.);
#1013=ORIENTED_EDGE('',*,*,#4111,.F.);
#1014=ORIENTED_EDGE('',*,*,#4112,.F.);
#1015=ORIENTED_EDGE('',*,*,#4113,.F.);
#1016=ORIENTED_EDGE('',*,*,#4114,.F.);
#1017=ORIENTED_EDGE('',*,*,#4115,.F.);
#1018=ORIENTED_EDGE('',*,*,#4116,.F.);
#1019=ORIENTED_EDGE('',*,*,#4117,.F.);
#1020=ORIENTED_EDGE('',*,*,#4118,.F.);
#1021=ORIENTED_EDGE('',*,*,#4119,.F.);
#1022=ORIENTED_EDGE('',*,*,#4120,.F.);
#1023=ORIENTED_EDGE('',*,*,#4121,.F.);
#1024=ORIENTED_EDGE('',*,*,#4122,.F.);
#1025=ORIENTED_EDGE('',*,*,#4123,.F.);
#1026=ORIENTED_EDGE('',*,*,#4124,.F.);
#1027=ORIENTED_EDGE('',*,*,#4125,.F.);
#1028=ORIENTED_EDGE('',*,*,#4126,.F.);
#1029=ORIENTED_EDGE('',*,*,#4127,.F.);
#1030=ORIENTED_EDGE('',*,*,#4128,.F.);
#1031=ORIENTED_EDGE('',*,*,#4129,.F.);
#1032=ORIENTED_EDGE('',*,*,#4130,.F.);
#1033=ORIENTED_EDGE('',*,*,#4131,.F.);
#1034=ORIENTED_EDGE('',*,*,#4132,.F.);
#1035=ORIENTED_EDGE('',*,*,#4133,.F.);
#1036=ORIENTED_EDGE('',*,*,#4134,.F.);
#1037=ORIENTED_EDGE('',*,*,#4135,.F.);
#1038=ORIENTED_EDGE('',*,*,#4136,.F.);
#1039=ORIENTED_EDGE('',*,*,#4137,.F.);
#1040=ORIENTED_EDGE('',*,*,#4138,.F.);
#1041=ORIENTED_EDGE('',*,*,#4139,.F.);
#1042=ORIENTED_EDGE('',*,*,#4140,.F.);
#1043=ORIENTED_EDGE('',*,*,#4141,.F.);
#1044=ORIENTED_EDGE('',*,*,#4142,.F.);
#1045=ORIENTED_EDGE('',*,*,#4143,.F.);
#1046=ORIENTED_EDGE('',*,*,#4144,.F.);
#1047=ORIENTED_EDGE('',*,*,#4145,.F.);
#1048=ORIENTED_EDGE('',*,*,#4146,.F.);
#1049=ORIENTED_EDGE('',*,*,#4147,.F.);
#1050=ORIENTED_EDGE('',*,*,#4148,.F.);
#1051=ORIENTED_EDGE('',*,*,#4149,.F.);
#1052=ORIENTED_EDGE('',*,*,#4150,.F.);
#1053=ORIENTED_EDGE('',*,*,#4151,.F.);
#1054=ORIENTED_EDGE('',*,*,#4152,.F.);
#1055=ORIENTED_EDGE('',*,*,#4153,.F.);
#1056=ORIENTED_EDGE('',*,*,#4154,.F.);
#1057=ORIENTED_EDGE('',*,*,#4155,.F.);
#1058=ORIENTED_EDGE('',*,*,#4156,.F.);
#1059=ORIENTED_EDGE('',*,*,#4157,.F.);
#1060=ORIENTED_EDGE('',*,*,#4158,.F.);
#1061=ORIENTED_EDGE('',*,*,#4159,.F.);
#1062=ORIENTED_EDGE('',*,*,#4160,.F.);
#1063=ORIENTED_EDGE('',*,*,#4161,.F.);
#1064=ORIENTED_EDGE('',*,*,#4162,.F.);
#1065=ORIENTED_EDGE('',*,*,#4163,.F.);
#1066=ORIENTED_EDGE('',*,*,#4164,.F.);
#1067=ORIENTED_EDGE('',*,*,#4165,.F.);
#1068=ORIENTED_EDGE('',*,*,#4166,.F.);
#1069=ORIENTED_EDGE('',*,*,#4167,.F.);
#1070=ORIENTED_EDGE('',*,*,#4168,.F.);
#1071=ORIENTED_EDGE('',*,*,#4169,.F.);
#1072=ORIENTED_EDGE('',*,*,#4170,.F.);
#1073=ORIENTED_EDGE('',*,*,#4171,.F.);
#1074=ORIENTED_EDGE('',*,*,#4172,.F.);
#1075=ORIENTED_EDGE('',*,*,#4173,.F.);
#1076=ORIENTED_EDGE('',*,*,#4174,.T.);
#1077=ORIENTED_EDGE('',*,*,#4175,.F.);
#1078=ORIENTED_EDGE('',*,*,#4176,.F.);
#1079=ORIENTED_EDGE('',*,*,#3927,.T.);
#1080=ORIENTED_EDGE('',*,*,#4176,.T.);
#1081=ORIENTED_EDGE('',*,*,#4177,.F.);
#1082=ORIENTED_EDGE('',*,*,#4178,.F.);
#1083=ORIENTED_EDGE('',*,*,#3908,.T.);
#1084=ORIENTED_EDGE('',*,*,#4178,.T.);
#1085=ORIENTED_EDGE('',*,*,#4179,.F.);
#1086=ORIENTED_EDGE('',*,*,#4180,.F.);
#1087=ORIENTED_EDGE('',*,*,#3909,.T.);
#1088=ORIENTED_EDGE('',*,*,#4180,.T.);
#1089=ORIENTED_EDGE('',*,*,#4181,.F.);
#1090=ORIENTED_EDGE('',*,*,#4182,.F.);
#1091=ORIENTED_EDGE('',*,*,#3910,.T.);
#1092=ORIENTED_EDGE('',*,*,#4182,.T.);
#1093=ORIENTED_EDGE('',*,*,#4183,.F.);
#1094=ORIENTED_EDGE('',*,*,#4184,.F.);
#1095=ORIENTED_EDGE('',*,*,#3911,.T.);
#1096=ORIENTED_EDGE('',*,*,#4184,.T.);
#1097=ORIENTED_EDGE('',*,*,#4185,.F.);
#1098=ORIENTED_EDGE('',*,*,#4186,.F.);
#1099=ORIENTED_EDGE('',*,*,#3912,.T.);
#1100=ORIENTED_EDGE('',*,*,#4186,.T.);
#1101=ORIENTED_EDGE('',*,*,#4187,.F.);
#1102=ORIENTED_EDGE('',*,*,#4188,.F.);
#1103=ORIENTED_EDGE('',*,*,#3913,.T.);
#1104=ORIENTED_EDGE('',*,*,#4188,.T.);
#1105=ORIENTED_EDGE('',*,*,#4189,.F.);
#1106=ORIENTED_EDGE('',*,*,#4190,.F.);
#1107=ORIENTED_EDGE('',*,*,#3914,.T.);
#1108=ORIENTED_EDGE('',*,*,#4190,.T.);
#1109=ORIENTED_EDGE('',*,*,#4191,.F.);
#1110=ORIENTED_EDGE('',*,*,#4192,.F.);
#1111=ORIENTED_EDGE('',*,*,#3915,.T.);
#1112=ORIENTED_EDGE('',*,*,#4192,.T.);
#1113=ORIENTED_EDGE('',*,*,#4193,.F.);
#1114=ORIENTED_EDGE('',*,*,#4194,.F.);
#1115=ORIENTED_EDGE('',*,*,#3916,.T.);
#1116=ORIENTED_EDGE('',*,*,#4194,.T.);
#1117=ORIENTED_EDGE('',*,*,#4195,.F.);
#1118=ORIENTED_EDGE('',*,*,#4196,.F.);
#1119=ORIENTED_EDGE('',*,*,#3917,.T.);
#1120=ORIENTED_EDGE('',*,*,#4196,.T.);
#1121=ORIENTED_EDGE('',*,*,#4197,.F.);
#1122=ORIENTED_EDGE('',*,*,#4198,.F.);
#1123=ORIENTED_EDGE('',*,*,#3918,.T.);
#1124=ORIENTED_EDGE('',*,*,#4198,.T.);
#1125=ORIENTED_EDGE('',*,*,#4199,.F.);
#1126=ORIENTED_EDGE('',*,*,#4200,.F.);
#1127=ORIENTED_EDGE('',*,*,#3919,.T.);
#1128=ORIENTED_EDGE('',*,*,#4200,.T.);
#1129=ORIENTED_EDGE('',*,*,#4201,.F.);
#1130=ORIENTED_EDGE('',*,*,#4202,.F.);
#1131=ORIENTED_EDGE('',*,*,#3920,.T.);
#1132=ORIENTED_EDGE('',*,*,#4202,.T.);
#1133=ORIENTED_EDGE('',*,*,#4203,.F.);
#1134=ORIENTED_EDGE('',*,*,#4204,.F.);
#1135=ORIENTED_EDGE('',*,*,#3921,.T.);
#1136=ORIENTED_EDGE('',*,*,#4204,.T.);
#1137=ORIENTED_EDGE('',*,*,#4205,.F.);
#1138=ORIENTED_EDGE('',*,*,#4206,.F.);
#1139=ORIENTED_EDGE('',*,*,#3922,.T.);
#1140=ORIENTED_EDGE('',*,*,#4206,.T.);
#1141=ORIENTED_EDGE('',*,*,#4207,.F.);
#1142=ORIENTED_EDGE('',*,*,#4208,.F.);
#1143=ORIENTED_EDGE('',*,*,#3923,.T.);
#1144=ORIENTED_EDGE('',*,*,#4208,.T.);
#1145=ORIENTED_EDGE('',*,*,#4209,.F.);
#1146=ORIENTED_EDGE('',*,*,#4210,.F.);
#1147=ORIENTED_EDGE('',*,*,#3924,.T.);
#1148=ORIENTED_EDGE('',*,*,#4210,.T.);
#1149=ORIENTED_EDGE('',*,*,#4211,.F.);
#1150=ORIENTED_EDGE('',*,*,#4212,.F.);
#1151=ORIENTED_EDGE('',*,*,#3925,.T.);
#1152=ORIENTED_EDGE('',*,*,#4212,.T.);
#1153=ORIENTED_EDGE('',*,*,#4213,.F.);
#1154=ORIENTED_EDGE('',*,*,#4174,.F.);
#1155=ORIENTED_EDGE('',*,*,#3926,.T.);
#1156=ORIENTED_EDGE('',*,*,#4214,.T.);
#1157=ORIENTED_EDGE('',*,*,#4215,.T.);
#1158=ORIENTED_EDGE('',*,*,#4216,.T.);
#1159=ORIENTED_EDGE('',*,*,#4217,.T.);
#1160=ORIENTED_EDGE('',*,*,#4218,.T.);
#1161=ORIENTED_EDGE('',*,*,#4219,.T.);
#1162=ORIENTED_EDGE('',*,*,#4220,.T.);
#1163=ORIENTED_EDGE('',*,*,#4221,.T.);
#1164=ORIENTED_EDGE('',*,*,#4222,.T.);
#1165=ORIENTED_EDGE('',*,*,#4223,.T.);
#1166=ORIENTED_EDGE('',*,*,#4224,.T.);
#1167=ORIENTED_EDGE('',*,*,#4225,.T.);
#1168=ORIENTED_EDGE('',*,*,#4226,.T.);
#1169=ORIENTED_EDGE('',*,*,#4227,.T.);
#1170=ORIENTED_EDGE('',*,*,#4228,.T.);
#1171=ORIENTED_EDGE('',*,*,#4229,.T.);
#1172=ORIENTED_EDGE('',*,*,#4230,.T.);
#1173=ORIENTED_EDGE('',*,*,#4231,.T.);
#1174=ORIENTED_EDGE('',*,*,#4232,.T.);
#1175=ORIENTED_EDGE('',*,*,#4233,.T.);
#1176=ORIENTED_EDGE('',*,*,#4234,.T.);
#1177=ORIENTED_EDGE('',*,*,#4235,.T.);
#1178=ORIENTED_EDGE('',*,*,#4236,.T.);
#1179=ORIENTED_EDGE('',*,*,#4237,.T.);
#1180=ORIENTED_EDGE('',*,*,#4238,.T.);
#1181=ORIENTED_EDGE('',*,*,#4239,.T.);
#1182=ORIENTED_EDGE('',*,*,#4240,.T.);
#1183=ORIENTED_EDGE('',*,*,#4241,.T.);
#1184=ORIENTED_EDGE('',*,*,#4242,.T.);
#1185=ORIENTED_EDGE('',*,*,#4243,.T.);
#1186=ORIENTED_EDGE('',*,*,#4244,.T.);
#1187=ORIENTED_EDGE('',*,*,#4245,.T.);
#1188=ORIENTED_EDGE('',*,*,#4246,.T.);
#1189=ORIENTED_EDGE('',*,*,#4247,.T.);
#1190=ORIENTED_EDGE('',*,*,#4248,.T.);
#1191=ORIENTED_EDGE('',*,*,#4249,.T.);
#1192=ORIENTED_EDGE('',*,*,#4250,.T.);
#1193=ORIENTED_EDGE('',*,*,#4251,.T.);
#1194=ORIENTED_EDGE('',*,*,#4252,.T.);
#1195=ORIENTED_EDGE('',*,*,#4253,.T.);
#1196=ORIENTED_EDGE('',*,*,#4254,.T.);
#1197=ORIENTED_EDGE('',*,*,#4255,.T.);
#1198=ORIENTED_EDGE('',*,*,#4256,.T.);
#1199=ORIENTED_EDGE('',*,*,#4257,.T.);
#1200=ORIENTED_EDGE('',*,*,#4258,.T.);
#1201=ORIENTED_EDGE('',*,*,#4259,.T.);
#1202=ORIENTED_EDGE('',*,*,#4260,.T.);
#1203=ORIENTED_EDGE('',*,*,#4261,.T.);
#1204=ORIENTED_EDGE('',*,*,#4262,.T.);
#1205=ORIENTED_EDGE('',*,*,#4263,.T.);
#1206=ORIENTED_EDGE('',*,*,#4264,.T.);
#1207=ORIENTED_EDGE('',*,*,#4265,.T.);
#1208=ORIENTED_EDGE('',*,*,#4266,.T.);
#1209=ORIENTED_EDGE('',*,*,#4267,.T.);
#1210=ORIENTED_EDGE('',*,*,#4268,.T.);
#1211=ORIENTED_EDGE('',*,*,#4269,.T.);
#1212=ORIENTED_EDGE('',*,*,#4270,.T.);
#1213=ORIENTED_EDGE('',*,*,#4271,.T.);
#1214=ORIENTED_EDGE('',*,*,#4272,.T.);
#1215=ORIENTED_EDGE('',*,*,#4273,.T.);
#1216=ORIENTED_EDGE('',*,*,#4274,.T.);
#1217=ORIENTED_EDGE('',*,*,#4275,.T.);
#1218=ORIENTED_EDGE('',*,*,#4276,.T.);
#1219=ORIENTED_EDGE('',*,*,#4277,.T.);
#1220=ORIENTED_EDGE('',*,*,#4278,.T.);
#1221=ORIENTED_EDGE('',*,*,#4279,.T.);
#1222=ORIENTED_EDGE('',*,*,#4213,.T.);
#1223=ORIENTED_EDGE('',*,*,#4211,.T.);
#1224=ORIENTED_EDGE('',*,*,#4209,.T.);
#1225=ORIENTED_EDGE('',*,*,#4207,.T.);
#1226=ORIENTED_EDGE('',*,*,#4205,.T.);
#1227=ORIENTED_EDGE('',*,*,#4203,.T.);
#1228=ORIENTED_EDGE('',*,*,#4201,.T.);
#1229=ORIENTED_EDGE('',*,*,#4199,.T.);
#1230=ORIENTED_EDGE('',*,*,#4197,.T.);
#1231=ORIENTED_EDGE('',*,*,#4195,.T.);
#1232=ORIENTED_EDGE('',*,*,#4193,.T.);
#1233=ORIENTED_EDGE('',*,*,#4191,.T.);
#1234=ORIENTED_EDGE('',*,*,#4189,.T.);
#1235=ORIENTED_EDGE('',*,*,#4187,.T.);
#1236=ORIENTED_EDGE('',*,*,#4185,.T.);
#1237=ORIENTED_EDGE('',*,*,#4183,.T.);
#1238=ORIENTED_EDGE('',*,*,#4181,.T.);
#1239=ORIENTED_EDGE('',*,*,#4179,.T.);
#1240=ORIENTED_EDGE('',*,*,#4177,.T.);
#1241=ORIENTED_EDGE('',*,*,#4175,.T.);
#1242=ORIENTED_EDGE('',*,*,#4280,.T.);
#1243=ORIENTED_EDGE('',*,*,#4281,.T.);
#1244=ORIENTED_EDGE('',*,*,#4282,.T.);
#1245=ORIENTED_EDGE('',*,*,#4283,.T.);
#1246=ORIENTED_EDGE('',*,*,#4284,.T.);
#1247=ORIENTED_EDGE('',*,*,#4285,.T.);
#1248=ORIENTED_EDGE('',*,*,#4286,.T.);
#1249=ORIENTED_EDGE('',*,*,#4287,.T.);
#1250=ORIENTED_EDGE('',*,*,#4288,.T.);
#1251=ORIENTED_EDGE('',*,*,#4289,.T.);
#1252=ORIENTED_EDGE('',*,*,#4290,.T.);
#1253=ORIENTED_EDGE('',*,*,#4291,.T.);
#1254=ORIENTED_EDGE('',*,*,#4292,.T.);
#1255=ORIENTED_EDGE('',*,*,#4293,.T.);
#1256=ORIENTED_EDGE('',*,*,#4294,.T.);
#1257=ORIENTED_EDGE('',*,*,#4295,.T.);
#1258=ORIENTED_EDGE('',*,*,#4296,.T.);
#1259=ORIENTED_EDGE('',*,*,#4297,.T.);
#1260=ORIENTED_EDGE('',*,*,#4298,.T.);
#1261=ORIENTED_EDGE('',*,*,#4299,.T.);
#1262=ORIENTED_EDGE('',*,*,#4300,.T.);
#1263=ORIENTED_EDGE('',*,*,#4301,.T.);
#1264=ORIENTED_EDGE('',*,*,#4302,.T.);
#1265=ORIENTED_EDGE('',*,*,#4303,.T.);
#1266=ORIENTED_EDGE('',*,*,#4304,.T.);
#1267=ORIENTED_EDGE('',*,*,#4305,.T.);
#1268=ORIENTED_EDGE('',*,*,#4306,.T.);
#1269=ORIENTED_EDGE('',*,*,#4307,.T.);
#1270=ORIENTED_EDGE('',*,*,#4308,.T.);
#1271=ORIENTED_EDGE('',*,*,#4309,.T.);
#1272=ORIENTED_EDGE('',*,*,#4310,.T.);
#1273=ORIENTED_EDGE('',*,*,#4311,.T.);
#1274=ORIENTED_EDGE('',*,*,#4312,.T.);
#1275=ORIENTED_EDGE('',*,*,#4313,.T.);
#1276=ORIENTED_EDGE('',*,*,#4314,.T.);
#1277=ORIENTED_EDGE('',*,*,#4315,.T.);
#1278=ORIENTED_EDGE('',*,*,#4316,.T.);
#1279=ORIENTED_EDGE('',*,*,#4317,.T.);
#1280=ORIENTED_EDGE('',*,*,#4318,.T.);
#1281=ORIENTED_EDGE('',*,*,#4319,.T.);
#1282=ORIENTED_EDGE('',*,*,#4320,.T.);
#1283=ORIENTED_EDGE('',*,*,#4321,.T.);
#1284=ORIENTED_EDGE('',*,*,#4322,.T.);
#1285=ORIENTED_EDGE('',*,*,#4323,.T.);
#1286=ORIENTED_EDGE('',*,*,#4324,.T.);
#1287=ORIENTED_EDGE('',*,*,#4325,.T.);
#1288=ORIENTED_EDGE('',*,*,#4326,.T.);
#1289=ORIENTED_EDGE('',*,*,#4327,.T.);
#1290=ORIENTED_EDGE('',*,*,#4328,.T.);
#1291=ORIENTED_EDGE('',*,*,#4329,.T.);
#1292=ORIENTED_EDGE('',*,*,#4330,.T.);
#1293=ORIENTED_EDGE('',*,*,#4331,.T.);
#1294=ORIENTED_EDGE('',*,*,#4332,.T.);
#1295=ORIENTED_EDGE('',*,*,#4239,.F.);
#1296=ORIENTED_EDGE('',*,*,#4333,.F.);
#1297=ORIENTED_EDGE('',*,*,#3984,.T.);
#1298=ORIENTED_EDGE('',*,*,#4333,.T.);
#1299=ORIENTED_EDGE('',*,*,#4238,.F.);
#1300=ORIENTED_EDGE('',*,*,#4334,.F.);
#1301=ORIENTED_EDGE('',*,*,#3959,.T.);
#1302=ORIENTED_EDGE('',*,*,#4334,.T.);
#1303=ORIENTED_EDGE('',*,*,#4237,.F.);
#1304=ORIENTED_EDGE('',*,*,#4335,.F.);
#1305=ORIENTED_EDGE('',*,*,#3960,.T.);
#1306=ORIENTED_EDGE('',*,*,#4335,.T.);
#1307=ORIENTED_EDGE('',*,*,#4236,.F.);
#1308=ORIENTED_EDGE('',*,*,#4336,.F.);
#1309=ORIENTED_EDGE('',*,*,#3961,.T.);
#1310=ORIENTED_EDGE('',*,*,#4336,.T.);
#1311=ORIENTED_EDGE('',*,*,#4235,.F.);
#1312=ORIENTED_EDGE('',*,*,#4337,.F.);
#1313=ORIENTED_EDGE('',*,*,#3962,.T.);
#1314=ORIENTED_EDGE('',*,*,#4337,.T.);
#1315=ORIENTED_EDGE('',*,*,#4234,.F.);
#1316=ORIENTED_EDGE('',*,*,#4338,.F.);
#1317=ORIENTED_EDGE('',*,*,#3963,.T.);
#1318=ORIENTED_EDGE('',*,*,#4338,.T.);
#1319=ORIENTED_EDGE('',*,*,#4233,.F.);
#1320=ORIENTED_EDGE('',*,*,#4339,.F.);
#1321=ORIENTED_EDGE('',*,*,#3964,.T.);
#1322=ORIENTED_EDGE('',*,*,#4339,.T.);
#1323=ORIENTED_EDGE('',*,*,#4232,.F.);
#1324=ORIENTED_EDGE('',*,*,#4340,.F.);
#1325=ORIENTED_EDGE('',*,*,#3965,.T.);
#1326=ORIENTED_EDGE('',*,*,#4340,.T.);
#1327=ORIENTED_EDGE('',*,*,#4231,.F.);
#1328=ORIENTED_EDGE('',*,*,#4341,.F.);
#1329=ORIENTED_EDGE('',*,*,#3966,.T.);
#1330=ORIENTED_EDGE('',*,*,#4341,.T.);
#1331=ORIENTED_EDGE('',*,*,#4230,.F.);
#1332=ORIENTED_EDGE('',*,*,#4342,.F.);
#1333=ORIENTED_EDGE('',*,*,#3967,.T.);
#1334=ORIENTED_EDGE('',*,*,#4342,.T.);
#1335=ORIENTED_EDGE('',*,*,#4229,.F.);
#1336=ORIENTED_EDGE('',*,*,#4343,.F.);
#1337=ORIENTED_EDGE('',*,*,#3968,.T.);
#1338=ORIENTED_EDGE('',*,*,#4343,.T.);
#1339=ORIENTED_EDGE('',*,*,#4228,.F.);
#1340=ORIENTED_EDGE('',*,*,#4344,.F.);
#1341=ORIENTED_EDGE('',*,*,#3969,.T.);
#1342=ORIENTED_EDGE('',*,*,#4344,.T.);
#1343=ORIENTED_EDGE('',*,*,#4227,.F.);
#1344=ORIENTED_EDGE('',*,*,#4345,.F.);
#1345=ORIENTED_EDGE('',*,*,#3970,.T.);
#1346=ORIENTED_EDGE('',*,*,#4345,.T.);
#1347=ORIENTED_EDGE('',*,*,#4226,.F.);
#1348=ORIENTED_EDGE('',*,*,#4346,.F.);
#1349=ORIENTED_EDGE('',*,*,#3971,.T.);
#1350=ORIENTED_EDGE('',*,*,#4346,.T.);
#1351=ORIENTED_EDGE('',*,*,#4225,.F.);
#1352=ORIENTED_EDGE('',*,*,#4347,.F.);
#1353=ORIENTED_EDGE('',*,*,#3972,.T.);
#1354=ORIENTED_EDGE('',*,*,#4347,.T.);
#1355=ORIENTED_EDGE('',*,*,#4224,.F.);
#1356=ORIENTED_EDGE('',*,*,#4348,.F.);
#1357=ORIENTED_EDGE('',*,*,#3973,.T.);
#1358=ORIENTED_EDGE('',*,*,#4348,.T.);
#1359=ORIENTED_EDGE('',*,*,#4223,.F.);
#1360=ORIENTED_EDGE('',*,*,#4349,.F.);
#1361=ORIENTED_EDGE('',*,*,#3974,.T.);
#1362=ORIENTED_EDGE('',*,*,#4349,.T.);
#1363=ORIENTED_EDGE('',*,*,#4222,.F.);
#1364=ORIENTED_EDGE('',*,*,#4350,.F.);
#1365=ORIENTED_EDGE('',*,*,#3975,.T.);
#1366=ORIENTED_EDGE('',*,*,#4350,.T.);
#1367=ORIENTED_EDGE('',*,*,#4221,.F.);
#1368=ORIENTED_EDGE('',*,*,#4351,.F.);
#1369=ORIENTED_EDGE('',*,*,#3976,.T.);
#1370=ORIENTED_EDGE('',*,*,#4351,.T.);
#1371=ORIENTED_EDGE('',*,*,#4220,.F.);
#1372=ORIENTED_EDGE('',*,*,#4352,.F.);
#1373=ORIENTED_EDGE('',*,*,#3977,.T.);
#1374=ORIENTED_EDGE('',*,*,#4352,.T.);
#1375=ORIENTED_EDGE('',*,*,#4219,.F.);
#1376=ORIENTED_EDGE('',*,*,#4353,.F.);
#1377=ORIENTED_EDGE('',*,*,#3978,.T.);
#1378=ORIENTED_EDGE('',*,*,#4353,.T.);
#1379=ORIENTED_EDGE('',*,*,#4218,.F.);
#1380=ORIENTED_EDGE('',*,*,#4354,.F.);
#1381=ORIENTED_EDGE('',*,*,#3979,.T.);
#1382=ORIENTED_EDGE('',*,*,#4354,.T.);
#1383=ORIENTED_EDGE('',*,*,#4217,.F.);
#1384=ORIENTED_EDGE('',*,*,#4355,.F.);
#1385=ORIENTED_EDGE('',*,*,#3980,.T.);
#1386=ORIENTED_EDGE('',*,*,#4355,.T.);
#1387=ORIENTED_EDGE('',*,*,#4216,.F.);
#1388=ORIENTED_EDGE('',*,*,#4356,.F.);
#1389=ORIENTED_EDGE('',*,*,#3981,.T.);
#1390=ORIENTED_EDGE('',*,*,#4356,.T.);
#1391=ORIENTED_EDGE('',*,*,#4215,.F.);
#1392=ORIENTED_EDGE('',*,*,#4357,.F.);
#1393=ORIENTED_EDGE('',*,*,#3982,.T.);
#1394=ORIENTED_EDGE('',*,*,#4357,.T.);
#1395=ORIENTED_EDGE('',*,*,#4214,.F.);
#1396=ORIENTED_EDGE('',*,*,#4332,.F.);
#1397=ORIENTED_EDGE('',*,*,#3983,.T.);
#1398=ORIENTED_EDGE('',*,*,#4358,.T.);
#1399=ORIENTED_EDGE('',*,*,#4249,.F.);
#1400=ORIENTED_EDGE('',*,*,#4359,.F.);
#1401=ORIENTED_EDGE('',*,*,#3994,.T.);
#1402=ORIENTED_EDGE('',*,*,#4359,.T.);
#1403=ORIENTED_EDGE('',*,*,#4248,.F.);
#1404=ORIENTED_EDGE('',*,*,#4360,.F.);
#1405=ORIENTED_EDGE('',*,*,#3985,.T.);
#1406=ORIENTED_EDGE('',*,*,#4360,.T.);
#1407=ORIENTED_EDGE('',*,*,#4247,.F.);
#1408=ORIENTED_EDGE('',*,*,#4361,.F.);
#1409=ORIENTED_EDGE('',*,*,#3986,.T.);
#1410=ORIENTED_EDGE('',*,*,#4361,.T.);
#1411=ORIENTED_EDGE('',*,*,#4246,.F.);
#1412=ORIENTED_EDGE('',*,*,#4362,.F.);
#1413=ORIENTED_EDGE('',*,*,#3987,.T.);
#1414=ORIENTED_EDGE('',*,*,#4362,.T.);
#1415=ORIENTED_EDGE('',*,*,#4245,.F.);
#1416=ORIENTED_EDGE('',*,*,#4363,.F.);
#1417=ORIENTED_EDGE('',*,*,#3988,.T.);
#1418=ORIENTED_EDGE('',*,*,#4363,.T.);
#1419=ORIENTED_EDGE('',*,*,#4244,.F.);
#1420=ORIENTED_EDGE('',*,*,#4364,.F.);
#1421=ORIENTED_EDGE('',*,*,#3989,.T.);
#1422=ORIENTED_EDGE('',*,*,#4364,.T.);
#1423=ORIENTED_EDGE('',*,*,#4243,.F.);
#1424=ORIENTED_EDGE('',*,*,#4365,.F.);
#1425=ORIENTED_EDGE('',*,*,#3990,.T.);
#1426=ORIENTED_EDGE('',*,*,#4365,.T.);
#1427=ORIENTED_EDGE('',*,*,#4242,.F.);
#1428=ORIENTED_EDGE('',*,*,#4366,.F.);
#1429=ORIENTED_EDGE('',*,*,#3991,.T.);
#1430=ORIENTED_EDGE('',*,*,#4366,.T.);
#1431=ORIENTED_EDGE('',*,*,#4241,.F.);
#1432=ORIENTED_EDGE('',*,*,#4367,.F.);
#1433=ORIENTED_EDGE('',*,*,#3992,.T.);
#1434=ORIENTED_EDGE('',*,*,#4367,.T.);
#1435=ORIENTED_EDGE('',*,*,#4240,.F.);
#1436=ORIENTED_EDGE('',*,*,#4358,.F.);
#1437=ORIENTED_EDGE('',*,*,#3993,.T.);
#1438=ORIENTED_EDGE('',*,*,#4368,.T.);
#1439=ORIENTED_EDGE('',*,*,#4255,.F.);
#1440=ORIENTED_EDGE('',*,*,#4369,.F.);
#1441=ORIENTED_EDGE('',*,*,#4000,.T.);
#1442=ORIENTED_EDGE('',*,*,#4369,.T.);
#1443=ORIENTED_EDGE('',*,*,#4254,.F.);
#1444=ORIENTED_EDGE('',*,*,#4370,.F.);
#1445=ORIENTED_EDGE('',*,*,#3995,.T.);
#1446=ORIENTED_EDGE('',*,*,#4370,.T.);
#1447=ORIENTED_EDGE('',*,*,#4253,.F.);
#1448=ORIENTED_EDGE('',*,*,#4371,.F.);
#1449=ORIENTED_EDGE('',*,*,#3996,.T.);
#1450=ORIENTED_EDGE('',*,*,#4371,.T.);
#1451=ORIENTED_EDGE('',*,*,#4252,.F.);
#1452=ORIENTED_EDGE('',*,*,#4372,.F.);
#1453=ORIENTED_EDGE('',*,*,#3997,.T.);
#1454=ORIENTED_EDGE('',*,*,#4372,.T.);
#1455=ORIENTED_EDGE('',*,*,#4251,.F.);
#1456=ORIENTED_EDGE('',*,*,#4373,.F.);
#1457=ORIENTED_EDGE('',*,*,#3998,.T.);
#1458=ORIENTED_EDGE('',*,*,#4373,.T.);
#1459=ORIENTED_EDGE('',*,*,#4250,.F.);
#1460=ORIENTED_EDGE('',*,*,#4368,.F.);
#1461=ORIENTED_EDGE('',*,*,#3999,.T.);
#1462=ORIENTED_EDGE('',*,*,#4374,.T.);
#1463=ORIENTED_EDGE('',*,*,#4279,.F.);
#1464=ORIENTED_EDGE('',*,*,#4375,.F.);
#1465=ORIENTED_EDGE('',*,*,#4024,.T.);
#1466=ORIENTED_EDGE('',*,*,#4375,.T.);
#1467=ORIENTED_EDGE('',*,*,#4278,.F.);
#1468=ORIENTED_EDGE('',*,*,#4376,.F.);
#1469=ORIENTED_EDGE('',*,*,#4001,.T.);
#1470=ORIENTED_EDGE('',*,*,#4376,.T.);
#1471=ORIENTED_EDGE('',*,*,#4277,.F.);
#1472=ORIENTED_EDGE('',*,*,#4377,.F.);
#1473=ORIENTED_EDGE('',*,*,#4002,.T.);
#1474=ORIENTED_EDGE('',*,*,#4377,.T.);
#1475=ORIENTED_EDGE('',*,*,#4276,.F.);
#1476=ORIENTED_EDGE('',*,*,#4378,.F.);
#1477=ORIENTED_EDGE('',*,*,#4003,.T.);
#1478=ORIENTED_EDGE('',*,*,#4378,.T.);
#1479=ORIENTED_EDGE('',*,*,#4275,.F.);
#1480=ORIENTED_EDGE('',*,*,#4379,.F.);
#1481=ORIENTED_EDGE('',*,*,#4004,.T.);
#1482=ORIENTED_EDGE('',*,*,#4379,.T.);
#1483=ORIENTED_EDGE('',*,*,#4274,.F.);
#1484=ORIENTED_EDGE('',*,*,#4380,.F.);
#1485=ORIENTED_EDGE('',*,*,#4005,.T.);
#1486=ORIENTED_EDGE('',*,*,#4380,.T.);
#1487=ORIENTED_EDGE('',*,*,#4273,.F.);
#1488=ORIENTED_EDGE('',*,*,#4381,.F.);
#1489=ORIENTED_EDGE('',*,*,#4006,.T.);
#1490=ORIENTED_EDGE('',*,*,#4381,.T.);
#1491=ORIENTED_EDGE('',*,*,#4272,.F.);
#1492=ORIENTED_EDGE('',*,*,#4382,.F.);
#1493=ORIENTED_EDGE('',*,*,#4007,.T.);
#1494=ORIENTED_EDGE('',*,*,#4382,.T.);
#1495=ORIENTED_EDGE('',*,*,#4271,.F.);
#1496=ORIENTED_EDGE('',*,*,#4383,.F.);
#1497=ORIENTED_EDGE('',*,*,#4008,.T.);
#1498=ORIENTED_EDGE('',*,*,#4383,.T.);
#1499=ORIENTED_EDGE('',*,*,#4270,.F.);
#1500=ORIENTED_EDGE('',*,*,#4384,.F.);
#1501=ORIENTED_EDGE('',*,*,#4009,.T.);
#1502=ORIENTED_EDGE('',*,*,#4384,.T.);
#1503=ORIENTED_EDGE('',*,*,#4269,.F.);
#1504=ORIENTED_EDGE('',*,*,#4385,.F.);
#1505=ORIENTED_EDGE('',*,*,#4010,.T.);
#1506=ORIENTED_EDGE('',*,*,#4385,.T.);
#1507=ORIENTED_EDGE('',*,*,#4268,.F.);
#1508=ORIENTED_EDGE('',*,*,#4386,.F.);
#1509=ORIENTED_EDGE('',*,*,#4011,.T.);
#1510=ORIENTED_EDGE('',*,*,#4386,.T.);
#1511=ORIENTED_EDGE('',*,*,#4267,.F.);
#1512=ORIENTED_EDGE('',*,*,#4387,.F.);
#1513=ORIENTED_EDGE('',*,*,#4012,.T.);
#1514=ORIENTED_EDGE('',*,*,#4387,.T.);
#1515=ORIENTED_EDGE('',*,*,#4266,.F.);
#1516=ORIENTED_EDGE('',*,*,#4388,.F.);
#1517=ORIENTED_EDGE('',*,*,#4013,.T.);
#1518=ORIENTED_EDGE('',*,*,#4388,.T.);
#1519=ORIENTED_EDGE('',*,*,#4265,.F.);
#1520=ORIENTED_EDGE('',*,*,#4389,.F.);
#1521=ORIENTED_EDGE('',*,*,#4014,.T.);
#1522=ORIENTED_EDGE('',*,*,#4389,.T.);
#1523=ORIENTED_EDGE('',*,*,#4264,.F.);
#1524=ORIENTED_EDGE('',*,*,#4390,.F.);
#1525=ORIENTED_EDGE('',*,*,#4015,.T.);
#1526=ORIENTED_EDGE('',*,*,#4390,.T.);
#1527=ORIENTED_EDGE('',*,*,#4263,.F.);
#1528=ORIENTED_EDGE('',*,*,#4391,.F.);
#1529=ORIENTED_EDGE('',*,*,#4016,.T.);
#1530=ORIENTED_EDGE('',*,*,#4391,.T.);
#1531=ORIENTED_EDGE('',*,*,#4262,.F.);
#1532=ORIENTED_EDGE('',*,*,#4392,.F.);
#1533=ORIENTED_EDGE('',*,*,#4017,.T.);
#1534=ORIENTED_EDGE('',*,*,#4392,.T.);
#1535=ORIENTED_EDGE('',*,*,#4261,.F.);
#1536=ORIENTED_EDGE('',*,*,#4393,.F.);
#1537=ORIENTED_EDGE('',*,*,#4018,.T.);
#1538=ORIENTED_EDGE('',*,*,#4393,.T.);
#1539=ORIENTED_EDGE('',*,*,#4260,.F.);
#1540=ORIENTED_EDGE('',*,*,#4394,.F.);
#1541=ORIENTED_EDGE('',*,*,#4019,.T.);
#1542=ORIENTED_EDGE('',*,*,#4394,.T.);
#1543=ORIENTED_EDGE('',*,*,#4259,.F.);
#1544=ORIENTED_EDGE('',*,*,#4395,.F.);
#1545=ORIENTED_EDGE('',*,*,#4020,.T.);
#1546=ORIENTED_EDGE('',*,*,#4395,.T.);
#1547=ORIENTED_EDGE('',*,*,#4258,.F.);
#1548=ORIENTED_EDGE('',*,*,#4396,.F.);
#1549=ORIENTED_EDGE('',*,*,#4021,.T.);
#1550=ORIENTED_EDGE('',*,*,#4396,.T.);
#1551=ORIENTED_EDGE('',*,*,#4257,.F.);
#1552=ORIENTED_EDGE('',*,*,#4397,.F.);
#1553=ORIENTED_EDGE('',*,*,#4022,.T.);
#1554=ORIENTED_EDGE('',*,*,#4397,.T.);
#1555=ORIENTED_EDGE('',*,*,#4256,.F.);
#1556=ORIENTED_EDGE('',*,*,#4374,.F.);
#1557=ORIENTED_EDGE('',*,*,#4023,.T.);
#1558=ORIENTED_EDGE('',*,*,#4398,.T.);
#1559=ORIENTED_EDGE('',*,*,#4319,.F.);
#1560=ORIENTED_EDGE('',*,*,#4399,.F.);
#1561=ORIENTED_EDGE('',*,*,#4064,.T.);
#1562=ORIENTED_EDGE('',*,*,#4399,.T.);
#1563=ORIENTED_EDGE('',*,*,#4318,.F.);
#1564=ORIENTED_EDGE('',*,*,#4400,.F.);
#1565=ORIENTED_EDGE('',*,*,#4025,.T.);
#1566=ORIENTED_EDGE('',*,*,#4400,.T.);
#1567=ORIENTED_EDGE('',*,*,#4317,.F.);
#1568=ORIENTED_EDGE('',*,*,#4401,.F.);
#1569=ORIENTED_EDGE('',*,*,#4026,.T.);
#1570=ORIENTED_EDGE('',*,*,#4401,.T.);
#1571=ORIENTED_EDGE('',*,*,#4316,.F.);
#1572=ORIENTED_EDGE('',*,*,#4402,.F.);
#1573=ORIENTED_EDGE('',*,*,#4027,.T.);
#1574=ORIENTED_EDGE('',*,*,#4402,.T.);
#1575=ORIENTED_EDGE('',*,*,#4315,.F.);
#1576=ORIENTED_EDGE('',*,*,#4403,.F.);
#1577=ORIENTED_EDGE('',*,*,#4028,.T.);
#1578=ORIENTED_EDGE('',*,*,#4403,.T.);
#1579=ORIENTED_EDGE('',*,*,#4314,.F.);
#1580=ORIENTED_EDGE('',*,*,#4404,.F.);
#1581=ORIENTED_EDGE('',*,*,#4029,.T.);
#1582=ORIENTED_EDGE('',*,*,#4404,.T.);
#1583=ORIENTED_EDGE('',*,*,#4313,.F.);
#1584=ORIENTED_EDGE('',*,*,#4405,.F.);
#1585=ORIENTED_EDGE('',*,*,#4030,.T.);
#1586=ORIENTED_EDGE('',*,*,#4405,.T.);
#1587=ORIENTED_EDGE('',*,*,#4312,.F.);
#1588=ORIENTED_EDGE('',*,*,#4406,.F.);
#1589=ORIENTED_EDGE('',*,*,#4031,.T.);
#1590=ORIENTED_EDGE('',*,*,#4406,.T.);
#1591=ORIENTED_EDGE('',*,*,#4311,.F.);
#1592=ORIENTED_EDGE('',*,*,#4407,.F.);
#1593=ORIENTED_EDGE('',*,*,#4032,.T.);
#1594=ORIENTED_EDGE('',*,*,#4407,.T.);
#1595=ORIENTED_EDGE('',*,*,#4310,.F.);
#1596=ORIENTED_EDGE('',*,*,#4408,.F.);
#1597=ORIENTED_EDGE('',*,*,#4033,.T.);
#1598=ORIENTED_EDGE('',*,*,#4408,.T.);
#1599=ORIENTED_EDGE('',*,*,#4309,.F.);
#1600=ORIENTED_EDGE('',*,*,#4409,.F.);
#1601=ORIENTED_EDGE('',*,*,#4034,.T.);
#1602=ORIENTED_EDGE('',*,*,#4409,.T.);
#1603=ORIENTED_EDGE('',*,*,#4308,.F.);
#1604=ORIENTED_EDGE('',*,*,#4410,.F.);
#1605=ORIENTED_EDGE('',*,*,#4035,.T.);
#1606=ORIENTED_EDGE('',*,*,#4410,.T.);
#1607=ORIENTED_EDGE('',*,*,#4307,.F.);
#1608=ORIENTED_EDGE('',*,*,#4411,.F.);
#1609=ORIENTED_EDGE('',*,*,#4036,.T.);
#1610=ORIENTED_EDGE('',*,*,#4411,.T.);
#1611=ORIENTED_EDGE('',*,*,#4306,.F.);
#1612=ORIENTED_EDGE('',*,*,#4412,.F.);
#1613=ORIENTED_EDGE('',*,*,#4037,.T.);
#1614=ORIENTED_EDGE('',*,*,#4412,.T.);
#1615=ORIENTED_EDGE('',*,*,#4305,.F.);
#1616=ORIENTED_EDGE('',*,*,#4413,.F.);
#1617=ORIENTED_EDGE('',*,*,#4038,.T.);
#1618=ORIENTED_EDGE('',*,*,#4413,.T.);
#1619=ORIENTED_EDGE('',*,*,#4304,.F.);
#1620=ORIENTED_EDGE('',*,*,#4414,.F.);
#1621=ORIENTED_EDGE('',*,*,#4039,.T.);
#1622=ORIENTED_EDGE('',*,*,#4414,.T.);
#1623=ORIENTED_EDGE('',*,*,#4303,.F.);
#1624=ORIENTED_EDGE('',*,*,#4415,.F.);
#1625=ORIENTED_EDGE('',*,*,#4040,.T.);
#1626=ORIENTED_EDGE('',*,*,#4415,.T.);
#1627=ORIENTED_EDGE('',*,*,#4302,.F.);
#1628=ORIENTED_EDGE('',*,*,#4416,.F.);
#1629=ORIENTED_EDGE('',*,*,#4041,.T.);
#1630=ORIENTED_EDGE('',*,*,#4416,.T.);
#1631=ORIENTED_EDGE('',*,*,#4301,.F.);
#1632=ORIENTED_EDGE('',*,*,#4417,.F.);
#1633=ORIENTED_EDGE('',*,*,#4042,.T.);
#1634=ORIENTED_EDGE('',*,*,#4417,.T.);
#1635=ORIENTED_EDGE('',*,*,#4300,.F.);
#1636=ORIENTED_EDGE('',*,*,#4418,.F.);
#1637=ORIENTED_EDGE('',*,*,#4043,.T.);
#1638=ORIENTED_EDGE('',*,*,#4418,.T.);
#1639=ORIENTED_EDGE('',*,*,#4299,.F.);
#1640=ORIENTED_EDGE('',*,*,#4419,.F.);
#1641=ORIENTED_EDGE('',*,*,#4044,.T.);
#1642=ORIENTED_EDGE('',*,*,#4419,.T.);
#1643=ORIENTED_EDGE('',*,*,#4298,.F.);
#1644=ORIENTED_EDGE('',*,*,#4420,.F.);
#1645=ORIENTED_EDGE('',*,*,#4045,.T.);
#1646=ORIENTED_EDGE('',*,*,#4420,.T.);
#1647=ORIENTED_EDGE('',*,*,#4297,.F.);
#1648=ORIENTED_EDGE('',*,*,#4421,.F.);
#1649=ORIENTED_EDGE('',*,*,#4046,.T.);
#1650=ORIENTED_EDGE('',*,*,#4421,.T.);
#1651=ORIENTED_EDGE('',*,*,#4296,.F.);
#1652=ORIENTED_EDGE('',*,*,#4422,.F.);
#1653=ORIENTED_EDGE('',*,*,#4047,.T.);
#1654=ORIENTED_EDGE('',*,*,#4422,.T.);
#1655=ORIENTED_EDGE('',*,*,#4295,.F.);
#1656=ORIENTED_EDGE('',*,*,#4423,.F.);
#1657=ORIENTED_EDGE('',*,*,#4048,.T.);
#1658=ORIENTED_EDGE('',*,*,#4423,.T.);
#1659=ORIENTED_EDGE('',*,*,#4294,.F.);
#1660=ORIENTED_EDGE('',*,*,#4424,.F.);
#1661=ORIENTED_EDGE('',*,*,#4049,.T.);
#1662=ORIENTED_EDGE('',*,*,#4424,.T.);
#1663=ORIENTED_EDGE('',*,*,#4293,.F.);
#1664=ORIENTED_EDGE('',*,*,#4425,.F.);
#1665=ORIENTED_EDGE('',*,*,#4050,.T.);
#1666=ORIENTED_EDGE('',*,*,#4425,.T.);
#1667=ORIENTED_EDGE('',*,*,#4292,.F.);
#1668=ORIENTED_EDGE('',*,*,#4426,.F.);
#1669=ORIENTED_EDGE('',*,*,#4051,.T.);
#1670=ORIENTED_EDGE('',*,*,#4426,.T.);
#1671=ORIENTED_EDGE('',*,*,#4291,.F.);
#1672=ORIENTED_EDGE('',*,*,#4427,.F.);
#1673=ORIENTED_EDGE('',*,*,#4052,.T.);
#1674=ORIENTED_EDGE('',*,*,#4427,.T.);
#1675=ORIENTED_EDGE('',*,*,#4290,.F.);
#1676=ORIENTED_EDGE('',*,*,#4428,.F.);
#1677=ORIENTED_EDGE('',*,*,#4053,.T.);
#1678=ORIENTED_EDGE('',*,*,#4428,.T.);
#1679=ORIENTED_EDGE('',*,*,#4289,.F.);
#1680=ORIENTED_EDGE('',*,*,#4429,.F.);
#1681=ORIENTED_EDGE('',*,*,#4054,.T.);
#1682=ORIENTED_EDGE('',*,*,#4429,.T.);
#1683=ORIENTED_EDGE('',*,*,#4288,.F.);
#1684=ORIENTED_EDGE('',*,*,#4430,.F.);
#1685=ORIENTED_EDGE('',*,*,#4055,.T.);
#1686=ORIENTED_EDGE('',*,*,#4430,.T.);
#1687=ORIENTED_EDGE('',*,*,#4287,.F.);
#1688=ORIENTED_EDGE('',*,*,#4431,.F.);
#1689=ORIENTED_EDGE('',*,*,#4056,.T.);
#1690=ORIENTED_EDGE('',*,*,#4431,.T.);
#1691=ORIENTED_EDGE('',*,*,#4286,.F.);
#1692=ORIENTED_EDGE('',*,*,#4432,.F.);
#1693=ORIENTED_EDGE('',*,*,#4057,.T.);
#1694=ORIENTED_EDGE('',*,*,#4432,.T.);
#1695=ORIENTED_EDGE('',*,*,#4285,.F.);
#1696=ORIENTED_EDGE('',*,*,#4433,.F.);
#1697=ORIENTED_EDGE('',*,*,#4058,.T.);
#1698=ORIENTED_EDGE('',*,*,#4433,.T.);
#1699=ORIENTED_EDGE('',*,*,#4284,.F.);
#1700=ORIENTED_EDGE('',*,*,#4434,.F.);
#1701=ORIENTED_EDGE('',*,*,#4059,.T.);
#1702=ORIENTED_EDGE('',*,*,#4434,.T.);
#1703=ORIENTED_EDGE('',*,*,#4283,.F.);
#1704=ORIENTED_EDGE('',*,*,#4435,.F.);
#1705=ORIENTED_EDGE('',*,*,#4060,.T.);
#1706=ORIENTED_EDGE('',*,*,#4435,.T.);
#1707=ORIENTED_EDGE('',*,*,#4282,.F.);
#1708=ORIENTED_EDGE('',*,*,#4436,.F.);
#1709=ORIENTED_EDGE('',*,*,#4061,.T.);
#1710=ORIENTED_EDGE('',*,*,#4436,.T.);
#1711=ORIENTED_EDGE('',*,*,#4281,.F.);
#1712=ORIENTED_EDGE('',*,*,#4437,.F.);
#1713=ORIENTED_EDGE('',*,*,#4062,.T.);
#1714=ORIENTED_EDGE('',*,*,#4437,.T.);
#1715=ORIENTED_EDGE('',*,*,#4280,.F.);
#1716=ORIENTED_EDGE('',*,*,#4398,.F.);
#1717=ORIENTED_EDGE('',*,*,#4063,.T.);
#1718=ORIENTED_EDGE('',*,*,#4438,.T.);
#1719=ORIENTED_EDGE('',*,*,#4331,.F.);
#1720=ORIENTED_EDGE('',*,*,#4439,.F.);
#1721=ORIENTED_EDGE('',*,*,#4076,.T.);
#1722=ORIENTED_EDGE('',*,*,#4439,.T.);
#1723=ORIENTED_EDGE('',*,*,#4330,.F.);
#1724=ORIENTED_EDGE('',*,*,#4440,.F.);
#1725=ORIENTED_EDGE('',*,*,#4065,.T.);
#1726=ORIENTED_EDGE('',*,*,#4440,.T.);
#1727=ORIENTED_EDGE('',*,*,#4329,.F.);
#1728=ORIENTED_EDGE('',*,*,#4441,.F.);
#1729=ORIENTED_EDGE('',*,*,#4066,.T.);
#1730=ORIENTED_EDGE('',*,*,#4441,.T.);
#1731=ORIENTED_EDGE('',*,*,#4328,.F.);
#1732=ORIENTED_EDGE('',*,*,#4442,.F.);
#1733=ORIENTED_EDGE('',*,*,#4067,.T.);
#1734=ORIENTED_EDGE('',*,*,#4442,.T.);
#1735=ORIENTED_EDGE('',*,*,#4327,.F.);
#1736=ORIENTED_EDGE('',*,*,#4443,.F.);
#1737=ORIENTED_EDGE('',*,*,#4068,.T.);
#1738=ORIENTED_EDGE('',*,*,#4443,.T.);
#1739=ORIENTED_EDGE('',*,*,#4326,.F.);
#1740=ORIENTED_EDGE('',*,*,#4444,.F.);
#1741=ORIENTED_EDGE('',*,*,#4069,.T.);
#1742=ORIENTED_EDGE('',*,*,#4444,.T.);
#1743=ORIENTED_EDGE('',*,*,#4325,.F.);
#1744=ORIENTED_EDGE('',*,*,#4445,.F.);
#1745=ORIENTED_EDGE('',*,*,#4070,.T.);
#1746=ORIENTED_EDGE('',*,*,#4445,.T.);
#1747=ORIENTED_EDGE('',*,*,#4324,.F.);
#1748=ORIENTED_EDGE('',*,*,#4446,.F.);
#1749=ORIENTED_EDGE('',*,*,#4071,.T.);
#1750=ORIENTED_EDGE('',*,*,#4446,.T.);
#1751=ORIENTED_EDGE('',*,*,#4323,.F.);
#1752=ORIENTED_EDGE('',*,*,#4447,.F.);
#1753=ORIENTED_EDGE('',*,*,#4072,.T.);
#1754=ORIENTED_EDGE('',*,*,#4447,.T.);
#1755=ORIENTED_EDGE('',*,*,#4322,.F.);
#1756=ORIENTED_EDGE('',*,*,#4448,.F.);
#1757=ORIENTED_EDGE('',*,*,#4073,.T.);
#1758=ORIENTED_EDGE('',*,*,#4448,.T.);
#1759=ORIENTED_EDGE('',*,*,#4321,.F.);
#1760=ORIENTED_EDGE('',*,*,#4449,.F.);
#1761=ORIENTED_EDGE('',*,*,#4074,.T.);
#1762=ORIENTED_EDGE('',*,*,#4449,.T.);
#1763=ORIENTED_EDGE('',*,*,#4320,.F.);
#1764=ORIENTED_EDGE('',*,*,#4438,.F.);
#1765=ORIENTED_EDGE('',*,*,#4075,.T.);
#1766=ORIENTED_EDGE('',*,*,#4450,.T.);
#1767=ORIENTED_EDGE('',*,*,#4451,.F.);
#1768=ORIENTED_EDGE('',*,*,#4452,.F.);
#1769=ORIENTED_EDGE('',*,*,#3947,.T.);
#1770=ORIENTED_EDGE('',*,*,#4452,.T.);
#1771=ORIENTED_EDGE('',*,*,#4453,.F.);
#1772=ORIENTED_EDGE('',*,*,#4454,.F.);
#1773=ORIENTED_EDGE('',*,*,#3928,.T.);
#1774=ORIENTED_EDGE('',*,*,#4454,.T.);
#1775=ORIENTED_EDGE('',*,*,#4455,.F.);
#1776=ORIENTED_EDGE('',*,*,#4456,.F.);
#1777=ORIENTED_EDGE('',*,*,#3929,.T.);
#1778=ORIENTED_EDGE('',*,*,#4456,.T.);
#1779=ORIENTED_EDGE('',*,*,#4457,.F.);
#1780=ORIENTED_EDGE('',*,*,#4458,.F.);
#1781=ORIENTED_EDGE('',*,*,#3930,.T.);
#1782=ORIENTED_EDGE('',*,*,#4458,.T.);
#1783=ORIENTED_EDGE('',*,*,#4459,.F.);
#1784=ORIENTED_EDGE('',*,*,#4460,.F.);
#1785=ORIENTED_EDGE('',*,*,#3931,.T.);
#1786=ORIENTED_EDGE('',*,*,#4460,.T.);
#1787=ORIENTED_EDGE('',*,*,#4461,.F.);
#1788=ORIENTED_EDGE('',*,*,#4462,.F.);
#1789=ORIENTED_EDGE('',*,*,#3932,.T.);
#1790=ORIENTED_EDGE('',*,*,#4462,.T.);
#1791=ORIENTED_EDGE('',*,*,#4463,.F.);
#1792=ORIENTED_EDGE('',*,*,#4464,.F.);
#1793=ORIENTED_EDGE('',*,*,#3933,.T.);
#1794=ORIENTED_EDGE('',*,*,#4464,.T.);
#1795=ORIENTED_EDGE('',*,*,#4465,.F.);
#1796=ORIENTED_EDGE('',*,*,#4466,.F.);
#1797=ORIENTED_EDGE('',*,*,#3934,.T.);
#1798=ORIENTED_EDGE('',*,*,#4466,.T.);
#1799=ORIENTED_EDGE('',*,*,#4467,.F.);
#1800=ORIENTED_EDGE('',*,*,#4468,.F.);
#1801=ORIENTED_EDGE('',*,*,#3935,.T.);
#1802=ORIENTED_EDGE('',*,*,#4468,.T.);
#1803=ORIENTED_EDGE('',*,*,#4469,.F.);
#1804=ORIENTED_EDGE('',*,*,#4470,.F.);
#1805=ORIENTED_EDGE('',*,*,#3936,.T.);
#1806=ORIENTED_EDGE('',*,*,#4470,.T.);
#1807=ORIENTED_EDGE('',*,*,#4471,.F.);
#1808=ORIENTED_EDGE('',*,*,#4472,.F.);
#1809=ORIENTED_EDGE('',*,*,#3937,.T.);
#1810=ORIENTED_EDGE('',*,*,#4472,.T.);
#1811=ORIENTED_EDGE('',*,*,#4473,.F.);
#1812=ORIENTED_EDGE('',*,*,#4474,.F.);
#1813=ORIENTED_EDGE('',*,*,#3938,.T.);
#1814=ORIENTED_EDGE('',*,*,#4474,.T.);
#1815=ORIENTED_EDGE('',*,*,#4475,.F.);
#1816=ORIENTED_EDGE('',*,*,#4476,.F.);
#1817=ORIENTED_EDGE('',*,*,#3939,.T.);
#1818=ORIENTED_EDGE('',*,*,#4476,.T.);
#1819=ORIENTED_EDGE('',*,*,#4477,.F.);
#1820=ORIENTED_EDGE('',*,*,#4478,.F.);
#1821=ORIENTED_EDGE('',*,*,#3940,.T.);
#1822=ORIENTED_EDGE('',*,*,#4478,.T.);
#1823=ORIENTED_EDGE('',*,*,#4479,.F.);
#1824=ORIENTED_EDGE('',*,*,#4480,.F.);
#1825=ORIENTED_EDGE('',*,*,#3941,.T.);
#1826=ORIENTED_EDGE('',*,*,#4480,.T.);
#1827=ORIENTED_EDGE('',*,*,#4481,.F.);
#1828=ORIENTED_EDGE('',*,*,#4482,.F.);
#1829=ORIENTED_EDGE('',*,*,#3942,.T.);
#1830=ORIENTED_EDGE('',*,*,#4482,.T.);
#1831=ORIENTED_EDGE('',*,*,#4483,.F.);
#1832=ORIENTED_EDGE('',*,*,#4484,.F.);
#1833=ORIENTED_EDGE('',*,*,#3943,.T.);
#1834=ORIENTED_EDGE('',*,*,#4484,.T.);
#1835=ORIENTED_EDGE('',*,*,#4485,.F.);
#1836=ORIENTED_EDGE('',*,*,#4486,.F.);
#1837=ORIENTED_EDGE('',*,*,#3944,.T.);
#1838=ORIENTED_EDGE('',*,*,#4486,.T.);
#1839=ORIENTED_EDGE('',*,*,#4487,.F.);
#1840=ORIENTED_EDGE('',*,*,#4488,.F.);
#1841=ORIENTED_EDGE('',*,*,#3945,.T.);
#1842=ORIENTED_EDGE('',*,*,#4488,.T.);
#1843=ORIENTED_EDGE('',*,*,#4489,.F.);
#1844=ORIENTED_EDGE('',*,*,#4450,.F.);
#1845=ORIENTED_EDGE('',*,*,#3946,.T.);
#1846=ORIENTED_EDGE('',*,*,#4490,.T.);
#1847=ORIENTED_EDGE('',*,*,#4491,.T.);
#1848=ORIENTED_EDGE('',*,*,#4492,.T.);
#1849=ORIENTED_EDGE('',*,*,#4493,.T.);
#1850=ORIENTED_EDGE('',*,*,#4494,.T.);
#1851=ORIENTED_EDGE('',*,*,#4495,.T.);
#1852=ORIENTED_EDGE('',*,*,#4496,.T.);
#1853=ORIENTED_EDGE('',*,*,#4497,.T.);
#1854=ORIENTED_EDGE('',*,*,#4498,.T.);
#1855=ORIENTED_EDGE('',*,*,#4499,.T.);
#1856=ORIENTED_EDGE('',*,*,#4500,.T.);
#1857=ORIENTED_EDGE('',*,*,#4501,.T.);
#1858=ORIENTED_EDGE('',*,*,#4502,.T.);
#1859=ORIENTED_EDGE('',*,*,#4503,.T.);
#1860=ORIENTED_EDGE('',*,*,#4504,.T.);
#1861=ORIENTED_EDGE('',*,*,#4505,.T.);
#1862=ORIENTED_EDGE('',*,*,#4506,.T.);
#1863=ORIENTED_EDGE('',*,*,#4507,.T.);
#1864=ORIENTED_EDGE('',*,*,#4508,.T.);
#1865=ORIENTED_EDGE('',*,*,#4509,.T.);
#1866=ORIENTED_EDGE('',*,*,#4510,.T.);
#1867=ORIENTED_EDGE('',*,*,#4511,.T.);
#1868=ORIENTED_EDGE('',*,*,#4512,.T.);
#1869=ORIENTED_EDGE('',*,*,#4513,.T.);
#1870=ORIENTED_EDGE('',*,*,#4514,.T.);
#1871=ORIENTED_EDGE('',*,*,#4515,.T.);
#1872=ORIENTED_EDGE('',*,*,#4516,.T.);
#1873=ORIENTED_EDGE('',*,*,#4517,.T.);
#1874=ORIENTED_EDGE('',*,*,#4518,.T.);
#1875=ORIENTED_EDGE('',*,*,#4519,.T.);
#1876=ORIENTED_EDGE('',*,*,#4489,.T.);
#1877=ORIENTED_EDGE('',*,*,#4487,.T.);
#1878=ORIENTED_EDGE('',*,*,#4485,.T.);
#1879=ORIENTED_EDGE('',*,*,#4483,.T.);
#1880=ORIENTED_EDGE('',*,*,#4481,.T.);
#1881=ORIENTED_EDGE('',*,*,#4479,.T.);
#1882=ORIENTED_EDGE('',*,*,#4477,.T.);
#1883=ORIENTED_EDGE('',*,*,#4475,.T.);
#1884=ORIENTED_EDGE('',*,*,#4473,.T.);
#1885=ORIENTED_EDGE('',*,*,#4471,.T.);
#1886=ORIENTED_EDGE('',*,*,#4469,.T.);
#1887=ORIENTED_EDGE('',*,*,#4467,.T.);
#1888=ORIENTED_EDGE('',*,*,#4465,.T.);
#1889=ORIENTED_EDGE('',*,*,#4463,.T.);
#1890=ORIENTED_EDGE('',*,*,#4461,.T.);
#1891=ORIENTED_EDGE('',*,*,#4459,.T.);
#1892=ORIENTED_EDGE('',*,*,#4457,.T.);
#1893=ORIENTED_EDGE('',*,*,#4455,.T.);
#1894=ORIENTED_EDGE('',*,*,#4453,.T.);
#1895=ORIENTED_EDGE('',*,*,#4451,.T.);
#1896=ORIENTED_EDGE('',*,*,#4520,.T.);
#1897=ORIENTED_EDGE('',*,*,#4521,.T.);
#1898=ORIENTED_EDGE('',*,*,#4522,.T.);
#1899=ORIENTED_EDGE('',*,*,#4523,.T.);
#1900=ORIENTED_EDGE('',*,*,#4524,.T.);
#1901=ORIENTED_EDGE('',*,*,#4525,.T.);
#1902=ORIENTED_EDGE('',*,*,#4526,.T.);
#1903=ORIENTED_EDGE('',*,*,#4527,.T.);
#1904=ORIENTED_EDGE('',*,*,#4528,.T.);
#1905=ORIENTED_EDGE('',*,*,#4529,.T.);
#1906=ORIENTED_EDGE('',*,*,#4530,.T.);
#1907=ORIENTED_EDGE('',*,*,#4531,.T.);
#1908=ORIENTED_EDGE('',*,*,#4532,.T.);
#1909=ORIENTED_EDGE('',*,*,#4533,.T.);
#1910=ORIENTED_EDGE('',*,*,#4534,.T.);
#1911=ORIENTED_EDGE('',*,*,#4535,.T.);
#1912=ORIENTED_EDGE('',*,*,#4536,.T.);
#1913=ORIENTED_EDGE('',*,*,#4537,.T.);
#1914=ORIENTED_EDGE('',*,*,#4538,.T.);
#1915=ORIENTED_EDGE('',*,*,#4539,.T.);
#1916=ORIENTED_EDGE('',*,*,#4540,.T.);
#1917=ORIENTED_EDGE('',*,*,#4541,.T.);
#1918=ORIENTED_EDGE('',*,*,#4542,.T.);
#1919=ORIENTED_EDGE('',*,*,#4543,.T.);
#1920=ORIENTED_EDGE('',*,*,#4544,.T.);
#1921=ORIENTED_EDGE('',*,*,#4545,.T.);
#1922=ORIENTED_EDGE('',*,*,#4546,.T.);
#1923=ORIENTED_EDGE('',*,*,#4547,.T.);
#1924=ORIENTED_EDGE('',*,*,#4548,.T.);
#1925=ORIENTED_EDGE('',*,*,#4549,.T.);
#1926=ORIENTED_EDGE('',*,*,#4550,.T.);
#1927=ORIENTED_EDGE('',*,*,#4551,.T.);
#1928=ORIENTED_EDGE('',*,*,#4552,.T.);
#1929=ORIENTED_EDGE('',*,*,#4553,.T.);
#1930=ORIENTED_EDGE('',*,*,#4554,.T.);
#1931=ORIENTED_EDGE('',*,*,#4555,.T.);
#1932=ORIENTED_EDGE('',*,*,#4556,.T.);
#1933=ORIENTED_EDGE('',*,*,#4557,.T.);
#1934=ORIENTED_EDGE('',*,*,#4558,.T.);
#1935=ORIENTED_EDGE('',*,*,#4559,.T.);
#1936=ORIENTED_EDGE('',*,*,#4560,.T.);
#1937=ORIENTED_EDGE('',*,*,#4561,.T.);
#1938=ORIENTED_EDGE('',*,*,#4562,.T.);
#1939=ORIENTED_EDGE('',*,*,#4563,.T.);
#1940=ORIENTED_EDGE('',*,*,#4564,.T.);
#1941=ORIENTED_EDGE('',*,*,#4565,.T.);
#1942=ORIENTED_EDGE('',*,*,#4566,.T.);
#1943=ORIENTED_EDGE('',*,*,#4567,.T.);
#1944=ORIENTED_EDGE('',*,*,#4568,.T.);
#1945=ORIENTED_EDGE('',*,*,#4569,.T.);
#1946=ORIENTED_EDGE('',*,*,#4570,.T.);
#1947=ORIENTED_EDGE('',*,*,#4571,.T.);
#1948=ORIENTED_EDGE('',*,*,#4572,.T.);
#1949=ORIENTED_EDGE('',*,*,#4495,.F.);
#1950=ORIENTED_EDGE('',*,*,#4573,.F.);
#1951=ORIENTED_EDGE('',*,*,#4096,.T.);
#1952=ORIENTED_EDGE('',*,*,#4573,.T.);
#1953=ORIENTED_EDGE('',*,*,#4494,.F.);
#1954=ORIENTED_EDGE('',*,*,#4574,.F.);
#1955=ORIENTED_EDGE('',*,*,#4097,.T.);
#1956=ORIENTED_EDGE('',*,*,#4574,.T.);
#1957=ORIENTED_EDGE('',*,*,#4493,.F.);
#1958=ORIENTED_EDGE('',*,*,#4575,.F.);
#1959=ORIENTED_EDGE('',*,*,#4092,.T.);
#1960=ORIENTED_EDGE('',*,*,#4575,.T.);
#1961=ORIENTED_EDGE('',*,*,#4492,.F.);
#1962=ORIENTED_EDGE('',*,*,#4576,.F.);
#1963=ORIENTED_EDGE('',*,*,#4093,.T.);
#1964=ORIENTED_EDGE('',*,*,#4576,.T.);
#1965=ORIENTED_EDGE('',*,*,#4491,.F.);
#1966=ORIENTED_EDGE('',*,*,#4577,.F.);
#1967=ORIENTED_EDGE('',*,*,#4094,.T.);
#1968=ORIENTED_EDGE('',*,*,#4577,.T.);
#1969=ORIENTED_EDGE('',*,*,#4490,.F.);
#1970=ORIENTED_EDGE('',*,*,#4572,.F.);
#1971=ORIENTED_EDGE('',*,*,#4095,.T.);
#1972=ORIENTED_EDGE('',*,*,#4578,.T.);
#1973=ORIENTED_EDGE('',*,*,#4519,.F.);
#1974=ORIENTED_EDGE('',*,*,#4579,.F.);
#1975=ORIENTED_EDGE('',*,*,#4115,.T.);
#1976=ORIENTED_EDGE('',*,*,#4116,.T.);
#1977=ORIENTED_EDGE('',*,*,#4579,.T.);
#1978=ORIENTED_EDGE('',*,*,#4518,.F.);
#1979=ORIENTED_EDGE('',*,*,#4580,.F.);
#1980=ORIENTED_EDGE('',*,*,#4117,.T.);
#1981=ORIENTED_EDGE('',*,*,#4580,.T.);
#1982=ORIENTED_EDGE('',*,*,#4517,.F.);
#1983=ORIENTED_EDGE('',*,*,#4581,.F.);
#1984=ORIENTED_EDGE('',*,*,#4118,.T.);
#1985=ORIENTED_EDGE('',*,*,#4581,.T.);
#1986=ORIENTED_EDGE('',*,*,#4516,.F.);
#1987=ORIENTED_EDGE('',*,*,#4582,.F.);
#1988=ORIENTED_EDGE('',*,*,#4119,.T.);
#1989=ORIENTED_EDGE('',*,*,#4582,.T.);
#1990=ORIENTED_EDGE('',*,*,#4515,.F.);
#1991=ORIENTED_EDGE('',*,*,#4583,.F.);
#1992=ORIENTED_EDGE('',*,*,#4120,.T.);
#1993=ORIENTED_EDGE('',*,*,#4583,.T.);
#1994=ORIENTED_EDGE('',*,*,#4514,.F.);
#1995=ORIENTED_EDGE('',*,*,#4584,.F.);
#1996=ORIENTED_EDGE('',*,*,#4513,.F.);
#1997=ORIENTED_EDGE('',*,*,#4585,.F.);
#1998=ORIENTED_EDGE('',*,*,#4121,.T.);
#1999=ORIENTED_EDGE('',*,*,#4584,.T.);
#2000=ORIENTED_EDGE('',*,*,#4585,.T.);
#2001=ORIENTED_EDGE('',*,*,#4512,.F.);
#2002=ORIENTED_EDGE('',*,*,#4586,.F.);
#2003=ORIENTED_EDGE('',*,*,#4098,.T.);
#2004=ORIENTED_EDGE('',*,*,#4586,.T.);
#2005=ORIENTED_EDGE('',*,*,#4511,.F.);
#2006=ORIENTED_EDGE('',*,*,#4587,.F.);
#2007=ORIENTED_EDGE('',*,*,#4099,.T.);
#2008=ORIENTED_EDGE('',*,*,#4587,.T.);
#2009=ORIENTED_EDGE('',*,*,#4510,.F.);
#2010=ORIENTED_EDGE('',*,*,#4588,.F.);
#2011=ORIENTED_EDGE('',*,*,#4100,.T.);
#2012=ORIENTED_EDGE('',*,*,#4588,.T.);
#2013=ORIENTED_EDGE('',*,*,#4509,.F.);
#2014=ORIENTED_EDGE('',*,*,#4589,.F.);
#2015=ORIENTED_EDGE('',*,*,#4101,.T.);
#2016=ORIENTED_EDGE('',*,*,#4589,.T.);
#2017=ORIENTED_EDGE('',*,*,#4508,.F.);
#2018=ORIENTED_EDGE('',*,*,#4590,.F.);
#2019=ORIENTED_EDGE('',*,*,#4102,.T.);
#2020=ORIENTED_EDGE('',*,*,#4590,.T.);
#2021=ORIENTED_EDGE('',*,*,#4507,.F.);
#2022=ORIENTED_EDGE('',*,*,#4591,.F.);
#2023=ORIENTED_EDGE('',*,*,#4103,.T.);
#2024=ORIENTED_EDGE('',*,*,#4591,.T.);
#2025=ORIENTED_EDGE('',*,*,#4506,.F.);
#2026=ORIENTED_EDGE('',*,*,#4592,.F.);
#2027=ORIENTED_EDGE('',*,*,#4104,.T.);
#2028=ORIENTED_EDGE('',*,*,#4592,.T.);
#2029=ORIENTED_EDGE('',*,*,#4505,.F.);
#2030=ORIENTED_EDGE('',*,*,#4593,.F.);
#2031=ORIENTED_EDGE('',*,*,#4105,.T.);
#2032=ORIENTED_EDGE('',*,*,#4593,.T.);
#2033=ORIENTED_EDGE('',*,*,#4504,.F.);
#2034=ORIENTED_EDGE('',*,*,#4594,.F.);
#2035=ORIENTED_EDGE('',*,*,#4106,.T.);
#2036=ORIENTED_EDGE('',*,*,#4594,.T.);
#2037=ORIENTED_EDGE('',*,*,#4503,.F.);
#2038=ORIENTED_EDGE('',*,*,#4595,.F.);
#2039=ORIENTED_EDGE('',*,*,#4107,.T.);
#2040=ORIENTED_EDGE('',*,*,#4595,.T.);
#2041=ORIENTED_EDGE('',*,*,#4502,.F.);
#2042=ORIENTED_EDGE('',*,*,#4596,.F.);
#2043=ORIENTED_EDGE('',*,*,#4108,.T.);
#2044=ORIENTED_EDGE('',*,*,#4596,.T.);
#2045=ORIENTED_EDGE('',*,*,#4501,.F.);
#2046=ORIENTED_EDGE('',*,*,#4597,.F.);
#2047=ORIENTED_EDGE('',*,*,#4109,.T.);
#2048=ORIENTED_EDGE('',*,*,#4597,.T.);
#2049=ORIENTED_EDGE('',*,*,#4500,.F.);
#2050=ORIENTED_EDGE('',*,*,#4598,.F.);
#2051=ORIENTED_EDGE('',*,*,#4110,.T.);
#2052=ORIENTED_EDGE('',*,*,#4598,.T.);
#2053=ORIENTED_EDGE('',*,*,#4499,.F.);
#2054=ORIENTED_EDGE('',*,*,#4599,.F.);
#2055=ORIENTED_EDGE('',*,*,#4111,.T.);
#2056=ORIENTED_EDGE('',*,*,#4599,.T.);
#2057=ORIENTED_EDGE('',*,*,#4498,.F.);
#2058=ORIENTED_EDGE('',*,*,#4600,.F.);
#2059=ORIENTED_EDGE('',*,*,#4112,.T.);
#2060=ORIENTED_EDGE('',*,*,#4600,.T.);
#2061=ORIENTED_EDGE('',*,*,#4497,.F.);
#2062=ORIENTED_EDGE('',*,*,#4601,.F.);
#2063=ORIENTED_EDGE('',*,*,#4113,.T.);
#2064=ORIENTED_EDGE('',*,*,#4601,.T.);
#2065=ORIENTED_EDGE('',*,*,#4496,.F.);
#2066=ORIENTED_EDGE('',*,*,#4578,.F.);
#2067=ORIENTED_EDGE('',*,*,#4114,.T.);
#2068=ORIENTED_EDGE('',*,*,#4602,.T.);
#2069=ORIENTED_EDGE('',*,*,#4559,.F.);
#2070=ORIENTED_EDGE('',*,*,#4603,.F.);
#2071=ORIENTED_EDGE('',*,*,#4155,.T.);
#2072=ORIENTED_EDGE('',*,*,#4156,.T.);
#2073=ORIENTED_EDGE('',*,*,#4603,.T.);
#2074=ORIENTED_EDGE('',*,*,#4558,.F.);
#2075=ORIENTED_EDGE('',*,*,#4604,.F.);
#2076=ORIENTED_EDGE('',*,*,#4157,.T.);
#2077=ORIENTED_EDGE('',*,*,#4604,.T.);
#2078=ORIENTED_EDGE('',*,*,#4557,.F.);
#2079=ORIENTED_EDGE('',*,*,#4605,.F.);
#2080=ORIENTED_EDGE('',*,*,#4158,.T.);
#2081=ORIENTED_EDGE('',*,*,#4605,.T.);
#2082=ORIENTED_EDGE('',*,*,#4556,.F.);
#2083=ORIENTED_EDGE('',*,*,#4606,.F.);
#2084=ORIENTED_EDGE('',*,*,#4159,.T.);
#2085=ORIENTED_EDGE('',*,*,#4606,.T.);
#2086=ORIENTED_EDGE('',*,*,#4555,.F.);
#2087=ORIENTED_EDGE('',*,*,#4607,.F.);
#2088=ORIENTED_EDGE('',*,*,#4160,.T.);
#2089=ORIENTED_EDGE('',*,*,#4607,.T.);
#2090=ORIENTED_EDGE('',*,*,#4554,.F.);
#2091=ORIENTED_EDGE('',*,*,#4608,.F.);
#2092=ORIENTED_EDGE('',*,*,#4553,.F.);
#2093=ORIENTED_EDGE('',*,*,#4609,.F.);
#2094=ORIENTED_EDGE('',*,*,#4161,.T.);
#2095=ORIENTED_EDGE('',*,*,#4608,.T.);
#2096=ORIENTED_EDGE('',*,*,#4609,.T.);
#2097=ORIENTED_EDGE('',*,*,#4552,.F.);
#2098=ORIENTED_EDGE('',*,*,#4610,.F.);
#2099=ORIENTED_EDGE('',*,*,#4122,.T.);
#2100=ORIENTED_EDGE('',*,*,#4610,.T.);
#2101=ORIENTED_EDGE('',*,*,#4551,.F.);
#2102=ORIENTED_EDGE('',*,*,#4611,.F.);
#2103=ORIENTED_EDGE('',*,*,#4123,.T.);
#2104=ORIENTED_EDGE('',*,*,#4611,.T.);
#2105=ORIENTED_EDGE('',*,*,#4550,.F.);
#2106=ORIENTED_EDGE('',*,*,#4612,.F.);
#2107=ORIENTED_EDGE('',*,*,#4124,.T.);
#2108=ORIENTED_EDGE('',*,*,#4612,.T.);
#2109=ORIENTED_EDGE('',*,*,#4549,.F.);
#2110=ORIENTED_EDGE('',*,*,#4613,.F.);
#2111=ORIENTED_EDGE('',*,*,#4125,.T.);
#2112=ORIENTED_EDGE('',*,*,#4613,.T.);
#2113=ORIENTED_EDGE('',*,*,#4548,.F.);
#2114=ORIENTED_EDGE('',*,*,#4614,.F.);
#2115=ORIENTED_EDGE('',*,*,#4126,.T.);
#2116=ORIENTED_EDGE('',*,*,#4614,.T.);
#2117=ORIENTED_EDGE('',*,*,#4547,.F.);
#2118=ORIENTED_EDGE('',*,*,#4615,.F.);
#2119=ORIENTED_EDGE('',*,*,#4127,.T.);
#2120=ORIENTED_EDGE('',*,*,#4615,.T.);
#2121=ORIENTED_EDGE('',*,*,#4546,.F.);
#2122=ORIENTED_EDGE('',*,*,#4616,.F.);
#2123=ORIENTED_EDGE('',*,*,#4128,.T.);
#2124=ORIENTED_EDGE('',*,*,#4616,.T.);
#2125=ORIENTED_EDGE('',*,*,#4545,.F.);
#2126=ORIENTED_EDGE('',*,*,#4617,.F.);
#2127=ORIENTED_EDGE('',*,*,#4129,.T.);
#2128=ORIENTED_EDGE('',*,*,#4617,.T.);
#2129=ORIENTED_EDGE('',*,*,#4544,.F.);
#2130=ORIENTED_EDGE('',*,*,#4618,.F.);
#2131=ORIENTED_EDGE('',*,*,#4130,.T.);
#2132=ORIENTED_EDGE('',*,*,#4618,.T.);
#2133=ORIENTED_EDGE('',*,*,#4543,.F.);
#2134=ORIENTED_EDGE('',*,*,#4619,.F.);
#2135=ORIENTED_EDGE('',*,*,#4131,.T.);
#2136=ORIENTED_EDGE('',*,*,#4619,.T.);
#2137=ORIENTED_EDGE('',*,*,#4542,.F.);
#2138=ORIENTED_EDGE('',*,*,#4620,.F.);
#2139=ORIENTED_EDGE('',*,*,#4132,.T.);
#2140=ORIENTED_EDGE('',*,*,#4620,.T.);
#2141=ORIENTED_EDGE('',*,*,#4541,.F.);
#2142=ORIENTED_EDGE('',*,*,#4621,.F.);
#2143=ORIENTED_EDGE('',*,*,#4133,.T.);
#2144=ORIENTED_EDGE('',*,*,#4621,.T.);
#2145=ORIENTED_EDGE('',*,*,#4540,.F.);
#2146=ORIENTED_EDGE('',*,*,#4622,.F.);
#2147=ORIENTED_EDGE('',*,*,#4134,.T.);
#2148=ORIENTED_EDGE('',*,*,#4622,.T.);
#2149=ORIENTED_EDGE('',*,*,#4539,.F.);
#2150=ORIENTED_EDGE('',*,*,#4623,.F.);
#2151=ORIENTED_EDGE('',*,*,#4135,.T.);
#2152=ORIENTED_EDGE('',*,*,#4623,.T.);
#2153=ORIENTED_EDGE('',*,*,#4538,.F.);
#2154=ORIENTED_EDGE('',*,*,#4624,.F.);
#2155=ORIENTED_EDGE('',*,*,#4136,.T.);
#2156=ORIENTED_EDGE('',*,*,#4624,.T.);
#2157=ORIENTED_EDGE('',*,*,#4537,.F.);
#2158=ORIENTED_EDGE('',*,*,#4625,.F.);
#2159=ORIENTED_EDGE('',*,*,#4137,.T.);
#2160=ORIENTED_EDGE('',*,*,#4625,.T.);
#2161=ORIENTED_EDGE('',*,*,#4536,.F.);
#2162=ORIENTED_EDGE('',*,*,#4626,.F.);
#2163=ORIENTED_EDGE('',*,*,#4138,.T.);
#2164=ORIENTED_EDGE('',*,*,#4626,.T.);
#2165=ORIENTED_EDGE('',*,*,#4535,.F.);
#2166=ORIENTED_EDGE('',*,*,#4627,.F.);
#2167=ORIENTED_EDGE('',*,*,#4139,.T.);
#2168=ORIENTED_EDGE('',*,*,#4627,.T.);
#2169=ORIENTED_EDGE('',*,*,#4534,.F.);
#2170=ORIENTED_EDGE('',*,*,#4628,.F.);
#2171=ORIENTED_EDGE('',*,*,#4140,.T.);
#2172=ORIENTED_EDGE('',*,*,#4628,.T.);
#2173=ORIENTED_EDGE('',*,*,#4533,.F.);
#2174=ORIENTED_EDGE('',*,*,#4629,.F.);
#2175=ORIENTED_EDGE('',*,*,#4141,.T.);
#2176=ORIENTED_EDGE('',*,*,#4629,.T.);
#2177=ORIENTED_EDGE('',*,*,#4532,.F.);
#2178=ORIENTED_EDGE('',*,*,#4630,.F.);
#2179=ORIENTED_EDGE('',*,*,#4142,.T.);
#2180=ORIENTED_EDGE('',*,*,#4630,.T.);
#2181=ORIENTED_EDGE('',*,*,#4531,.F.);
#2182=ORIENTED_EDGE('',*,*,#4631,.F.);
#2183=ORIENTED_EDGE('',*,*,#4143,.T.);
#2184=ORIENTED_EDGE('',*,*,#4631,.T.);
#2185=ORIENTED_EDGE('',*,*,#4530,.F.);
#2186=ORIENTED_EDGE('',*,*,#4632,.F.);
#2187=ORIENTED_EDGE('',*,*,#4144,.T.);
#2188=ORIENTED_EDGE('',*,*,#4632,.T.);
#2189=ORIENTED_EDGE('',*,*,#4529,.F.);
#2190=ORIENTED_EDGE('',*,*,#4633,.F.);
#2191=ORIENTED_EDGE('',*,*,#4145,.T.);
#2192=ORIENTED_EDGE('',*,*,#4633,.T.);
#2193=ORIENTED_EDGE('',*,*,#4528,.F.);
#2194=ORIENTED_EDGE('',*,*,#4634,.F.);
#2195=ORIENTED_EDGE('',*,*,#4146,.T.);
#2196=ORIENTED_EDGE('',*,*,#4634,.T.);
#2197=ORIENTED_EDGE('',*,*,#4527,.F.);
#2198=ORIENTED_EDGE('',*,*,#4635,.F.);
#2199=ORIENTED_EDGE('',*,*,#4147,.T.);
#2200=ORIENTED_EDGE('',*,*,#4635,.T.);
#2201=ORIENTED_EDGE('',*,*,#4526,.F.);
#2202=ORIENTED_EDGE('',*,*,#4636,.F.);
#2203=ORIENTED_EDGE('',*,*,#4148,.T.);
#2204=ORIENTED_EDGE('',*,*,#4636,.T.);
#2205=ORIENTED_EDGE('',*,*,#4525,.F.);
#2206=ORIENTED_EDGE('',*,*,#4637,.F.);
#2207=ORIENTED_EDGE('',*,*,#4149,.T.);
#2208=ORIENTED_EDGE('',*,*,#4637,.T.);
#2209=ORIENTED_EDGE('',*,*,#4524,.F.);
#2210=ORIENTED_EDGE('',*,*,#4638,.F.);
#2211=ORIENTED_EDGE('',*,*,#4150,.T.);
#2212=ORIENTED_EDGE('',*,*,#4638,.T.);
#2213=ORIENTED_EDGE('',*,*,#4523,.F.);
#2214=ORIENTED_EDGE('',*,*,#4639,.F.);
#2215=ORIENTED_EDGE('',*,*,#4151,.T.);
#2216=ORIENTED_EDGE('',*,*,#4639,.T.);
#2217=ORIENTED_EDGE('',*,*,#4522,.F.);
#2218=ORIENTED_EDGE('',*,*,#4640,.F.);
#2219=ORIENTED_EDGE('',*,*,#4152,.T.);
#2220=ORIENTED_EDGE('',*,*,#4640,.T.);
#2221=ORIENTED_EDGE('',*,*,#4521,.F.);
#2222=ORIENTED_EDGE('',*,*,#4641,.F.);
#2223=ORIENTED_EDGE('',*,*,#4153,.T.);
#2224=ORIENTED_EDGE('',*,*,#4641,.T.);
#2225=ORIENTED_EDGE('',*,*,#4520,.F.);
#2226=ORIENTED_EDGE('',*,*,#4602,.F.);
#2227=ORIENTED_EDGE('',*,*,#4154,.T.);
#2228=ORIENTED_EDGE('',*,*,#4571,.F.);
#2229=ORIENTED_EDGE('',*,*,#4642,.F.);
#2230=ORIENTED_EDGE('',*,*,#4173,.T.);
#2231=ORIENTED_EDGE('',*,*,#4643,.T.);
#2232=ORIENTED_EDGE('',*,*,#4172,.T.);
#2233=ORIENTED_EDGE('',*,*,#4644,.T.);
#2234=ORIENTED_EDGE('',*,*,#4560,.F.);
#2235=ORIENTED_EDGE('',*,*,#4643,.F.);
#2236=ORIENTED_EDGE('',*,*,#4171,.T.);
#2237=ORIENTED_EDGE('',*,*,#4645,.T.);
#2238=ORIENTED_EDGE('',*,*,#4561,.F.);
#2239=ORIENTED_EDGE('',*,*,#4644,.F.);
#2240=ORIENTED_EDGE('',*,*,#4170,.T.);
#2241=ORIENTED_EDGE('',*,*,#4646,.T.);
#2242=ORIENTED_EDGE('',*,*,#4562,.F.);
#2243=ORIENTED_EDGE('',*,*,#4645,.F.);
#2244=ORIENTED_EDGE('',*,*,#4169,.T.);
#2245=ORIENTED_EDGE('',*,*,#4647,.T.);
#2246=ORIENTED_EDGE('',*,*,#4563,.F.);
#2247=ORIENTED_EDGE('',*,*,#4646,.F.);
#2248=ORIENTED_EDGE('',*,*,#4168,.T.);
#2249=ORIENTED_EDGE('',*,*,#4648,.T.);
#2250=ORIENTED_EDGE('',*,*,#4564,.F.);
#2251=ORIENTED_EDGE('',*,*,#4647,.F.);
#2252=ORIENTED_EDGE('',*,*,#4167,.T.);
#2253=ORIENTED_EDGE('',*,*,#4649,.T.);
#2254=ORIENTED_EDGE('',*,*,#4565,.F.);
#2255=ORIENTED_EDGE('',*,*,#4648,.F.);
#2256=ORIENTED_EDGE('',*,*,#4166,.T.);
#2257=ORIENTED_EDGE('',*,*,#4650,.T.);
#2258=ORIENTED_EDGE('',*,*,#4566,.F.);
#2259=ORIENTED_EDGE('',*,*,#4649,.F.);
#2260=ORIENTED_EDGE('',*,*,#4165,.T.);
#2261=ORIENTED_EDGE('',*,*,#4651,.T.);
#2262=ORIENTED_EDGE('',*,*,#4567,.F.);
#2263=ORIENTED_EDGE('',*,*,#4650,.F.);
#2264=ORIENTED_EDGE('',*,*,#4164,.T.);
#2265=ORIENTED_EDGE('',*,*,#4652,.T.);
#2266=ORIENTED_EDGE('',*,*,#4568,.F.);
#2267=ORIENTED_EDGE('',*,*,#4651,.F.);
#2268=ORIENTED_EDGE('',*,*,#4163,.T.);
#2269=ORIENTED_EDGE('',*,*,#4653,.T.);
#2270=ORIENTED_EDGE('',*,*,#4569,.F.);
#2271=ORIENTED_EDGE('',*,*,#4652,.F.);
#2272=ORIENTED_EDGE('',*,*,#4162,.T.);
#2273=ORIENTED_EDGE('',*,*,#4642,.T.);
#2274=ORIENTED_EDGE('',*,*,#4570,.F.);
#2275=ORIENTED_EDGE('',*,*,#4653,.F.);
#2276=ORIENTED_EDGE('',*,*,#4654,.T.);
#2277=ORIENTED_EDGE('',*,*,#4655,.F.);
#2278=ORIENTED_EDGE('',*,*,#4656,.F.);
#2279=ORIENTED_EDGE('',*,*,#3958,.T.);
#2280=ORIENTED_EDGE('',*,*,#4656,.T.);
#2281=ORIENTED_EDGE('',*,*,#4657,.F.);
#2282=ORIENTED_EDGE('',*,*,#4658,.F.);
#2283=ORIENTED_EDGE('',*,*,#3952,.T.);
#2284=ORIENTED_EDGE('',*,*,#4658,.T.);
#2285=ORIENTED_EDGE('',*,*,#4659,.F.);
#2286=ORIENTED_EDGE('',*,*,#4660,.F.);
#2287=ORIENTED_EDGE('',*,*,#3953,.T.);
#2288=ORIENTED_EDGE('',*,*,#4660,.T.);
#2289=ORIENTED_EDGE('',*,*,#4661,.F.);
#2290=ORIENTED_EDGE('',*,*,#4662,.F.);
#2291=ORIENTED_EDGE('',*,*,#3954,.T.);
#2292=ORIENTED_EDGE('',*,*,#4662,.T.);
#2293=ORIENTED_EDGE('',*,*,#4663,.F.);
#2294=ORIENTED_EDGE('',*,*,#4664,.F.);
#2295=ORIENTED_EDGE('',*,*,#3955,.T.);
#2296=ORIENTED_EDGE('',*,*,#4664,.T.);
#2297=ORIENTED_EDGE('',*,*,#4665,.F.);
#2298=ORIENTED_EDGE('',*,*,#4666,.F.);
#2299=ORIENTED_EDGE('',*,*,#3956,.F.);
#2300=ORIENTED_EDGE('',*,*,#4666,.T.);
#2301=ORIENTED_EDGE('',*,*,#4667,.F.);
#2302=ORIENTED_EDGE('',*,*,#4654,.F.);
#2303=ORIENTED_EDGE('',*,*,#3957,.T.);
#2304=ORIENTED_EDGE('',*,*,#4667,.T.);
#2305=ORIENTED_EDGE('',*,*,#4665,.T.);
#2306=ORIENTED_EDGE('',*,*,#4663,.T.);
#2307=ORIENTED_EDGE('',*,*,#4661,.T.);
#2308=ORIENTED_EDGE('',*,*,#4659,.T.);
#2309=ORIENTED_EDGE('',*,*,#4657,.T.);
#2310=ORIENTED_EDGE('',*,*,#4655,.T.);
#2311=ORIENTED_EDGE('',*,*,#4668,.T.);
#2312=ORIENTED_EDGE('',*,*,#4669,.F.);
#2313=ORIENTED_EDGE('',*,*,#4091,.F.);
#2314=ORIENTED_EDGE('',*,*,#4670,.T.);
#2315=ORIENTED_EDGE('',*,*,#4090,.F.);
#2316=ORIENTED_EDGE('',*,*,#4671,.T.);
#2317=ORIENTED_EDGE('',*,*,#4672,.T.);
#2318=ORIENTED_EDGE('',*,*,#4670,.F.);
#2319=ORIENTED_EDGE('',*,*,#4672,.F.);
#2320=ORIENTED_EDGE('',*,*,#4673,.F.);
#2321=ORIENTED_EDGE('',*,*,#4674,.F.);
#2322=ORIENTED_EDGE('',*,*,#4675,.F.);
#2323=ORIENTED_EDGE('',*,*,#4676,.F.);
#2324=ORIENTED_EDGE('',*,*,#4677,.F.);
#2325=ORIENTED_EDGE('',*,*,#4668,.F.);
#2326=ORIENTED_EDGE('',*,*,#4677,.T.);
#2327=ORIENTED_EDGE('',*,*,#4678,.F.);
#2328=ORIENTED_EDGE('',*,*,#4085,.F.);
#2329=ORIENTED_EDGE('',*,*,#4669,.T.);
#2330=ORIENTED_EDGE('',*,*,#4676,.T.);
#2331=ORIENTED_EDGE('',*,*,#4679,.F.);
#2332=ORIENTED_EDGE('',*,*,#4086,.T.);
#2333=ORIENTED_EDGE('',*,*,#4678,.T.);
#2334=ORIENTED_EDGE('',*,*,#4675,.T.);
#2335=ORIENTED_EDGE('',*,*,#4680,.F.);
#2336=ORIENTED_EDGE('',*,*,#4087,.F.);
#2337=ORIENTED_EDGE('',*,*,#4679,.T.);
#2338=ORIENTED_EDGE('',*,*,#4674,.T.);
#2339=ORIENTED_EDGE('',*,*,#4681,.F.);
#2340=ORIENTED_EDGE('',*,*,#4088,.F.);
#2341=ORIENTED_EDGE('',*,*,#4680,.T.);
#2342=ORIENTED_EDGE('',*,*,#4673,.T.);
#2343=ORIENTED_EDGE('',*,*,#4671,.F.);
#2344=ORIENTED_EDGE('',*,*,#4089,.F.);
#2345=ORIENTED_EDGE('',*,*,#4681,.T.);
#2346=ORIENTED_EDGE('',*,*,#4682,.T.);
#2347=ORIENTED_EDGE('',*,*,#4683,.F.);
#2348=ORIENTED_EDGE('',*,*,#4684,.F.);
#2349=ORIENTED_EDGE('',*,*,#3951,.T.);
#2350=ORIENTED_EDGE('',*,*,#4684,.T.);
#2351=ORIENTED_EDGE('',*,*,#4685,.F.);
#2352=ORIENTED_EDGE('',*,*,#4686,.F.);
#2353=ORIENTED_EDGE('',*,*,#3948,.T.);
#2354=ORIENTED_EDGE('',*,*,#4686,.T.);
#2355=ORIENTED_EDGE('',*,*,#4687,.F.);
#2356=ORIENTED_EDGE('',*,*,#4688,.F.);
#2357=ORIENTED_EDGE('',*,*,#3949,.T.);
#2358=ORIENTED_EDGE('',*,*,#4688,.T.);
#2359=ORIENTED_EDGE('',*,*,#4689,.F.);
#2360=ORIENTED_EDGE('',*,*,#4690,.F.);
#2361=ORIENTED_EDGE('',*,*,#4691,.T.);
#2362=ORIENTED_EDGE('',*,*,#3950,.T.);
#2363=ORIENTED_EDGE('',*,*,#4691,.F.);
#2364=ORIENTED_EDGE('',*,*,#4692,.F.);
#2365=ORIENTED_EDGE('',*,*,#4693,.F.);
#2366=ORIENTED_EDGE('',*,*,#4694,.T.);
#2367=ORIENTED_EDGE('',*,*,#4695,.F.);
#2368=ORIENTED_EDGE('',*,*,#4682,.F.);
#2369=ORIENTED_EDGE('',*,*,#4693,.T.);
#2370=ORIENTED_EDGE('',*,*,#4696,.T.);
#2371=ORIENTED_EDGE('',*,*,#4697,.F.);
#2372=ORIENTED_EDGE('',*,*,#4698,.F.);
#2373=ORIENTED_EDGE('',*,*,#4699,.F.);
#2374=ORIENTED_EDGE('',*,*,#4700,.F.);
#2375=ORIENTED_EDGE('',*,*,#4683,.T.);
#2376=ORIENTED_EDGE('',*,*,#4695,.T.);
#2377=ORIENTED_EDGE('',*,*,#4701,.T.);
#2378=ORIENTED_EDGE('',*,*,#4702,.F.);
#2379=ORIENTED_EDGE('',*,*,#4701,.F.);
#2380=ORIENTED_EDGE('',*,*,#4694,.F.);
#2381=ORIENTED_EDGE('',*,*,#4703,.T.);
#2382=ORIENTED_EDGE('',*,*,#4692,.T.);
#2383=ORIENTED_EDGE('',*,*,#4704,.F.);
#2384=ORIENTED_EDGE('',*,*,#4705,.T.);
#2385=ORIENTED_EDGE('',*,*,#4706,.T.);
#2386=ORIENTED_EDGE('',*,*,#4707,.F.);
#2387=ORIENTED_EDGE('',*,*,#4708,.F.);
#2388=ORIENTED_EDGE('',*,*,#4709,.F.);
#2389=ORIENTED_EDGE('',*,*,#4710,.F.);
#2390=ORIENTED_EDGE('',*,*,#4711,.T.);
#2391=ORIENTED_EDGE('',*,*,#4712,.F.);
#2392=ORIENTED_EDGE('',*,*,#4713,.T.);
#2393=ORIENTED_EDGE('',*,*,#4714,.F.);
#2394=ORIENTED_EDGE('',*,*,#4715,.T.);
#2395=ORIENTED_EDGE('',*,*,#4716,.F.);
#2396=ORIENTED_EDGE('',*,*,#4717,.T.);
#2397=ORIENTED_EDGE('',*,*,#4703,.F.);
#2398=ORIENTED_EDGE('',*,*,#4705,.F.);
#2399=ORIENTED_EDGE('',*,*,#4718,.T.);
#2400=ORIENTED_EDGE('',*,*,#4719,.F.);
#2401=ORIENTED_EDGE('',*,*,#4720,.T.);
#2402=ORIENTED_EDGE('',*,*,#4721,.F.);
#2403=ORIENTED_EDGE('',*,*,#4722,.T.);
#2404=ORIENTED_EDGE('',*,*,#4723,.F.);
#2405=ORIENTED_EDGE('',*,*,#4724,.T.);
#2406=ORIENTED_EDGE('',*,*,#4709,.T.);
#2407=ORIENTED_EDGE('',*,*,#4725,.T.);
#2408=ORIENTED_EDGE('',*,*,#4726,.T.);
#2409=ORIENTED_EDGE('',*,*,#4727,.F.);
#2410=ORIENTED_EDGE('',*,*,#4728,.T.);
#2411=ORIENTED_EDGE('',*,*,#4729,.F.);
#2412=ORIENTED_EDGE('',*,*,#4730,.T.);
#2413=ORIENTED_EDGE('',*,*,#4696,.F.);
#2414=ORIENTED_EDGE('',*,*,#4702,.T.);
#2415=ORIENTED_EDGE('',*,*,#4717,.F.);
#2416=ORIENTED_EDGE('',*,*,#4731,.T.);
#2417=ORIENTED_EDGE('',*,*,#4732,.F.);
#2418=ORIENTED_EDGE('',*,*,#4733,.T.);
#2419=ORIENTED_EDGE('',*,*,#4734,.F.);
#2420=ORIENTED_EDGE('',*,*,#4735,.T.);
#2421=ORIENTED_EDGE('',*,*,#4736,.F.);
#2422=ORIENTED_EDGE('',*,*,#4737,.T.);
#2423=ORIENTED_EDGE('',*,*,#4713,.F.);
#2424=ORIENTED_EDGE('',*,*,#4738,.F.);
#2425=ORIENTED_EDGE('',*,*,#4706,.F.);
#2426=ORIENTED_EDGE('',*,*,#4725,.F.);
#2427=ORIENTED_EDGE('',*,*,#4708,.T.);
#2428=ORIENTED_EDGE('',*,*,#4738,.T.);
#2429=ORIENTED_EDGE('',*,*,#4707,.T.);
#2430=ORIENTED_EDGE('',*,*,#4739,.F.);
#2431=ORIENTED_EDGE('',*,*,#4740,.F.);
#2432=ORIENTED_EDGE('',*,*,#4741,.T.);
#2433=ORIENTED_EDGE('',*,*,#4742,.F.);
#2434=ORIENTED_EDGE('',*,*,#4743,.F.);
#2435=ORIENTED_EDGE('',*,*,#4740,.T.);
#2436=ORIENTED_EDGE('',*,*,#4743,.T.);
#2437=ORIENTED_EDGE('',*,*,#4744,.F.);
#2438=ORIENTED_EDGE('',*,*,#4741,.F.);
#2439=ORIENTED_EDGE('',*,*,#4739,.T.);
#2440=ORIENTED_EDGE('',*,*,#4744,.T.);
#2441=ORIENTED_EDGE('',*,*,#4742,.T.);
#2442=ORIENTED_EDGE('',*,*,#4745,.T.);
#2443=ORIENTED_EDGE('',*,*,#4746,.F.);
#2444=ORIENTED_EDGE('',*,*,#4747,.T.);
#2445=ORIENTED_EDGE('',*,*,#4748,.F.);
#2446=ORIENTED_EDGE('',*,*,#4749,.T.);
#2447=ORIENTED_EDGE('',*,*,#4750,.F.);
#2448=ORIENTED_EDGE('',*,*,#4751,.T.);
#2449=ORIENTED_EDGE('',*,*,#4752,.F.);
#2450=ORIENTED_EDGE('',*,*,#4753,.T.);
#2451=ORIENTED_EDGE('',*,*,#4754,.F.);
#2452=ORIENTED_EDGE('',*,*,#4755,.T.);
#2453=ORIENTED_EDGE('',*,*,#4756,.F.);
#2454=ORIENTED_EDGE('',*,*,#4757,.T.);
#2455=ORIENTED_EDGE('',*,*,#4758,.F.);
#2456=ORIENTED_EDGE('',*,*,#4759,.T.);
#2457=ORIENTED_EDGE('',*,*,#4760,.F.);
#2458=ORIENTED_EDGE('',*,*,#4761,.T.);
#2459=ORIENTED_EDGE('',*,*,#4762,.F.);
#2460=ORIENTED_EDGE('',*,*,#4763,.T.);
#2461=ORIENTED_EDGE('',*,*,#4764,.T.);
#2462=ORIENTED_EDGE('',*,*,#4762,.T.);
#2463=ORIENTED_EDGE('',*,*,#4765,.F.);
#2464=ORIENTED_EDGE('',*,*,#4761,.F.);
#2465=ORIENTED_EDGE('',*,*,#4766,.F.);
#2466=ORIENTED_EDGE('',*,*,#4767,.T.);
#2467=ORIENTED_EDGE('',*,*,#4765,.T.);
#2468=ORIENTED_EDGE('',*,*,#4767,.F.);
#2469=ORIENTED_EDGE('',*,*,#4768,.T.);
#2470=ORIENTED_EDGE('',*,*,#4769,.T.);
#2471=ORIENTED_EDGE('',*,*,#4770,.T.);
#2472=ORIENTED_EDGE('',*,*,#4771,.T.);
#2473=ORIENTED_EDGE('',*,*,#4763,.F.);
#2474=ORIENTED_EDGE('',*,*,#4769,.F.);
#2475=ORIENTED_EDGE('',*,*,#4772,.T.);
#2476=ORIENTED_EDGE('',*,*,#4773,.F.);
#2477=ORIENTED_EDGE('',*,*,#4771,.F.);
#2478=ORIENTED_EDGE('',*,*,#4745,.F.);
#2479=ORIENTED_EDGE('',*,*,#4764,.F.);
#2480=ORIENTED_EDGE('',*,*,#4773,.T.);
#2481=ORIENTED_EDGE('',*,*,#4774,.T.);
#2482=ORIENTED_EDGE('',*,*,#4775,.F.);
#2483=ORIENTED_EDGE('',*,*,#4776,.F.);
#2484=ORIENTED_EDGE('',*,*,#4777,.T.);
#2485=ORIENTED_EDGE('',*,*,#4778,.T.);
#2486=ORIENTED_EDGE('',*,*,#4779,.T.);
#2487=ORIENTED_EDGE('',*,*,#4746,.T.);
#2488=ORIENTED_EDGE('',*,*,#4774,.F.);
#2489=ORIENTED_EDGE('',*,*,#4780,.F.);
#2490=ORIENTED_EDGE('',*,*,#4781,.T.);
#2491=ORIENTED_EDGE('',*,*,#4782,.T.);
#2492=ORIENTED_EDGE('',*,*,#4747,.F.);
#2493=ORIENTED_EDGE('',*,*,#4779,.F.);
#2494=ORIENTED_EDGE('',*,*,#4783,.T.);
#2495=ORIENTED_EDGE('',*,*,#4784,.F.);
#2496=ORIENTED_EDGE('',*,*,#4785,.T.);
#2497=ORIENTED_EDGE('',*,*,#4786,.T.);
#2498=ORIENTED_EDGE('',*,*,#4759,.F.);
#2499=ORIENTED_EDGE('',*,*,#4787,.F.);
#2500=ORIENTED_EDGE('',*,*,#4788,.T.);
#2501=ORIENTED_EDGE('',*,*,#4789,.F.);
#2502=ORIENTED_EDGE('',*,*,#4790,.T.);
#2503=ORIENTED_EDGE('',*,*,#4791,.T.);
#2504=ORIENTED_EDGE('',*,*,#4753,.F.);
#2505=ORIENTED_EDGE('',*,*,#4792,.F.);
#2506=ORIENTED_EDGE('',*,*,#4793,.T.);
#2507=ORIENTED_EDGE('',*,*,#4778,.F.);
#2508=ORIENTED_EDGE('',*,*,#4794,.F.);
#2509=ORIENTED_EDGE('',*,*,#4795,.T.);
#2510=ORIENTED_EDGE('',*,*,#4783,.F.);
#2511=ORIENTED_EDGE('',*,*,#4796,.F.);
#2512=ORIENTED_EDGE('',*,*,#4797,.F.);
#2513=ORIENTED_EDGE('',*,*,#4798,.F.);
#2514=ORIENTED_EDGE('',*,*,#4799,.F.);
#2515=ORIENTED_EDGE('',*,*,#4800,.F.);
#2516=ORIENTED_EDGE('',*,*,#4801,.F.);
#2517=ORIENTED_EDGE('',*,*,#4802,.F.);
#2518=ORIENTED_EDGE('',*,*,#4803,.F.);
#2519=ORIENTED_EDGE('',*,*,#4780,.T.);
#2520=ORIENTED_EDGE('',*,*,#4795,.F.);
#2521=ORIENTED_EDGE('',*,*,#4804,.F.);
#2522=ORIENTED_EDGE('',*,*,#4805,.F.);
#2523=ORIENTED_EDGE('',*,*,#4806,.F.);
#2524=ORIENTED_EDGE('',*,*,#4807,.F.);
#2525=ORIENTED_EDGE('',*,*,#4808,.F.);
#2526=ORIENTED_EDGE('',*,*,#4809,.F.);
#2527=ORIENTED_EDGE('',*,*,#4810,.F.);
#2528=ORIENTED_EDGE('',*,*,#4811,.F.);
#2529=ORIENTED_EDGE('',*,*,#4784,.T.);
#2530=ORIENTED_EDGE('',*,*,#4812,.F.);
#2531=ORIENTED_EDGE('',*,*,#4813,.F.);
#2532=ORIENTED_EDGE('',*,*,#4814,.F.);
#2533=ORIENTED_EDGE('',*,*,#4815,.F.);
#2534=ORIENTED_EDGE('',*,*,#4816,.F.);
#2535=ORIENTED_EDGE('',*,*,#4817,.F.);
#2536=ORIENTED_EDGE('',*,*,#4818,.F.);
#2537=ORIENTED_EDGE('',*,*,#4819,.F.);
#2538=ORIENTED_EDGE('',*,*,#4820,.F.);
#2539=ORIENTED_EDGE('',*,*,#4789,.T.);
#2540=ORIENTED_EDGE('',*,*,#4821,.F.);
#2541=ORIENTED_EDGE('',*,*,#4803,.T.);
#2542=ORIENTED_EDGE('',*,*,#4822,.T.);
#2543=ORIENTED_EDGE('',*,*,#4823,.F.);
#2544=ORIENTED_EDGE('',*,*,#4781,.F.);
#2545=ORIENTED_EDGE('',*,*,#4824,.F.);
#2546=ORIENTED_EDGE('',*,*,#4825,.F.);
#2547=ORIENTED_EDGE('',*,*,#4748,.T.);
#2548=ORIENTED_EDGE('',*,*,#4782,.F.);
#2549=ORIENTED_EDGE('',*,*,#4823,.T.);
#2550=ORIENTED_EDGE('',*,*,#4826,.F.);
#2551=ORIENTED_EDGE('',*,*,#4827,.F.);
#2552=ORIENTED_EDGE('',*,*,#4828,.T.);
#2553=ORIENTED_EDGE('',*,*,#4827,.T.);
#2554=ORIENTED_EDGE('',*,*,#4829,.F.);
#2555=ORIENTED_EDGE('',*,*,#4830,.F.);
#2556=ORIENTED_EDGE('',*,*,#4831,.F.);
#2557=ORIENTED_EDGE('',*,*,#4832,.F.);
#2558=ORIENTED_EDGE('',*,*,#4833,.F.);
#2559=ORIENTED_EDGE('',*,*,#4834,.F.);
#2560=ORIENTED_EDGE('',*,*,#4835,.F.);
#2561=ORIENTED_EDGE('',*,*,#4836,.F.);
#2562=ORIENTED_EDGE('',*,*,#4837,.F.);
#2563=ORIENTED_EDGE('',*,*,#4838,.F.);
#2564=ORIENTED_EDGE('',*,*,#4839,.F.);
#2565=ORIENTED_EDGE('',*,*,#4840,.F.);
#2566=ORIENTED_EDGE('',*,*,#4841,.T.);
#2567=ORIENTED_EDGE('',*,*,#4842,.T.);
#2568=ORIENTED_EDGE('',*,*,#4843,.T.);
#2569=ORIENTED_EDGE('',*,*,#4844,.T.);
#2570=ORIENTED_EDGE('',*,*,#4845,.T.);
#2571=ORIENTED_EDGE('',*,*,#4846,.T.);
#2572=ORIENTED_EDGE('',*,*,#4847,.T.);
#2573=ORIENTED_EDGE('',*,*,#4848,.T.);
#2574=ORIENTED_EDGE('',*,*,#4849,.T.);
#2575=ORIENTED_EDGE('',*,*,#4850,.T.);
#2576=ORIENTED_EDGE('',*,*,#4851,.T.);
#2577=ORIENTED_EDGE('',*,*,#4852,.T.);
#2578=ORIENTED_EDGE('',*,*,#4853,.T.);
#2579=ORIENTED_EDGE('',*,*,#4830,.T.);
#2580=ORIENTED_EDGE('',*,*,#4854,.T.);
#2581=ORIENTED_EDGE('',*,*,#4855,.T.);
#2582=ORIENTED_EDGE('',*,*,#4856,.T.);
#2583=ORIENTED_EDGE('',*,*,#4857,.T.);
#2584=ORIENTED_EDGE('',*,*,#4858,.T.);
#2585=ORIENTED_EDGE('',*,*,#4859,.T.);
#2586=ORIENTED_EDGE('',*,*,#4860,.T.);
#2587=ORIENTED_EDGE('',*,*,#4861,.T.);
#2588=ORIENTED_EDGE('',*,*,#4862,.T.);
#2589=ORIENTED_EDGE('',*,*,#4863,.T.);
#2590=ORIENTED_EDGE('',*,*,#4864,.T.);
#2591=ORIENTED_EDGE('',*,*,#4865,.F.);
#2592=ORIENTED_EDGE('',*,*,#4866,.T.);
#2593=ORIENTED_EDGE('',*,*,#4867,.F.);
#2594=ORIENTED_EDGE('',*,*,#4868,.F.);
#2595=ORIENTED_EDGE('',*,*,#4869,.F.);
#2596=ORIENTED_EDGE('',*,*,#4870,.T.);
#2597=ORIENTED_EDGE('',*,*,#4871,.F.);
#2598=ORIENTED_EDGE('',*,*,#4872,.F.);
#2599=ORIENTED_EDGE('',*,*,#4873,.F.);
#2600=ORIENTED_EDGE('',*,*,#4874,.T.);
#2601=ORIENTED_EDGE('',*,*,#4875,.F.);
#2602=ORIENTED_EDGE('',*,*,#4876,.F.);
#2603=ORIENTED_EDGE('',*,*,#4877,.F.);
#2604=ORIENTED_EDGE('',*,*,#4878,.F.);
#2605=ORIENTED_EDGE('',*,*,#4879,.F.);
#2606=ORIENTED_EDGE('',*,*,#4880,.T.);
#2607=ORIENTED_EDGE('',*,*,#4881,.F.);
#2608=ORIENTED_EDGE('',*,*,#4882,.F.);
#2609=ORIENTED_EDGE('',*,*,#4877,.T.);
#2610=ORIENTED_EDGE('',*,*,#4882,.T.);
#2611=ORIENTED_EDGE('',*,*,#4883,.F.);
#2612=ORIENTED_EDGE('',*,*,#4884,.F.);
#2613=ORIENTED_EDGE('',*,*,#4874,.F.);
#2614=ORIENTED_EDGE('',*,*,#4884,.T.);
#2615=ORIENTED_EDGE('',*,*,#4885,.F.);
#2616=ORIENTED_EDGE('',*,*,#4886,.F.);
#2617=ORIENTED_EDGE('',*,*,#4875,.T.);
#2618=ORIENTED_EDGE('',*,*,#4886,.T.);
#2619=ORIENTED_EDGE('',*,*,#4887,.F.);
#2620=ORIENTED_EDGE('',*,*,#4880,.F.);
#2621=ORIENTED_EDGE('',*,*,#4876,.T.);
#2622=ORIENTED_EDGE('',*,*,#4887,.T.);
#2623=ORIENTED_EDGE('',*,*,#4885,.T.);
#2624=ORIENTED_EDGE('',*,*,#4883,.T.);
#2625=ORIENTED_EDGE('',*,*,#4881,.T.);
#2626=ORIENTED_EDGE('',*,*,#4869,.T.);
#2627=ORIENTED_EDGE('',*,*,#4888,.T.);
#2628=ORIENTED_EDGE('',*,*,#4889,.F.);
#2629=ORIENTED_EDGE('',*,*,#4890,.F.);
#2630=ORIENTED_EDGE('',*,*,#4891,.F.);
#2631=ORIENTED_EDGE('',*,*,#4892,.F.);
#2632=ORIENTED_EDGE('',*,*,#4866,.F.);
#2633=ORIENTED_EDGE('',*,*,#4890,.T.);
#2634=ORIENTED_EDGE('',*,*,#4867,.T.);
#2635=ORIENTED_EDGE('',*,*,#4892,.T.);
#2636=ORIENTED_EDGE('',*,*,#4893,.F.);
#2637=ORIENTED_EDGE('',*,*,#4894,.F.);
#2638=ORIENTED_EDGE('',*,*,#4868,.T.);
#2639=ORIENTED_EDGE('',*,*,#4894,.T.);
#2640=ORIENTED_EDGE('',*,*,#4895,.F.);
#2641=ORIENTED_EDGE('',*,*,#4888,.F.);
#2642=ORIENTED_EDGE('',*,*,#4895,.T.);
#2643=ORIENTED_EDGE('',*,*,#4893,.T.);
#2644=ORIENTED_EDGE('',*,*,#4891,.T.);
#2645=ORIENTED_EDGE('',*,*,#4889,.T.);
#2646=ORIENTED_EDGE('',*,*,#4873,.T.);
#2647=ORIENTED_EDGE('',*,*,#4896,.T.);
#2648=ORIENTED_EDGE('',*,*,#4897,.F.);
#2649=ORIENTED_EDGE('',*,*,#4898,.F.);
#2650=ORIENTED_EDGE('',*,*,#4899,.F.);
#2651=ORIENTED_EDGE('',*,*,#4900,.F.);
#2652=ORIENTED_EDGE('',*,*,#4870,.F.);
#2653=ORIENTED_EDGE('',*,*,#4898,.T.);
#2654=ORIENTED_EDGE('',*,*,#4871,.T.);
#2655=ORIENTED_EDGE('',*,*,#4900,.T.);
#2656=ORIENTED_EDGE('',*,*,#4901,.F.);
#2657=ORIENTED_EDGE('',*,*,#4902,.F.);
#2658=ORIENTED_EDGE('',*,*,#4872,.T.);
#2659=ORIENTED_EDGE('',*,*,#4902,.T.);
#2660=ORIENTED_EDGE('',*,*,#4903,.F.);
#2661=ORIENTED_EDGE('',*,*,#4896,.F.);
#2662=ORIENTED_EDGE('',*,*,#4903,.T.);
#2663=ORIENTED_EDGE('',*,*,#4901,.T.);
#2664=ORIENTED_EDGE('',*,*,#4899,.T.);
#2665=ORIENTED_EDGE('',*,*,#4897,.T.);
#2666=ORIENTED_EDGE('',*,*,#4904,.T.);
#2667=ORIENTED_EDGE('',*,*,#4865,.T.);
#2668=ORIENTED_EDGE('',*,*,#4905,.F.);
#2669=ORIENTED_EDGE('',*,*,#4906,.F.);
#2670=ORIENTED_EDGE('',*,*,#4760,.T.);
#2671=ORIENTED_EDGE('',*,*,#4786,.F.);
#2672=ORIENTED_EDGE('',*,*,#4907,.T.);
#2673=ORIENTED_EDGE('',*,*,#4908,.F.);
#2674=ORIENTED_EDGE('',*,*,#4906,.T.);
#2675=ORIENTED_EDGE('',*,*,#4909,.T.);
#2676=ORIENTED_EDGE('',*,*,#4766,.T.);
#2677=ORIENTED_EDGE('',*,*,#4910,.T.);
#2678=ORIENTED_EDGE('',*,*,#4911,.T.);
#2679=ORIENTED_EDGE('',*,*,#4768,.F.);
#2680=ORIENTED_EDGE('',*,*,#4909,.F.);
#2681=ORIENTED_EDGE('',*,*,#4912,.F.);
#2682=ORIENTED_EDGE('',*,*,#4913,.T.);
#2683=ORIENTED_EDGE('',*,*,#4770,.F.);
#2684=ORIENTED_EDGE('',*,*,#4911,.F.);
#2685=ORIENTED_EDGE('',*,*,#4914,.T.);
#2686=ORIENTED_EDGE('',*,*,#4775,.T.);
#2687=ORIENTED_EDGE('',*,*,#4772,.F.);
#2688=ORIENTED_EDGE('',*,*,#4913,.F.);
#2689=ORIENTED_EDGE('',*,*,#4915,.T.);
#2690=ORIENTED_EDGE('',*,*,#4914,.F.);
#2691=ORIENTED_EDGE('',*,*,#4916,.F.);
#2692=ORIENTED_EDGE('',*,*,#4864,.F.);
#2693=ORIENTED_EDGE('',*,*,#4916,.T.);
#2694=ORIENTED_EDGE('',*,*,#4912,.T.);
#2695=ORIENTED_EDGE('',*,*,#4917,.F.);
#2696=ORIENTED_EDGE('',*,*,#4910,.F.);
#2697=ORIENTED_EDGE('',*,*,#4905,.T.);
#2698=ORIENTED_EDGE('',*,*,#4917,.T.);
#2699=ORIENTED_EDGE('',*,*,#4918,.T.);
#2700=ORIENTED_EDGE('',*,*,#4776,.T.);
#2701=ORIENTED_EDGE('',*,*,#4915,.F.);
#2702=ORIENTED_EDGE('',*,*,#4863,.F.);
#2703=ORIENTED_EDGE('',*,*,#4918,.F.);
#2704=ORIENTED_EDGE('',*,*,#4919,.T.);
#2705=ORIENTED_EDGE('',*,*,#4920,.T.);
#2706=ORIENTED_EDGE('',*,*,#4921,.T.);
#2707=ORIENTED_EDGE('',*,*,#4922,.T.);
#2708=ORIENTED_EDGE('',*,*,#4777,.F.);
#2709=ORIENTED_EDGE('',*,*,#4920,.F.);
#2710=ORIENTED_EDGE('',*,*,#4794,.T.);
#2711=ORIENTED_EDGE('',*,*,#4922,.F.);
#2712=ORIENTED_EDGE('',*,*,#4923,.F.);
#2713=ORIENTED_EDGE('',*,*,#4796,.T.);
#2714=ORIENTED_EDGE('',*,*,#4923,.T.);
#2715=ORIENTED_EDGE('',*,*,#4924,.F.);
#2716=ORIENTED_EDGE('',*,*,#4925,.F.);
#2717=ORIENTED_EDGE('',*,*,#4797,.T.);
#2718=ORIENTED_EDGE('',*,*,#4926,.F.);
#2719=ORIENTED_EDGE('',*,*,#4925,.T.);
#2720=ORIENTED_EDGE('',*,*,#4927,.F.);
#2721=ORIENTED_EDGE('',*,*,#4928,.F.);
#2722=ORIENTED_EDGE('',*,*,#4927,.T.);
#2723=ORIENTED_EDGE('',*,*,#4929,.T.);
#2724=ORIENTED_EDGE('',*,*,#4930,.F.);
#2725=ORIENTED_EDGE('',*,*,#4931,.T.);
#2726=ORIENTED_EDGE('',*,*,#4930,.T.);
#2727=ORIENTED_EDGE('',*,*,#4932,.F.);
#2728=ORIENTED_EDGE('',*,*,#4861,.F.);
#2729=ORIENTED_EDGE('',*,*,#4932,.T.);
#2730=ORIENTED_EDGE('',*,*,#4933,.T.);
#2731=ORIENTED_EDGE('',*,*,#4919,.F.);
#2732=ORIENTED_EDGE('',*,*,#4862,.F.);
#2733=ORIENTED_EDGE('',*,*,#4929,.F.);
#2734=ORIENTED_EDGE('',*,*,#4924,.T.);
#2735=ORIENTED_EDGE('',*,*,#4921,.F.);
#2736=ORIENTED_EDGE('',*,*,#4933,.F.);
#2737=ORIENTED_EDGE('',*,*,#4934,.T.);
#2738=ORIENTED_EDGE('',*,*,#4935,.T.);
#2739=ORIENTED_EDGE('',*,*,#4931,.F.);
#2740=ORIENTED_EDGE('',*,*,#4860,.F.);
#2741=ORIENTED_EDGE('',*,*,#4936,.T.);
#2742=ORIENTED_EDGE('',*,*,#4937,.T.);
#2743=ORIENTED_EDGE('',*,*,#4928,.T.);
#2744=ORIENTED_EDGE('',*,*,#4935,.F.);
#2745=ORIENTED_EDGE('',*,*,#4926,.T.);
#2746=ORIENTED_EDGE('',*,*,#4937,.F.);
#2747=ORIENTED_EDGE('',*,*,#4938,.F.);
#2748=ORIENTED_EDGE('',*,*,#4798,.T.);
#2749=ORIENTED_EDGE('',*,*,#4939,.F.);
#2750=ORIENTED_EDGE('',*,*,#4938,.T.);
#2751=ORIENTED_EDGE('',*,*,#4940,.F.);
#2752=ORIENTED_EDGE('',*,*,#4941,.T.);
#2753=ORIENTED_EDGE('',*,*,#4940,.T.);
#2754=ORIENTED_EDGE('',*,*,#4936,.F.);
#2755=ORIENTED_EDGE('',*,*,#4942,.F.);
#2756=ORIENTED_EDGE('',*,*,#4943,.T.);
#2757=ORIENTED_EDGE('',*,*,#4942,.T.);
#2758=ORIENTED_EDGE('',*,*,#4934,.F.);
#2759=ORIENTED_EDGE('',*,*,#4859,.F.);
#2760=ORIENTED_EDGE('',*,*,#4944,.T.);
#2761=ORIENTED_EDGE('',*,*,#4945,.T.);
#2762=ORIENTED_EDGE('',*,*,#4943,.F.);
#2763=ORIENTED_EDGE('',*,*,#4858,.F.);
#2764=ORIENTED_EDGE('',*,*,#4946,.F.);
#2765=ORIENTED_EDGE('',*,*,#4947,.T.);
#2766=ORIENTED_EDGE('',*,*,#4948,.T.);
#2767=ORIENTED_EDGE('',*,*,#4949,.T.);
#2768=ORIENTED_EDGE('',*,*,#4950,.F.);
#2769=ORIENTED_EDGE('',*,*,#4951,.T.);
#2770=ORIENTED_EDGE('',*,*,#4941,.F.);
#2771=ORIENTED_EDGE('',*,*,#4945,.F.);
#2772=ORIENTED_EDGE('',*,*,#4952,.F.);
#2773=ORIENTED_EDGE('',*,*,#4953,.T.);
#2774=ORIENTED_EDGE('',*,*,#4954,.F.);
#2775=ORIENTED_EDGE('',*,*,#4955,.F.);
#2776=ORIENTED_EDGE('',*,*,#4956,.T.);
#2777=ORIENTED_EDGE('',*,*,#4835,.T.);
#2778=ORIENTED_EDGE('',*,*,#4957,.F.);
#2779=ORIENTED_EDGE('',*,*,#4949,.F.);
#2780=ORIENTED_EDGE('',*,*,#4957,.T.);
#2781=ORIENTED_EDGE('',*,*,#4834,.T.);
#2782=ORIENTED_EDGE('',*,*,#4958,.F.);
#2783=ORIENTED_EDGE('',*,*,#4959,.F.);
#2784=ORIENTED_EDGE('',*,*,#4960,.F.);
#2785=ORIENTED_EDGE('',*,*,#4961,.T.);
#2786=ORIENTED_EDGE('',*,*,#4946,.T.);
#2787=ORIENTED_EDGE('',*,*,#4959,.T.);
#2788=ORIENTED_EDGE('',*,*,#4962,.F.);
#2789=ORIENTED_EDGE('',*,*,#4963,.T.);
#2790=ORIENTED_EDGE('',*,*,#4961,.F.);
#2791=ORIENTED_EDGE('',*,*,#4964,.T.);
#2792=ORIENTED_EDGE('',*,*,#4947,.F.);
#2793=ORIENTED_EDGE('',*,*,#4963,.F.);
#2794=ORIENTED_EDGE('',*,*,#4807,.T.);
#2795=ORIENTED_EDGE('',*,*,#4964,.F.);
#2796=ORIENTED_EDGE('',*,*,#4965,.T.);
#2797=ORIENTED_EDGE('',*,*,#4966,.F.);
#2798=ORIENTED_EDGE('',*,*,#4948,.F.);
#2799=ORIENTED_EDGE('',*,*,#4966,.T.);
#2800=ORIENTED_EDGE('',*,*,#4967,.T.);
#2801=ORIENTED_EDGE('',*,*,#4968,.T.);
#2802=ORIENTED_EDGE('',*,*,#4969,.T.);
#2803=ORIENTED_EDGE('',*,*,#4836,.T.);
#2804=ORIENTED_EDGE('',*,*,#4956,.F.);
#2805=ORIENTED_EDGE('',*,*,#4968,.F.);
#2806=ORIENTED_EDGE('',*,*,#4970,.T.);
#2807=ORIENTED_EDGE('',*,*,#4837,.T.);
#2808=ORIENTED_EDGE('',*,*,#4969,.F.);
#2809=ORIENTED_EDGE('',*,*,#4971,.F.);
#2810=ORIENTED_EDGE('',*,*,#4967,.F.);
#2811=ORIENTED_EDGE('',*,*,#4972,.T.);
#2812=ORIENTED_EDGE('',*,*,#4973,.T.);
#2813=ORIENTED_EDGE('',*,*,#4971,.T.);
#2814=ORIENTED_EDGE('',*,*,#4973,.F.);
#2815=ORIENTED_EDGE('',*,*,#4974,.T.);
#2816=ORIENTED_EDGE('',*,*,#4975,.T.);
#2817=ORIENTED_EDGE('',*,*,#4976,.T.);
#2818=ORIENTED_EDGE('',*,*,#4977,.T.);
#2819=ORIENTED_EDGE('',*,*,#4838,.T.);
#2820=ORIENTED_EDGE('',*,*,#4970,.F.);
#2821=ORIENTED_EDGE('',*,*,#4976,.F.);
#2822=ORIENTED_EDGE('',*,*,#4978,.T.);
#2823=ORIENTED_EDGE('',*,*,#4839,.T.);
#2824=ORIENTED_EDGE('',*,*,#4977,.F.);
#2825=ORIENTED_EDGE('',*,*,#4979,.F.);
#2826=ORIENTED_EDGE('',*,*,#4975,.F.);
#2827=ORIENTED_EDGE('',*,*,#4980,.T.);
#2828=ORIENTED_EDGE('',*,*,#4981,.F.);
#2829=ORIENTED_EDGE('',*,*,#4979,.T.);
#2830=ORIENTED_EDGE('',*,*,#4981,.T.);
#2831=ORIENTED_EDGE('',*,*,#4982,.T.);
#2832=ORIENTED_EDGE('',*,*,#4983,.F.);
#2833=ORIENTED_EDGE('',*,*,#4984,.T.);
#2834=ORIENTED_EDGE('',*,*,#4985,.T.);
#2835=ORIENTED_EDGE('',*,*,#4978,.F.);
#2836=ORIENTED_EDGE('',*,*,#4984,.F.);
#2837=ORIENTED_EDGE('',*,*,#4986,.T.);
#2838=ORIENTED_EDGE('',*,*,#4840,.T.);
#2839=ORIENTED_EDGE('',*,*,#4985,.F.);
#2840=ORIENTED_EDGE('',*,*,#4987,.F.);
#2841=ORIENTED_EDGE('',*,*,#4983,.T.);
#2842=ORIENTED_EDGE('',*,*,#4988,.T.);
#2843=ORIENTED_EDGE('',*,*,#4787,.T.);
#2844=ORIENTED_EDGE('',*,*,#4758,.T.);
#2845=ORIENTED_EDGE('',*,*,#4989,.T.);
#2846=ORIENTED_EDGE('',*,*,#4990,.T.);
#2847=ORIENTED_EDGE('',*,*,#4987,.T.);
#2848=ORIENTED_EDGE('',*,*,#4991,.T.);
#2849=ORIENTED_EDGE('',*,*,#4992,.T.);
#2850=ORIENTED_EDGE('',*,*,#4993,.F.);
#2851=ORIENTED_EDGE('',*,*,#4990,.F.);
#2852=ORIENTED_EDGE('',*,*,#4986,.F.);
#2853=ORIENTED_EDGE('',*,*,#4993,.T.);
#2854=ORIENTED_EDGE('',*,*,#4994,.T.);
#2855=ORIENTED_EDGE('',*,*,#4995,.T.);
#2856=ORIENTED_EDGE('',*,*,#4996,.T.);
#2857=ORIENTED_EDGE('',*,*,#4841,.F.);
#2858=ORIENTED_EDGE('',*,*,#4994,.F.);
#2859=ORIENTED_EDGE('',*,*,#4997,.T.);
#2860=ORIENTED_EDGE('',*,*,#4998,.F.);
#2861=ORIENTED_EDGE('',*,*,#4996,.F.);
#2862=ORIENTED_EDGE('',*,*,#4998,.T.);
#2863=ORIENTED_EDGE('',*,*,#4999,.T.);
#2864=ORIENTED_EDGE('',*,*,#5000,.F.);
#2865=ORIENTED_EDGE('',*,*,#4842,.F.);
#2866=ORIENTED_EDGE('',*,*,#5001,.F.);
#2867=ORIENTED_EDGE('',*,*,#5000,.T.);
#2868=ORIENTED_EDGE('',*,*,#5002,.T.);
#2869=ORIENTED_EDGE('',*,*,#5003,.T.);
#2870=ORIENTED_EDGE('',*,*,#5004,.T.);
#2871=ORIENTED_EDGE('',*,*,#5005,.F.);
#2872=ORIENTED_EDGE('',*,*,#5002,.F.);
#2873=ORIENTED_EDGE('',*,*,#5005,.T.);
#2874=ORIENTED_EDGE('',*,*,#5006,.T.);
#2875=ORIENTED_EDGE('',*,*,#5007,.T.);
#2876=ORIENTED_EDGE('',*,*,#5008,.F.);
#2877=ORIENTED_EDGE('',*,*,#5001,.T.);
#2878=ORIENTED_EDGE('',*,*,#5008,.T.);
#2879=ORIENTED_EDGE('',*,*,#5009,.F.);
#2880=ORIENTED_EDGE('',*,*,#4843,.F.);
#2881=ORIENTED_EDGE('',*,*,#5009,.T.);
#2882=ORIENTED_EDGE('',*,*,#5010,.T.);
#2883=ORIENTED_EDGE('',*,*,#5011,.F.);
#2884=ORIENTED_EDGE('',*,*,#4844,.F.);
#2885=ORIENTED_EDGE('',*,*,#5011,.T.);
#2886=ORIENTED_EDGE('',*,*,#5012,.T.);
#2887=ORIENTED_EDGE('',*,*,#5013,.F.);
#2888=ORIENTED_EDGE('',*,*,#4845,.F.);
#2889=ORIENTED_EDGE('',*,*,#5013,.T.);
#2890=ORIENTED_EDGE('',*,*,#5014,.T.);
#2891=ORIENTED_EDGE('',*,*,#5015,.F.);
#2892=ORIENTED_EDGE('',*,*,#4846,.F.);
#2893=ORIENTED_EDGE('',*,*,#5015,.T.);
#2894=ORIENTED_EDGE('',*,*,#4955,.T.);
#2895=ORIENTED_EDGE('',*,*,#5016,.F.);
#2896=ORIENTED_EDGE('',*,*,#4847,.F.);
#2897=ORIENTED_EDGE('',*,*,#5016,.T.);
#2898=ORIENTED_EDGE('',*,*,#5017,.T.);
#2899=ORIENTED_EDGE('',*,*,#5018,.F.);
#2900=ORIENTED_EDGE('',*,*,#4848,.F.);
#2901=ORIENTED_EDGE('',*,*,#5018,.T.);
#2902=ORIENTED_EDGE('',*,*,#5019,.T.);
#2903=ORIENTED_EDGE('',*,*,#5020,.F.);
#2904=ORIENTED_EDGE('',*,*,#4849,.F.);
#2905=ORIENTED_EDGE('',*,*,#5020,.T.);
#2906=ORIENTED_EDGE('',*,*,#5021,.T.);
#2907=ORIENTED_EDGE('',*,*,#5022,.F.);
#2908=ORIENTED_EDGE('',*,*,#4850,.F.);
#2909=ORIENTED_EDGE('',*,*,#5022,.T.);
#2910=ORIENTED_EDGE('',*,*,#5023,.T.);
#2911=ORIENTED_EDGE('',*,*,#5024,.F.);
#2912=ORIENTED_EDGE('',*,*,#4851,.F.);
#2913=ORIENTED_EDGE('',*,*,#5025,.F.);
#2914=ORIENTED_EDGE('',*,*,#5024,.T.);
#2915=ORIENTED_EDGE('',*,*,#5026,.T.);
#2916=ORIENTED_EDGE('',*,*,#5027,.T.);
#2917=ORIENTED_EDGE('',*,*,#5028,.T.);
#2918=ORIENTED_EDGE('',*,*,#5029,.F.);
#2919=ORIENTED_EDGE('',*,*,#5026,.F.);
#2920=ORIENTED_EDGE('',*,*,#5030,.F.);
#2921=ORIENTED_EDGE('',*,*,#5031,.F.);
#2922=ORIENTED_EDGE('',*,*,#5029,.T.);
#2923=ORIENTED_EDGE('',*,*,#5032,.T.);
#2924=ORIENTED_EDGE('',*,*,#4792,.T.);
#2925=ORIENTED_EDGE('',*,*,#4752,.T.);
#2926=ORIENTED_EDGE('',*,*,#5033,.F.);
#2927=ORIENTED_EDGE('',*,*,#4751,.F.);
#2928=ORIENTED_EDGE('',*,*,#5034,.F.);
#2929=ORIENTED_EDGE('',*,*,#5035,.T.);
#2930=ORIENTED_EDGE('',*,*,#5033,.T.);
#2931=ORIENTED_EDGE('',*,*,#5036,.T.);
#2932=ORIENTED_EDGE('',*,*,#5035,.F.);
#2933=ORIENTED_EDGE('',*,*,#5037,.F.);
#2934=ORIENTED_EDGE('',*,*,#5038,.T.);
#2935=ORIENTED_EDGE('',*,*,#5037,.T.);
#2936=ORIENTED_EDGE('',*,*,#5039,.F.);
#2937=ORIENTED_EDGE('',*,*,#5040,.T.);
#2938=ORIENTED_EDGE('',*,*,#5041,.T.);
#2939=ORIENTED_EDGE('',*,*,#5042,.F.);
#2940=ORIENTED_EDGE('',*,*,#5040,.F.);
#2941=ORIENTED_EDGE('',*,*,#5042,.T.);
#2942=ORIENTED_EDGE('',*,*,#4824,.T.);
#2943=ORIENTED_EDGE('',*,*,#5043,.F.);
#2944=ORIENTED_EDGE('',*,*,#5044,.F.);
#2945=ORIENTED_EDGE('',*,*,#5045,.F.);
#2946=ORIENTED_EDGE('',*,*,#5046,.T.);
#2947=ORIENTED_EDGE('',*,*,#5038,.F.);
#2948=ORIENTED_EDGE('',*,*,#5044,.T.);
#2949=ORIENTED_EDGE('',*,*,#5047,.T.);
#2950=ORIENTED_EDGE('',*,*,#5030,.T.);
#2951=ORIENTED_EDGE('',*,*,#5036,.F.);
#2952=ORIENTED_EDGE('',*,*,#5046,.F.);
#2953=ORIENTED_EDGE('',*,*,#5048,.T.);
#2954=ORIENTED_EDGE('',*,*,#5047,.F.);
#2955=ORIENTED_EDGE('',*,*,#5049,.F.);
#2956=ORIENTED_EDGE('',*,*,#4853,.F.);
#2957=ORIENTED_EDGE('',*,*,#5049,.T.);
#2958=ORIENTED_EDGE('',*,*,#5045,.T.);
#2959=ORIENTED_EDGE('',*,*,#5050,.T.);
#2960=ORIENTED_EDGE('',*,*,#5043,.T.);
#2961=ORIENTED_EDGE('',*,*,#4828,.F.);
#2962=ORIENTED_EDGE('',*,*,#5050,.F.);
#2963=ORIENTED_EDGE('',*,*,#5025,.T.);
#2964=ORIENTED_EDGE('',*,*,#5031,.T.);
#2965=ORIENTED_EDGE('',*,*,#5048,.F.);
#2966=ORIENTED_EDGE('',*,*,#4852,.F.);
#2967=ORIENTED_EDGE('',*,*,#4749,.F.);
#2968=ORIENTED_EDGE('',*,*,#4825,.T.);
#2969=ORIENTED_EDGE('',*,*,#5041,.F.);
#2970=ORIENTED_EDGE('',*,*,#5051,.F.);
#2971=ORIENTED_EDGE('',*,*,#5039,.T.);
#2972=ORIENTED_EDGE('',*,*,#5034,.T.);
#2973=ORIENTED_EDGE('',*,*,#4750,.T.);
#2974=ORIENTED_EDGE('',*,*,#5051,.T.);
#2975=ORIENTED_EDGE('',*,*,#5032,.F.);
#2976=ORIENTED_EDGE('',*,*,#5052,.F.);
#2977=ORIENTED_EDGE('',*,*,#4821,.T.);
#2978=ORIENTED_EDGE('',*,*,#4793,.F.);
#2979=ORIENTED_EDGE('',*,*,#5052,.T.);
#2980=ORIENTED_EDGE('',*,*,#5028,.F.);
#2981=ORIENTED_EDGE('',*,*,#5053,.F.);
#2982=ORIENTED_EDGE('',*,*,#4813,.T.);
#2983=ORIENTED_EDGE('',*,*,#5053,.T.);
#2984=ORIENTED_EDGE('',*,*,#5054,.F.);
#2985=ORIENTED_EDGE('',*,*,#5055,.F.);
#2986=ORIENTED_EDGE('',*,*,#4814,.T.);
#2987=ORIENTED_EDGE('',*,*,#5056,.F.);
#2988=ORIENTED_EDGE('',*,*,#5055,.T.);
#2989=ORIENTED_EDGE('',*,*,#5057,.F.);
#2990=ORIENTED_EDGE('',*,*,#5058,.F.);
#2991=ORIENTED_EDGE('',*,*,#5057,.T.);
#2992=ORIENTED_EDGE('',*,*,#5059,.T.);
#2993=ORIENTED_EDGE('',*,*,#5021,.F.);
#2994=ORIENTED_EDGE('',*,*,#5059,.F.);
#2995=ORIENTED_EDGE('',*,*,#5054,.T.);
#2996=ORIENTED_EDGE('',*,*,#5027,.F.);
#2997=ORIENTED_EDGE('',*,*,#5023,.F.);
#2998=ORIENTED_EDGE('',*,*,#5060,.T.);
#2999=ORIENTED_EDGE('',*,*,#5061,.T.);
#3000=ORIENTED_EDGE('',*,*,#5058,.T.);
#3001=ORIENTED_EDGE('',*,*,#5019,.F.);
#3002=ORIENTED_EDGE('',*,*,#5056,.T.);
#3003=ORIENTED_EDGE('',*,*,#5061,.F.);
#3004=ORIENTED_EDGE('',*,*,#5062,.F.);
#3005=ORIENTED_EDGE('',*,*,#4815,.T.);
#3006=ORIENTED_EDGE('',*,*,#5063,.F.);
#3007=ORIENTED_EDGE('',*,*,#5062,.T.);
#3008=ORIENTED_EDGE('',*,*,#5064,.F.);
#3009=ORIENTED_EDGE('',*,*,#4954,.T.);
#3010=ORIENTED_EDGE('',*,*,#5064,.T.);
#3011=ORIENTED_EDGE('',*,*,#5060,.F.);
#3012=ORIENTED_EDGE('',*,*,#5017,.F.);
#3013=ORIENTED_EDGE('',*,*,#5063,.T.);
#3014=ORIENTED_EDGE('',*,*,#4953,.F.);
#3015=ORIENTED_EDGE('',*,*,#5065,.F.);
#3016=ORIENTED_EDGE('',*,*,#4816,.T.);
#3017=ORIENTED_EDGE('',*,*,#5066,.F.);
#3018=ORIENTED_EDGE('',*,*,#5065,.T.);
#3019=ORIENTED_EDGE('',*,*,#5067,.F.);
#3020=ORIENTED_EDGE('',*,*,#5068,.F.);
#3021=ORIENTED_EDGE('',*,*,#5067,.T.);
#3022=ORIENTED_EDGE('',*,*,#4952,.T.);
#3023=ORIENTED_EDGE('',*,*,#5014,.F.);
#3024=ORIENTED_EDGE('',*,*,#5069,.F.);
#3025=ORIENTED_EDGE('',*,*,#5070,.T.);
#3026=ORIENTED_EDGE('',*,*,#5068,.T.);
#3027=ORIENTED_EDGE('',*,*,#5012,.F.);
#3028=ORIENTED_EDGE('',*,*,#5066,.T.);
#3029=ORIENTED_EDGE('',*,*,#5070,.F.);
#3030=ORIENTED_EDGE('',*,*,#5071,.F.);
#3031=ORIENTED_EDGE('',*,*,#4817,.T.);
#3032=ORIENTED_EDGE('',*,*,#5072,.F.);
#3033=ORIENTED_EDGE('',*,*,#5071,.T.);
#3034=ORIENTED_EDGE('',*,*,#5073,.F.);
#3035=ORIENTED_EDGE('',*,*,#5007,.F.);
#3036=ORIENTED_EDGE('',*,*,#5073,.T.);
#3037=ORIENTED_EDGE('',*,*,#5069,.T.);
#3038=ORIENTED_EDGE('',*,*,#5010,.F.);
#3039=ORIENTED_EDGE('',*,*,#5072,.T.);
#3040=ORIENTED_EDGE('',*,*,#5006,.F.);
#3041=ORIENTED_EDGE('',*,*,#5074,.F.);
#3042=ORIENTED_EDGE('',*,*,#4818,.T.);
#3043=ORIENTED_EDGE('',*,*,#5074,.T.);
#3044=ORIENTED_EDGE('',*,*,#5004,.F.);
#3045=ORIENTED_EDGE('',*,*,#5075,.F.);
#3046=ORIENTED_EDGE('',*,*,#4819,.T.);
#3047=ORIENTED_EDGE('',*,*,#4820,.T.);
#3048=ORIENTED_EDGE('',*,*,#5075,.T.);
#3049=ORIENTED_EDGE('',*,*,#5076,.F.);
#3050=ORIENTED_EDGE('',*,*,#4790,.F.);
#3051=ORIENTED_EDGE('',*,*,#5077,.F.);
#3052=ORIENTED_EDGE('',*,*,#5078,.F.);
#3053=ORIENTED_EDGE('',*,*,#4754,.T.);
#3054=ORIENTED_EDGE('',*,*,#4791,.F.);
#3055=ORIENTED_EDGE('',*,*,#5076,.T.);
#3056=ORIENTED_EDGE('',*,*,#5003,.F.);
#3057=ORIENTED_EDGE('',*,*,#4999,.F.);
#3058=ORIENTED_EDGE('',*,*,#4755,.F.);
#3059=ORIENTED_EDGE('',*,*,#5078,.T.);
#3060=ORIENTED_EDGE('',*,*,#5079,.F.);
#3061=ORIENTED_EDGE('',*,*,#5080,.F.);
#3062=ORIENTED_EDGE('',*,*,#4756,.T.);
#3063=ORIENTED_EDGE('',*,*,#5080,.T.);
#3064=ORIENTED_EDGE('',*,*,#5081,.T.);
#3065=ORIENTED_EDGE('',*,*,#5082,.F.);
#3066=ORIENTED_EDGE('',*,*,#4757,.F.);
#3067=ORIENTED_EDGE('',*,*,#5082,.T.);
#3068=ORIENTED_EDGE('',*,*,#5083,.F.);
#3069=ORIENTED_EDGE('',*,*,#4989,.F.);
#3070=ORIENTED_EDGE('',*,*,#4991,.F.);
#3071=ORIENTED_EDGE('',*,*,#5083,.T.);
#3072=ORIENTED_EDGE('',*,*,#5084,.T.);
#3073=ORIENTED_EDGE('',*,*,#5081,.F.);
#3074=ORIENTED_EDGE('',*,*,#5085,.T.);
#3075=ORIENTED_EDGE('',*,*,#5086,.T.);
#3076=ORIENTED_EDGE('',*,*,#5084,.F.);
#3077=ORIENTED_EDGE('',*,*,#5086,.F.);
#3078=ORIENTED_EDGE('',*,*,#5087,.T.);
#3079=ORIENTED_EDGE('',*,*,#4995,.F.);
#3080=ORIENTED_EDGE('',*,*,#4992,.F.);
#3081=ORIENTED_EDGE('',*,*,#5088,.T.);
#3082=ORIENTED_EDGE('',*,*,#5077,.T.);
#3083=ORIENTED_EDGE('',*,*,#4997,.F.);
#3084=ORIENTED_EDGE('',*,*,#5087,.F.);
#3085=ORIENTED_EDGE('',*,*,#5079,.T.);
#3086=ORIENTED_EDGE('',*,*,#5088,.F.);
#3087=ORIENTED_EDGE('',*,*,#5085,.F.);
#3088=ORIENTED_EDGE('',*,*,#4988,.F.);
#3089=ORIENTED_EDGE('',*,*,#5089,.F.);
#3090=ORIENTED_EDGE('',*,*,#4812,.T.);
#3091=ORIENTED_EDGE('',*,*,#4788,.F.);
#3092=ORIENTED_EDGE('',*,*,#5089,.T.);
#3093=ORIENTED_EDGE('',*,*,#4982,.F.);
#3094=ORIENTED_EDGE('',*,*,#5090,.F.);
#3095=ORIENTED_EDGE('',*,*,#4804,.T.);
#3096=ORIENTED_EDGE('',*,*,#5090,.T.);
#3097=ORIENTED_EDGE('',*,*,#4980,.F.);
#3098=ORIENTED_EDGE('',*,*,#5091,.F.);
#3099=ORIENTED_EDGE('',*,*,#4805,.T.);
#3100=ORIENTED_EDGE('',*,*,#5092,.F.);
#3101=ORIENTED_EDGE('',*,*,#5091,.T.);
#3102=ORIENTED_EDGE('',*,*,#4974,.F.);
#3103=ORIENTED_EDGE('',*,*,#5092,.T.);
#3104=ORIENTED_EDGE('',*,*,#4972,.F.);
#3105=ORIENTED_EDGE('',*,*,#4965,.F.);
#3106=ORIENTED_EDGE('',*,*,#4806,.T.);
#3107=ORIENTED_EDGE('',*,*,#4962,.T.);
#3108=ORIENTED_EDGE('',*,*,#5093,.F.);
#3109=ORIENTED_EDGE('',*,*,#5094,.F.);
#3110=ORIENTED_EDGE('',*,*,#4808,.T.);
#3111=ORIENTED_EDGE('',*,*,#5095,.F.);
#3112=ORIENTED_EDGE('',*,*,#5094,.T.);
#3113=ORIENTED_EDGE('',*,*,#5096,.F.);
#3114=ORIENTED_EDGE('',*,*,#5097,.F.);
#3115=ORIENTED_EDGE('',*,*,#5096,.T.);
#3116=ORIENTED_EDGE('',*,*,#5098,.T.);
#3117=ORIENTED_EDGE('',*,*,#5099,.T.);
#3118=ORIENTED_EDGE('',*,*,#5100,.T.);
#3119=ORIENTED_EDGE('',*,*,#4832,.T.);
#3120=ORIENTED_EDGE('',*,*,#5101,.F.);
#3121=ORIENTED_EDGE('',*,*,#5099,.F.);
#3122=ORIENTED_EDGE('',*,*,#5101,.T.);
#3123=ORIENTED_EDGE('',*,*,#4831,.T.);
#3124=ORIENTED_EDGE('',*,*,#5102,.F.);
#3125=ORIENTED_EDGE('',*,*,#5103,.F.);
#3126=ORIENTED_EDGE('',*,*,#5104,.T.);
#3127=ORIENTED_EDGE('',*,*,#5105,.T.);
#3128=ORIENTED_EDGE('',*,*,#5097,.T.);
#3129=ORIENTED_EDGE('',*,*,#5103,.T.);
#3130=ORIENTED_EDGE('',*,*,#5095,.T.);
#3131=ORIENTED_EDGE('',*,*,#5105,.F.);
#3132=ORIENTED_EDGE('',*,*,#5106,.F.);
#3133=ORIENTED_EDGE('',*,*,#4809,.T.);
#3134=ORIENTED_EDGE('',*,*,#5106,.T.);
#3135=ORIENTED_EDGE('',*,*,#5107,.F.);
#3136=ORIENTED_EDGE('',*,*,#5108,.F.);
#3137=ORIENTED_EDGE('',*,*,#4810,.T.);
#3138=ORIENTED_EDGE('',*,*,#4811,.T.);
#3139=ORIENTED_EDGE('',*,*,#5108,.T.);
#3140=ORIENTED_EDGE('',*,*,#4907,.F.);
#3141=ORIENTED_EDGE('',*,*,#4785,.F.);
#3142=ORIENTED_EDGE('',*,*,#4908,.T.);
#3143=ORIENTED_EDGE('',*,*,#5107,.T.);
#3144=ORIENTED_EDGE('',*,*,#5104,.F.);
#3145=ORIENTED_EDGE('',*,*,#5109,.T.);
#3146=ORIENTED_EDGE('',*,*,#5102,.T.);
#3147=ORIENTED_EDGE('',*,*,#4904,.F.);
#3148=ORIENTED_EDGE('',*,*,#5109,.F.);
#3149=ORIENTED_EDGE('',*,*,#4958,.T.);
#3150=ORIENTED_EDGE('',*,*,#4833,.T.);
#3151=ORIENTED_EDGE('',*,*,#5100,.F.);
#3152=ORIENTED_EDGE('',*,*,#5110,.F.);
#3153=ORIENTED_EDGE('',*,*,#5098,.F.);
#3154=ORIENTED_EDGE('',*,*,#5093,.T.);
#3155=ORIENTED_EDGE('',*,*,#4960,.T.);
#3156=ORIENTED_EDGE('',*,*,#5110,.T.);
#3157=ORIENTED_EDGE('',*,*,#4939,.T.);
#3158=ORIENTED_EDGE('',*,*,#4951,.F.);
#3159=ORIENTED_EDGE('',*,*,#5111,.F.);
#3160=ORIENTED_EDGE('',*,*,#4799,.T.);
#3161=ORIENTED_EDGE('',*,*,#5112,.F.);
#3162=ORIENTED_EDGE('',*,*,#5111,.T.);
#3163=ORIENTED_EDGE('',*,*,#5113,.F.);
#3164=ORIENTED_EDGE('',*,*,#5114,.F.);
#3165=ORIENTED_EDGE('',*,*,#5113,.T.);
#3166=ORIENTED_EDGE('',*,*,#4950,.T.);
#3167=ORIENTED_EDGE('',*,*,#5115,.F.);
#3168=ORIENTED_EDGE('',*,*,#5116,.T.);
#3169=ORIENTED_EDGE('',*,*,#5115,.T.);
#3170=ORIENTED_EDGE('',*,*,#4944,.F.);
#3171=ORIENTED_EDGE('',*,*,#4857,.F.);
#3172=ORIENTED_EDGE('',*,*,#5117,.T.);
#3173=ORIENTED_EDGE('',*,*,#5118,.T.);
#3174=ORIENTED_EDGE('',*,*,#5116,.F.);
#3175=ORIENTED_EDGE('',*,*,#4856,.F.);
#3176=ORIENTED_EDGE('',*,*,#5119,.F.);
#3177=ORIENTED_EDGE('',*,*,#5120,.T.);
#3178=ORIENTED_EDGE('',*,*,#5114,.T.);
#3179=ORIENTED_EDGE('',*,*,#5118,.F.);
#3180=ORIENTED_EDGE('',*,*,#5112,.T.);
#3181=ORIENTED_EDGE('',*,*,#5120,.F.);
#3182=ORIENTED_EDGE('',*,*,#5121,.F.);
#3183=ORIENTED_EDGE('',*,*,#4800,.T.);
#3184=ORIENTED_EDGE('',*,*,#5122,.F.);
#3185=ORIENTED_EDGE('',*,*,#5121,.T.);
#3186=ORIENTED_EDGE('',*,*,#5123,.F.);
#3187=ORIENTED_EDGE('',*,*,#5124,.F.);
#3188=ORIENTED_EDGE('',*,*,#5123,.T.);
#3189=ORIENTED_EDGE('',*,*,#5119,.T.);
#3190=ORIENTED_EDGE('',*,*,#5125,.F.);
#3191=ORIENTED_EDGE('',*,*,#5126,.T.);
#3192=ORIENTED_EDGE('',*,*,#5125,.T.);
#3193=ORIENTED_EDGE('',*,*,#5117,.F.);
#3194=ORIENTED_EDGE('',*,*,#4855,.F.);
#3195=ORIENTED_EDGE('',*,*,#5127,.T.);
#3196=ORIENTED_EDGE('',*,*,#5128,.T.);
#3197=ORIENTED_EDGE('',*,*,#5126,.F.);
#3198=ORIENTED_EDGE('',*,*,#4854,.F.);
#3199=ORIENTED_EDGE('',*,*,#5129,.T.);
#3200=ORIENTED_EDGE('',*,*,#5130,.T.);
#3201=ORIENTED_EDGE('',*,*,#5124,.T.);
#3202=ORIENTED_EDGE('',*,*,#5128,.F.);
#3203=ORIENTED_EDGE('',*,*,#5122,.T.);
#3204=ORIENTED_EDGE('',*,*,#5130,.F.);
#3205=ORIENTED_EDGE('',*,*,#5131,.F.);
#3206=ORIENTED_EDGE('',*,*,#4801,.T.);
#3207=ORIENTED_EDGE('',*,*,#5131,.T.);
#3208=ORIENTED_EDGE('',*,*,#5132,.F.);
#3209=ORIENTED_EDGE('',*,*,#4822,.F.);
#3210=ORIENTED_EDGE('',*,*,#4802,.T.);
#3211=ORIENTED_EDGE('',*,*,#4826,.T.);
#3212=ORIENTED_EDGE('',*,*,#5132,.T.);
#3213=ORIENTED_EDGE('',*,*,#5129,.F.);
#3214=ORIENTED_EDGE('',*,*,#5133,.F.);
#3215=ORIENTED_EDGE('',*,*,#5127,.F.);
#3216=ORIENTED_EDGE('',*,*,#4829,.T.);
#3217=ORIENTED_EDGE('',*,*,#5133,.T.);
#3218=ORIENTED_EDGE('',*,*,#5134,.T.);
#3219=ORIENTED_EDGE('',*,*,#5135,.F.);
#3220=ORIENTED_EDGE('',*,*,#5136,.F.);
#3221=ORIENTED_EDGE('',*,*,#4879,.T.);
#3222=ORIENTED_EDGE('',*,*,#5136,.T.);
#3223=ORIENTED_EDGE('',*,*,#5137,.F.);
#3224=ORIENTED_EDGE('',*,*,#5134,.F.);
#3225=ORIENTED_EDGE('',*,*,#4878,.T.);
#3226=ORIENTED_EDGE('',*,*,#5138,.F.);
#3227=ORIENTED_EDGE('',*,*,#5137,.T.);
#3228=ORIENTED_EDGE('',*,*,#5139,.T.);
#3229=ORIENTED_EDGE('',*,*,#5140,.F.);
#3230=ORIENTED_EDGE('',*,*,#5141,.T.);
#3231=ORIENTED_EDGE('',*,*,#5140,.T.);
#3232=ORIENTED_EDGE('',*,*,#5142,.F.);
#3233=ORIENTED_EDGE('',*,*,#5143,.F.);
#3234=ORIENTED_EDGE('',*,*,#5144,.T.);
#3235=ORIENTED_EDGE('',*,*,#5143,.T.);
#3236=ORIENTED_EDGE('',*,*,#5145,.T.);
#3237=ORIENTED_EDGE('',*,*,#5146,.T.);
#3238=ORIENTED_EDGE('',*,*,#5147,.T.);
#3239=ORIENTED_EDGE('',*,*,#5148,.T.);
#3240=ORIENTED_EDGE('',*,*,#5149,.T.);
#3241=ORIENTED_EDGE('',*,*,#5150,.T.);
#3242=ORIENTED_EDGE('',*,*,#5151,.T.);
#3243=ORIENTED_EDGE('',*,*,#5152,.T.);
#3244=ORIENTED_EDGE('',*,*,#5153,.T.);
#3245=ORIENTED_EDGE('',*,*,#5154,.T.);
#3246=ORIENTED_EDGE('',*,*,#5155,.T.);
#3247=ORIENTED_EDGE('',*,*,#4699,.T.);
#3248=ORIENTED_EDGE('',*,*,#5156,.F.);
#3249=ORIENTED_EDGE('',*,*,#3899,.F.);
#3250=ORIENTED_EDGE('',*,*,#5156,.T.);
#3251=ORIENTED_EDGE('',*,*,#5157,.F.);
#3252=ORIENTED_EDGE('',*,*,#5158,.F.);
#3253=ORIENTED_EDGE('',*,*,#5159,.T.);
#3254=ORIENTED_EDGE('',*,*,#5160,.F.);
#3255=ORIENTED_EDGE('',*,*,#3888,.F.);
#3256=ORIENTED_EDGE('',*,*,#5158,.T.);
#3257=ORIENTED_EDGE('',*,*,#5161,.F.);
#3258=ORIENTED_EDGE('',*,*,#5162,.T.);
#3259=ORIENTED_EDGE('',*,*,#5160,.T.);
#3260=ORIENTED_EDGE('',*,*,#5163,.T.);
#3261=ORIENTED_EDGE('',*,*,#3889,.T.);
#3262=ORIENTED_EDGE('',*,*,#5162,.F.);
#3263=ORIENTED_EDGE('',*,*,#5164,.F.);
#3264=ORIENTED_EDGE('',*,*,#5165,.F.);
#3265=ORIENTED_EDGE('',*,*,#5164,.T.);
#3266=ORIENTED_EDGE('',*,*,#5166,.T.);
#3267=ORIENTED_EDGE('',*,*,#5167,.T.);
#3268=ORIENTED_EDGE('',*,*,#4727,.T.);
#3269=ORIENTED_EDGE('',*,*,#5168,.T.);
#3270=ORIENTED_EDGE('',*,*,#5169,.T.);
#3271=ORIENTED_EDGE('',*,*,#5170,.T.);
#3272=ORIENTED_EDGE('',*,*,#5171,.T.);
#3273=ORIENTED_EDGE('',*,*,#5170,.F.);
#3274=ORIENTED_EDGE('',*,*,#5172,.F.);
#3275=ORIENTED_EDGE('',*,*,#4078,.T.);
#3276=ORIENTED_EDGE('',*,*,#5172,.T.);
#3277=ORIENTED_EDGE('',*,*,#5169,.F.);
#3278=ORIENTED_EDGE('',*,*,#5173,.F.);
#3279=ORIENTED_EDGE('',*,*,#5174,.T.);
#3280=ORIENTED_EDGE('',*,*,#4079,.T.);
#3281=ORIENTED_EDGE('',*,*,#5174,.F.);
#3282=ORIENTED_EDGE('',*,*,#4715,.F.);
#3283=ORIENTED_EDGE('',*,*,#5175,.F.);
#3284=ORIENTED_EDGE('',*,*,#5176,.T.);
#3285=ORIENTED_EDGE('',*,*,#5177,.F.);
#3286=ORIENTED_EDGE('',*,*,#5178,.F.);
#3287=ORIENTED_EDGE('',*,*,#5175,.T.);
#3288=ORIENTED_EDGE('',*,*,#5178,.T.);
#3289=ORIENTED_EDGE('',*,*,#5179,.F.);
#3290=ORIENTED_EDGE('',*,*,#5180,.F.);
#3291=ORIENTED_EDGE('',*,*,#4080,.T.);
#3292=ORIENTED_EDGE('',*,*,#5180,.T.);
#3293=ORIENTED_EDGE('',*,*,#5181,.F.);
#3294=ORIENTED_EDGE('',*,*,#5171,.F.);
#3295=ORIENTED_EDGE('',*,*,#4077,.T.);
#3296=ORIENTED_EDGE('',*,*,#5182,.F.);
#3297=ORIENTED_EDGE('',*,*,#5183,.T.);
#3298=ORIENTED_EDGE('',*,*,#5165,.T.);
#3299=ORIENTED_EDGE('',*,*,#5181,.T.);
#3300=ORIENTED_EDGE('',*,*,#5184,.T.);
#3301=ORIENTED_EDGE('',*,*,#3890,.T.);
#3302=ORIENTED_EDGE('',*,*,#5163,.F.);
#3303=ORIENTED_EDGE('',*,*,#5183,.F.);
#3304=ORIENTED_EDGE('',*,*,#5185,.T.);
#3305=ORIENTED_EDGE('',*,*,#3891,.T.);
#3306=ORIENTED_EDGE('',*,*,#5184,.F.);
#3307=ORIENTED_EDGE('',*,*,#5186,.F.);
#3308=ORIENTED_EDGE('',*,*,#4736,.T.);
#3309=ORIENTED_EDGE('',*,*,#5187,.T.);
#3310=ORIENTED_EDGE('',*,*,#5188,.T.);
#3311=ORIENTED_EDGE('',*,*,#5186,.T.);
#3312=ORIENTED_EDGE('',*,*,#5182,.T.);
#3313=ORIENTED_EDGE('',*,*,#5179,.T.);
#3314=ORIENTED_EDGE('',*,*,#5177,.T.);
#3315=ORIENTED_EDGE('',*,*,#5189,.T.);
#3316=ORIENTED_EDGE('',*,*,#4737,.F.);
#3317=ORIENTED_EDGE('',*,*,#5189,.F.);
#3318=ORIENTED_EDGE('',*,*,#5176,.F.);
#3319=ORIENTED_EDGE('',*,*,#4714,.T.);
#3320=ORIENTED_EDGE('',*,*,#5190,.T.);
#3321=ORIENTED_EDGE('',*,*,#5191,.T.);
#3322=ORIENTED_EDGE('',*,*,#5192,.F.);
#3323=ORIENTED_EDGE('',*,*,#5188,.F.);
#3324=ORIENTED_EDGE('',*,*,#5185,.F.);
#3325=ORIENTED_EDGE('',*,*,#5192,.T.);
#3326=ORIENTED_EDGE('',*,*,#5193,.T.);
#3327=ORIENTED_EDGE('',*,*,#3892,.F.);
#3328=ORIENTED_EDGE('',*,*,#5193,.F.);
#3329=ORIENTED_EDGE('',*,*,#5194,.T.);
#3330=ORIENTED_EDGE('',*,*,#5195,.F.);
#3331=ORIENTED_EDGE('',*,*,#5196,.F.);
#3332=ORIENTED_EDGE('',*,*,#5197,.T.);
#3333=ORIENTED_EDGE('',*,*,#5195,.T.);
#3334=ORIENTED_EDGE('',*,*,#5198,.T.);
#3335=ORIENTED_EDGE('',*,*,#3893,.T.);
#3336=ORIENTED_EDGE('',*,*,#5197,.F.);
#3337=ORIENTED_EDGE('',*,*,#5199,.F.);
#3338=ORIENTED_EDGE('',*,*,#5200,.F.);
#3339=ORIENTED_EDGE('',*,*,#5199,.T.);
#3340=ORIENTED_EDGE('',*,*,#5201,.T.);
#3341=ORIENTED_EDGE('',*,*,#5202,.T.);
#3342=ORIENTED_EDGE('',*,*,#4732,.T.);
#3343=ORIENTED_EDGE('',*,*,#5203,.T.);
#3344=ORIENTED_EDGE('',*,*,#5204,.T.);
#3345=ORIENTED_EDGE('',*,*,#5205,.T.);
#3346=ORIENTED_EDGE('',*,*,#5206,.T.);
#3347=ORIENTED_EDGE('',*,*,#5205,.F.);
#3348=ORIENTED_EDGE('',*,*,#5207,.F.);
#3349=ORIENTED_EDGE('',*,*,#4082,.T.);
#3350=ORIENTED_EDGE('',*,*,#5207,.T.);
#3351=ORIENTED_EDGE('',*,*,#5204,.F.);
#3352=ORIENTED_EDGE('',*,*,#5208,.F.);
#3353=ORIENTED_EDGE('',*,*,#5209,.T.);
#3354=ORIENTED_EDGE('',*,*,#4083,.T.);
#3355=ORIENTED_EDGE('',*,*,#5209,.F.);
#3356=ORIENTED_EDGE('',*,*,#4711,.F.);
#3357=ORIENTED_EDGE('',*,*,#5210,.F.);
#3358=ORIENTED_EDGE('',*,*,#5211,.T.);
#3359=ORIENTED_EDGE('',*,*,#5212,.F.);
#3360=ORIENTED_EDGE('',*,*,#5213,.F.);
#3361=ORIENTED_EDGE('',*,*,#5210,.T.);
#3362=ORIENTED_EDGE('',*,*,#5213,.T.);
#3363=ORIENTED_EDGE('',*,*,#5214,.F.);
#3364=ORIENTED_EDGE('',*,*,#5215,.F.);
#3365=ORIENTED_EDGE('',*,*,#4084,.T.);
#3366=ORIENTED_EDGE('',*,*,#5215,.T.);
#3367=ORIENTED_EDGE('',*,*,#5216,.F.);
#3368=ORIENTED_EDGE('',*,*,#5206,.F.);
#3369=ORIENTED_EDGE('',*,*,#4081,.T.);
#3370=ORIENTED_EDGE('',*,*,#5217,.F.);
#3371=ORIENTED_EDGE('',*,*,#5218,.T.);
#3372=ORIENTED_EDGE('',*,*,#5200,.T.);
#3373=ORIENTED_EDGE('',*,*,#5216,.T.);
#3374=ORIENTED_EDGE('',*,*,#5219,.T.);
#3375=ORIENTED_EDGE('',*,*,#3894,.T.);
#3376=ORIENTED_EDGE('',*,*,#5198,.F.);
#3377=ORIENTED_EDGE('',*,*,#5218,.F.);
#3378=ORIENTED_EDGE('',*,*,#5220,.T.);
#3379=ORIENTED_EDGE('',*,*,#3895,.T.);
#3380=ORIENTED_EDGE('',*,*,#5219,.F.);
#3381=ORIENTED_EDGE('',*,*,#5221,.F.);
#3382=ORIENTED_EDGE('',*,*,#4723,.T.);
#3383=ORIENTED_EDGE('',*,*,#5222,.T.);
#3384=ORIENTED_EDGE('',*,*,#5223,.T.);
#3385=ORIENTED_EDGE('',*,*,#5221,.T.);
#3386=ORIENTED_EDGE('',*,*,#5217,.T.);
#3387=ORIENTED_EDGE('',*,*,#5214,.T.);
#3388=ORIENTED_EDGE('',*,*,#5212,.T.);
#3389=ORIENTED_EDGE('',*,*,#5224,.T.);
#3390=ORIENTED_EDGE('',*,*,#4724,.F.);
#3391=ORIENTED_EDGE('',*,*,#5224,.F.);
#3392=ORIENTED_EDGE('',*,*,#5211,.F.);
#3393=ORIENTED_EDGE('',*,*,#4710,.T.);
#3394=ORIENTED_EDGE('',*,*,#5225,.T.);
#3395=ORIENTED_EDGE('',*,*,#5226,.T.);
#3396=ORIENTED_EDGE('',*,*,#5227,.F.);
#3397=ORIENTED_EDGE('',*,*,#5223,.F.);
#3398=ORIENTED_EDGE('',*,*,#5220,.F.);
#3399=ORIENTED_EDGE('',*,*,#5227,.T.);
#3400=ORIENTED_EDGE('',*,*,#5228,.T.);
#3401=ORIENTED_EDGE('',*,*,#3896,.F.);
#3402=ORIENTED_EDGE('',*,*,#5228,.F.);
#3403=ORIENTED_EDGE('',*,*,#5229,.T.);
#3404=ORIENTED_EDGE('',*,*,#5230,.T.);
#3405=ORIENTED_EDGE('',*,*,#5231,.T.);
#3406=ORIENTED_EDGE('',*,*,#5232,.F.);
#3407=ORIENTED_EDGE('',*,*,#5230,.F.);
#3408=ORIENTED_EDGE('',*,*,#5232,.T.);
#3409=ORIENTED_EDGE('',*,*,#5233,.T.);
#3410=ORIENTED_EDGE('',*,*,#5234,.F.);
#3411=ORIENTED_EDGE('',*,*,#3897,.F.);
#3412=ORIENTED_EDGE('',*,*,#5234,.T.);
#3413=ORIENTED_EDGE('',*,*,#5235,.T.);
#3414=ORIENTED_EDGE('',*,*,#5155,.F.);
#3415=ORIENTED_EDGE('',*,*,#3898,.F.);
#3416=ORIENTED_EDGE('',*,*,#4700,.T.);
#3417=ORIENTED_EDGE('',*,*,#5235,.F.);
#3418=ORIENTED_EDGE('',*,*,#5236,.F.);
#3419=ORIENTED_EDGE('',*,*,#4685,.T.);
#3420=ORIENTED_EDGE('',*,*,#5236,.T.);
#3421=ORIENTED_EDGE('',*,*,#5233,.F.);
#3422=ORIENTED_EDGE('',*,*,#5237,.F.);
#3423=ORIENTED_EDGE('',*,*,#5238,.F.);
#3424=ORIENTED_EDGE('',*,*,#4719,.T.);
#3425=ORIENTED_EDGE('',*,*,#5239,.T.);
#3426=ORIENTED_EDGE('',*,*,#4689,.T.);
#3427=ORIENTED_EDGE('',*,*,#4687,.T.);
#3428=ORIENTED_EDGE('',*,*,#4718,.F.);
#3429=ORIENTED_EDGE('',*,*,#4704,.T.);
#3430=ORIENTED_EDGE('',*,*,#4690,.T.);
#3431=ORIENTED_EDGE('',*,*,#5239,.F.);
#3432=ORIENTED_EDGE('',*,*,#5238,.T.);
#3433=ORIENTED_EDGE('',*,*,#5240,.F.);
#3434=ORIENTED_EDGE('',*,*,#5241,.F.);
#3435=ORIENTED_EDGE('',*,*,#4720,.F.);
#3436=ORIENTED_EDGE('',*,*,#5242,.T.);
#3437=ORIENTED_EDGE('',*,*,#5243,.F.);
#3438=ORIENTED_EDGE('',*,*,#4721,.T.);
#3439=ORIENTED_EDGE('',*,*,#5241,.T.);
#3440=ORIENTED_EDGE('',*,*,#5243,.T.);
#3441=ORIENTED_EDGE('',*,*,#5244,.F.);
#3442=ORIENTED_EDGE('',*,*,#5222,.F.);
#3443=ORIENTED_EDGE('',*,*,#4722,.F.);
#3444=ORIENTED_EDGE('',*,*,#5225,.F.);
#3445=ORIENTED_EDGE('',*,*,#5244,.T.);
#3446=ORIENTED_EDGE('',*,*,#5245,.T.);
#3447=ORIENTED_EDGE('',*,*,#5246,.T.);
#3448=ORIENTED_EDGE('',*,*,#5245,.F.);
#3449=ORIENTED_EDGE('',*,*,#5242,.F.);
#3450=ORIENTED_EDGE('',*,*,#5247,.T.);
#3451=ORIENTED_EDGE('',*,*,#5240,.T.);
#3452=ORIENTED_EDGE('',*,*,#5248,.F.);
#3453=ORIENTED_EDGE('',*,*,#5247,.F.);
#3454=ORIENTED_EDGE('',*,*,#5248,.T.);
#3455=ORIENTED_EDGE('',*,*,#5237,.T.);
#3456=ORIENTED_EDGE('',*,*,#5231,.F.);
#3457=ORIENTED_EDGE('',*,*,#5249,.F.);
#3458=ORIENTED_EDGE('',*,*,#5229,.F.);
#3459=ORIENTED_EDGE('',*,*,#5226,.F.);
#3460=ORIENTED_EDGE('',*,*,#5246,.F.);
#3461=ORIENTED_EDGE('',*,*,#5249,.T.);
#3462=ORIENTED_EDGE('',*,*,#4731,.F.);
#3463=ORIENTED_EDGE('',*,*,#4712,.T.);
#3464=ORIENTED_EDGE('',*,*,#5208,.T.);
#3465=ORIENTED_EDGE('',*,*,#5203,.F.);
#3466=ORIENTED_EDGE('',*,*,#5202,.F.);
#3467=ORIENTED_EDGE('',*,*,#5250,.T.);
#3468=ORIENTED_EDGE('',*,*,#5251,.T.);
#3469=ORIENTED_EDGE('',*,*,#4733,.F.);
#3470=ORIENTED_EDGE('',*,*,#5252,.T.);
#3471=ORIENTED_EDGE('',*,*,#5253,.F.);
#3472=ORIENTED_EDGE('',*,*,#4734,.T.);
#3473=ORIENTED_EDGE('',*,*,#5251,.F.);
#3474=ORIENTED_EDGE('',*,*,#5253,.T.);
#3475=ORIENTED_EDGE('',*,*,#5254,.F.);
#3476=ORIENTED_EDGE('',*,*,#5187,.F.);
#3477=ORIENTED_EDGE('',*,*,#4735,.F.);
#3478=ORIENTED_EDGE('',*,*,#5190,.F.);
#3479=ORIENTED_EDGE('',*,*,#5254,.T.);
#3480=ORIENTED_EDGE('',*,*,#5255,.T.);
#3481=ORIENTED_EDGE('',*,*,#5256,.T.);
#3482=ORIENTED_EDGE('',*,*,#5255,.F.);
#3483=ORIENTED_EDGE('',*,*,#5252,.F.);
#3484=ORIENTED_EDGE('',*,*,#5257,.F.);
#3485=ORIENTED_EDGE('',*,*,#5250,.F.);
#3486=ORIENTED_EDGE('',*,*,#5258,.T.);
#3487=ORIENTED_EDGE('',*,*,#5257,.T.);
#3488=ORIENTED_EDGE('',*,*,#5196,.T.);
#3489=ORIENTED_EDGE('',*,*,#5259,.T.);
#3490=ORIENTED_EDGE('',*,*,#5258,.F.);
#3491=ORIENTED_EDGE('',*,*,#5201,.F.);
#3492=ORIENTED_EDGE('',*,*,#5194,.F.);
#3493=ORIENTED_EDGE('',*,*,#5191,.F.);
#3494=ORIENTED_EDGE('',*,*,#5256,.F.);
#3495=ORIENTED_EDGE('',*,*,#5259,.F.);
#3496=ORIENTED_EDGE('',*,*,#4726,.F.);
#3497=ORIENTED_EDGE('',*,*,#4716,.T.);
#3498=ORIENTED_EDGE('',*,*,#5173,.T.);
#3499=ORIENTED_EDGE('',*,*,#5168,.F.);
#3500=ORIENTED_EDGE('',*,*,#5167,.F.);
#3501=ORIENTED_EDGE('',*,*,#5260,.T.);
#3502=ORIENTED_EDGE('',*,*,#5261,.T.);
#3503=ORIENTED_EDGE('',*,*,#4728,.F.);
#3504=ORIENTED_EDGE('',*,*,#4729,.T.);
#3505=ORIENTED_EDGE('',*,*,#5261,.F.);
#3506=ORIENTED_EDGE('',*,*,#5262,.T.);
#3507=ORIENTED_EDGE('',*,*,#5263,.T.);
#3508=ORIENTED_EDGE('',*,*,#5263,.F.);
#3509=ORIENTED_EDGE('',*,*,#5264,.T.);
#3510=ORIENTED_EDGE('',*,*,#4697,.T.);
#3511=ORIENTED_EDGE('',*,*,#4730,.F.);
#3512=ORIENTED_EDGE('',*,*,#5265,.T.);
#3513=ORIENTED_EDGE('',*,*,#5264,.F.);
#3514=ORIENTED_EDGE('',*,*,#5266,.F.);
#3515=ORIENTED_EDGE('',*,*,#5262,.F.);
#3516=ORIENTED_EDGE('',*,*,#5267,.F.);
#3517=ORIENTED_EDGE('',*,*,#5268,.T.);
#3518=ORIENTED_EDGE('',*,*,#5266,.T.);
#3519=ORIENTED_EDGE('',*,*,#5268,.F.);
#3520=ORIENTED_EDGE('',*,*,#5269,.F.);
#3521=ORIENTED_EDGE('',*,*,#5159,.F.);
#3522=ORIENTED_EDGE('',*,*,#5270,.T.);
#3523=ORIENTED_EDGE('',*,*,#5157,.T.);
#3524=ORIENTED_EDGE('',*,*,#4698,.T.);
#3525=ORIENTED_EDGE('',*,*,#5265,.F.);
#3526=ORIENTED_EDGE('',*,*,#5270,.F.);
#3527=ORIENTED_EDGE('',*,*,#5161,.T.);
#3528=ORIENTED_EDGE('',*,*,#5269,.T.);
#3529=ORIENTED_EDGE('',*,*,#5271,.F.);
#3530=ORIENTED_EDGE('',*,*,#5166,.F.);
#3531=ORIENTED_EDGE('',*,*,#5260,.F.);
#3532=ORIENTED_EDGE('',*,*,#5271,.T.);
#3533=ORIENTED_EDGE('',*,*,#5267,.T.);
#3534=ORIENTED_EDGE('',*,*,#5272,.T.);
#3535=ORIENTED_EDGE('',*,*,#5273,.T.);
#3536=ORIENTED_EDGE('',*,*,#5274,.F.);
#3537=ORIENTED_EDGE('',*,*,#3887,.F.);
#3538=ORIENTED_EDGE('',*,*,#5274,.T.);
#3539=ORIENTED_EDGE('',*,*,#5275,.T.);
#3540=ORIENTED_EDGE('',*,*,#5276,.F.);
#3541=ORIENTED_EDGE('',*,*,#3880,.F.);
#3542=ORIENTED_EDGE('',*,*,#5276,.T.);
#3543=ORIENTED_EDGE('',*,*,#5277,.T.);
#3544=ORIENTED_EDGE('',*,*,#5278,.F.);
#3545=ORIENTED_EDGE('',*,*,#3881,.F.);
#3546=ORIENTED_EDGE('',*,*,#5278,.T.);
#3547=ORIENTED_EDGE('',*,*,#5279,.T.);
#3548=ORIENTED_EDGE('',*,*,#5280,.F.);
#3549=ORIENTED_EDGE('',*,*,#3882,.F.);
#3550=ORIENTED_EDGE('',*,*,#5280,.T.);
#3551=ORIENTED_EDGE('',*,*,#5281,.T.);
#3552=ORIENTED_EDGE('',*,*,#5282,.F.);
#3553=ORIENTED_EDGE('',*,*,#3883,.F.);
#3554=ORIENTED_EDGE('',*,*,#5282,.T.);
#3555=ORIENTED_EDGE('',*,*,#5283,.T.);
#3556=ORIENTED_EDGE('',*,*,#5284,.F.);
#3557=ORIENTED_EDGE('',*,*,#3884,.F.);
#3558=ORIENTED_EDGE('',*,*,#5284,.T.);
#3559=ORIENTED_EDGE('',*,*,#5285,.T.);
#3560=ORIENTED_EDGE('',*,*,#5286,.F.);
#3561=ORIENTED_EDGE('',*,*,#3885,.F.);
#3562=ORIENTED_EDGE('',*,*,#5286,.T.);
#3563=ORIENTED_EDGE('',*,*,#5287,.T.);
#3564=ORIENTED_EDGE('',*,*,#5272,.F.);
#3565=ORIENTED_EDGE('',*,*,#3886,.F.);
#3566=ORIENTED_EDGE('',*,*,#5288,.T.);
#3567=ORIENTED_EDGE('',*,*,#5289,.T.);
#3568=ORIENTED_EDGE('',*,*,#5290,.F.);
#3569=ORIENTED_EDGE('',*,*,#5287,.F.);
#3570=ORIENTED_EDGE('',*,*,#5290,.T.);
#3571=ORIENTED_EDGE('',*,*,#5291,.T.);
#3572=ORIENTED_EDGE('',*,*,#5292,.F.);
#3573=ORIENTED_EDGE('',*,*,#5273,.F.);
#3574=ORIENTED_EDGE('',*,*,#5292,.T.);
#3575=ORIENTED_EDGE('',*,*,#5293,.T.);
#3576=ORIENTED_EDGE('',*,*,#5294,.F.);
#3577=ORIENTED_EDGE('',*,*,#5275,.F.);
#3578=ORIENTED_EDGE('',*,*,#5294,.T.);
#3579=ORIENTED_EDGE('',*,*,#5295,.T.);
#3580=ORIENTED_EDGE('',*,*,#5296,.F.);
#3581=ORIENTED_EDGE('',*,*,#5277,.F.);
#3582=ORIENTED_EDGE('',*,*,#5296,.T.);
#3583=ORIENTED_EDGE('',*,*,#5297,.T.);
#3584=ORIENTED_EDGE('',*,*,#5298,.F.);
#3585=ORIENTED_EDGE('',*,*,#5279,.F.);
#3586=ORIENTED_EDGE('',*,*,#5298,.T.);
#3587=ORIENTED_EDGE('',*,*,#5299,.T.);
#3588=ORIENTED_EDGE('',*,*,#5300,.F.);
#3589=ORIENTED_EDGE('',*,*,#5281,.F.);
#3590=ORIENTED_EDGE('',*,*,#5300,.T.);
#3591=ORIENTED_EDGE('',*,*,#5301,.T.);
#3592=ORIENTED_EDGE('',*,*,#5302,.F.);
#3593=ORIENTED_EDGE('',*,*,#5283,.F.);
#3594=ORIENTED_EDGE('',*,*,#5302,.T.);
#3595=ORIENTED_EDGE('',*,*,#5303,.T.);
#3596=ORIENTED_EDGE('',*,*,#5288,.F.);
#3597=ORIENTED_EDGE('',*,*,#5285,.F.);
#3598=ORIENTED_EDGE('',*,*,#5304,.F.);
#3599=ORIENTED_EDGE('',*,*,#5305,.T.);
#3600=ORIENTED_EDGE('',*,*,#5303,.F.);
#3601=ORIENTED_EDGE('',*,*,#5306,.T.);
#3602=ORIENTED_EDGE('',*,*,#5289,.F.);
#3603=ORIENTED_EDGE('',*,*,#5305,.F.);
#3604=ORIENTED_EDGE('',*,*,#5307,.T.);
#3605=ORIENTED_EDGE('',*,*,#5307,.F.);
#3606=ORIENTED_EDGE('',*,*,#5308,.F.);
#3607=ORIENTED_EDGE('',*,*,#5309,.F.);
#3608=ORIENTED_EDGE('',*,*,#5310,.F.);
#3609=ORIENTED_EDGE('',*,*,#5311,.F.);
#3610=ORIENTED_EDGE('',*,*,#5312,.F.);
#3611=ORIENTED_EDGE('',*,*,#5313,.F.);
#3612=ORIENTED_EDGE('',*,*,#5314,.F.);
#3613=ORIENTED_EDGE('',*,*,#5315,.F.);
#3614=ORIENTED_EDGE('',*,*,#5316,.F.);
#3615=ORIENTED_EDGE('',*,*,#5317,.F.);
#3616=ORIENTED_EDGE('',*,*,#5318,.F.);
#3617=ORIENTED_EDGE('',*,*,#5319,.T.);
#3618=ORIENTED_EDGE('',*,*,#5293,.F.);
#3619=ORIENTED_EDGE('',*,*,#5320,.F.);
#3620=ORIENTED_EDGE('',*,*,#5310,.T.);
#3621=ORIENTED_EDGE('',*,*,#5306,.F.);
#3622=ORIENTED_EDGE('',*,*,#5320,.T.);
#3623=ORIENTED_EDGE('',*,*,#5291,.F.);
#3624=ORIENTED_EDGE('',*,*,#5319,.F.);
#3625=ORIENTED_EDGE('',*,*,#5321,.T.);
#3626=ORIENTED_EDGE('',*,*,#5295,.F.);
#3627=ORIENTED_EDGE('',*,*,#5322,.T.);
#3628=ORIENTED_EDGE('',*,*,#5297,.F.);
#3629=ORIENTED_EDGE('',*,*,#5321,.F.);
#3630=ORIENTED_EDGE('',*,*,#5309,.T.);
#3631=ORIENTED_EDGE('',*,*,#5322,.F.);
#3632=ORIENTED_EDGE('',*,*,#5323,.T.);
#3633=ORIENTED_EDGE('',*,*,#5299,.F.);
#3634=ORIENTED_EDGE('',*,*,#5304,.T.);
#3635=ORIENTED_EDGE('',*,*,#5301,.F.);
#3636=ORIENTED_EDGE('',*,*,#5323,.F.);
#3637=ORIENTED_EDGE('',*,*,#5308,.T.);
#3638=ORIENTED_EDGE('',*,*,#5324,.T.);
#3639=ORIENTED_EDGE('',*,*,#5325,.F.);
#3640=ORIENTED_EDGE('',*,*,#5326,.F.);
#3641=ORIENTED_EDGE('',*,*,#5314,.T.);
#3642=ORIENTED_EDGE('',*,*,#5327,.F.);
#3643=ORIENTED_EDGE('',*,*,#5326,.T.);
#3644=ORIENTED_EDGE('',*,*,#5328,.F.);
#3645=ORIENTED_EDGE('',*,*,#5329,.T.);
#3646=ORIENTED_EDGE('',*,*,#5328,.T.);
#3647=ORIENTED_EDGE('',*,*,#5330,.F.);
#3648=ORIENTED_EDGE('',*,*,#5331,.F.);
#3649=ORIENTED_EDGE('',*,*,#5332,.T.);
#3650=ORIENTED_EDGE('',*,*,#5331,.T.);
#3651=ORIENTED_EDGE('',*,*,#5333,.F.);
#3652=ORIENTED_EDGE('',*,*,#3879,.F.);
#3653=ORIENTED_EDGE('',*,*,#5333,.T.);
#3654=ORIENTED_EDGE('',*,*,#5334,.T.);
#3655=ORIENTED_EDGE('',*,*,#5335,.F.);
#3656=ORIENTED_EDGE('',*,*,#3872,.F.);
#3657=ORIENTED_EDGE('',*,*,#5335,.T.);
#3658=ORIENTED_EDGE('',*,*,#5336,.T.);
#3659=ORIENTED_EDGE('',*,*,#5337,.F.);
#3660=ORIENTED_EDGE('',*,*,#3873,.F.);
#3661=ORIENTED_EDGE('',*,*,#5337,.T.);
#3662=ORIENTED_EDGE('',*,*,#5338,.T.);
#3663=ORIENTED_EDGE('',*,*,#5339,.F.);
#3664=ORIENTED_EDGE('',*,*,#3874,.F.);
#3665=ORIENTED_EDGE('',*,*,#5339,.T.);
#3666=ORIENTED_EDGE('',*,*,#5340,.T.);
#3667=ORIENTED_EDGE('',*,*,#5341,.F.);
#3668=ORIENTED_EDGE('',*,*,#3875,.F.);
#3669=ORIENTED_EDGE('',*,*,#5341,.T.);
#3670=ORIENTED_EDGE('',*,*,#5342,.T.);
#3671=ORIENTED_EDGE('',*,*,#5343,.F.);
#3672=ORIENTED_EDGE('',*,*,#3876,.F.);
#3673=ORIENTED_EDGE('',*,*,#5343,.T.);
#3674=ORIENTED_EDGE('',*,*,#5344,.T.);
#3675=ORIENTED_EDGE('',*,*,#5345,.F.);
#3676=ORIENTED_EDGE('',*,*,#3877,.F.);
#3677=ORIENTED_EDGE('',*,*,#5345,.T.);
#3678=ORIENTED_EDGE('',*,*,#5346,.T.);
#3679=ORIENTED_EDGE('',*,*,#5332,.F.);
#3680=ORIENTED_EDGE('',*,*,#3878,.F.);
#3681=ORIENTED_EDGE('',*,*,#5347,.T.);
#3682=ORIENTED_EDGE('',*,*,#5348,.T.);
#3683=ORIENTED_EDGE('',*,*,#5329,.F.);
#3684=ORIENTED_EDGE('',*,*,#5346,.F.);
#3685=ORIENTED_EDGE('',*,*,#5327,.T.);
#3686=ORIENTED_EDGE('',*,*,#5348,.F.);
#3687=ORIENTED_EDGE('',*,*,#5349,.F.);
#3688=ORIENTED_EDGE('',*,*,#5311,.T.);
#3689=ORIENTED_EDGE('',*,*,#5350,.F.);
#3690=ORIENTED_EDGE('',*,*,#5349,.T.);
#3691=ORIENTED_EDGE('',*,*,#5351,.F.);
#3692=ORIENTED_EDGE('',*,*,#5352,.T.);
#3693=ORIENTED_EDGE('',*,*,#5351,.T.);
#3694=ORIENTED_EDGE('',*,*,#5347,.F.);
#3695=ORIENTED_EDGE('',*,*,#5344,.F.);
#3696=ORIENTED_EDGE('',*,*,#5353,.T.);
#3697=ORIENTED_EDGE('',*,*,#5354,.T.);
#3698=ORIENTED_EDGE('',*,*,#5352,.F.);
#3699=ORIENTED_EDGE('',*,*,#5342,.F.);
#3700=ORIENTED_EDGE('',*,*,#5350,.T.);
#3701=ORIENTED_EDGE('',*,*,#5354,.F.);
#3702=ORIENTED_EDGE('',*,*,#5355,.F.);
#3703=ORIENTED_EDGE('',*,*,#5312,.T.);
#3704=ORIENTED_EDGE('',*,*,#5356,.F.);
#3705=ORIENTED_EDGE('',*,*,#5355,.T.);
#3706=ORIENTED_EDGE('',*,*,#5357,.F.);
#3707=ORIENTED_EDGE('',*,*,#5358,.T.);
#3708=ORIENTED_EDGE('',*,*,#5357,.T.);
#3709=ORIENTED_EDGE('',*,*,#5353,.F.);
#3710=ORIENTED_EDGE('',*,*,#5340,.F.);
#3711=ORIENTED_EDGE('',*,*,#5359,.T.);
#3712=ORIENTED_EDGE('',*,*,#5360,.T.);
#3713=ORIENTED_EDGE('',*,*,#5358,.F.);
#3714=ORIENTED_EDGE('',*,*,#5338,.F.);
#3715=ORIENTED_EDGE('',*,*,#5356,.T.);
#3716=ORIENTED_EDGE('',*,*,#5360,.F.);
#3717=ORIENTED_EDGE('',*,*,#5361,.F.);
#3718=ORIENTED_EDGE('',*,*,#5313,.T.);
#3719=ORIENTED_EDGE('',*,*,#5324,.F.);
#3720=ORIENTED_EDGE('',*,*,#5361,.T.);
#3721=ORIENTED_EDGE('',*,*,#5362,.F.);
#3722=ORIENTED_EDGE('',*,*,#5363,.T.);
#3723=ORIENTED_EDGE('',*,*,#5362,.T.);
#3724=ORIENTED_EDGE('',*,*,#5359,.F.);
#3725=ORIENTED_EDGE('',*,*,#5336,.F.);
#3726=ORIENTED_EDGE('',*,*,#5330,.T.);
#3727=ORIENTED_EDGE('',*,*,#5325,.T.);
#3728=ORIENTED_EDGE('',*,*,#5363,.F.);
#3729=ORIENTED_EDGE('',*,*,#5334,.F.);
#3730=ORIENTED_EDGE('',*,*,#5364,.T.);
#3731=ORIENTED_EDGE('',*,*,#5365,.F.);
#3732=ORIENTED_EDGE('',*,*,#5366,.F.);
#3733=ORIENTED_EDGE('',*,*,#5318,.T.);
#3734=ORIENTED_EDGE('',*,*,#5367,.F.);
#3735=ORIENTED_EDGE('',*,*,#5366,.T.);
#3736=ORIENTED_EDGE('',*,*,#5368,.F.);
#3737=ORIENTED_EDGE('',*,*,#5369,.T.);
#3738=ORIENTED_EDGE('',*,*,#5368,.T.);
#3739=ORIENTED_EDGE('',*,*,#5370,.F.);
#3740=ORIENTED_EDGE('',*,*,#5371,.F.);
#3741=ORIENTED_EDGE('',*,*,#5372,.T.);
#3742=ORIENTED_EDGE('',*,*,#5371,.T.);
#3743=ORIENTED_EDGE('',*,*,#5373,.F.);
#3744=ORIENTED_EDGE('',*,*,#3871,.F.);
#3745=ORIENTED_EDGE('',*,*,#5373,.T.);
#3746=ORIENTED_EDGE('',*,*,#5374,.T.);
#3747=ORIENTED_EDGE('',*,*,#5375,.F.);
#3748=ORIENTED_EDGE('',*,*,#3864,.F.);
#3749=ORIENTED_EDGE('',*,*,#5375,.T.);
#3750=ORIENTED_EDGE('',*,*,#5376,.T.);
#3751=ORIENTED_EDGE('',*,*,#5377,.F.);
#3752=ORIENTED_EDGE('',*,*,#3865,.F.);
#3753=ORIENTED_EDGE('',*,*,#5377,.T.);
#3754=ORIENTED_EDGE('',*,*,#5378,.T.);
#3755=ORIENTED_EDGE('',*,*,#5379,.F.);
#3756=ORIENTED_EDGE('',*,*,#3866,.F.);
#3757=ORIENTED_EDGE('',*,*,#5379,.T.);
#3758=ORIENTED_EDGE('',*,*,#5380,.T.);
#3759=ORIENTED_EDGE('',*,*,#5381,.F.);
#3760=ORIENTED_EDGE('',*,*,#3867,.F.);
#3761=ORIENTED_EDGE('',*,*,#5381,.T.);
#3762=ORIENTED_EDGE('',*,*,#5382,.T.);
#3763=ORIENTED_EDGE('',*,*,#5383,.F.);
#3764=ORIENTED_EDGE('',*,*,#3868,.F.);
#3765=ORIENTED_EDGE('',*,*,#5383,.T.);
#3766=ORIENTED_EDGE('',*,*,#5384,.T.);
#3767=ORIENTED_EDGE('',*,*,#5385,.F.);
#3768=ORIENTED_EDGE('',*,*,#3869,.F.);
#3769=ORIENTED_EDGE('',*,*,#5385,.T.);
#3770=ORIENTED_EDGE('',*,*,#5386,.T.);
#3771=ORIENTED_EDGE('',*,*,#5372,.F.);
#3772=ORIENTED_EDGE('',*,*,#3870,.F.);
#3773=ORIENTED_EDGE('',*,*,#5387,.T.);
#3774=ORIENTED_EDGE('',*,*,#5388,.T.);
#3775=ORIENTED_EDGE('',*,*,#5369,.F.);
#3776=ORIENTED_EDGE('',*,*,#5386,.F.);
#3777=ORIENTED_EDGE('',*,*,#5367,.T.);
#3778=ORIENTED_EDGE('',*,*,#5388,.F.);
#3779=ORIENTED_EDGE('',*,*,#5389,.F.);
#3780=ORIENTED_EDGE('',*,*,#5315,.T.);
#3781=ORIENTED_EDGE('',*,*,#5390,.F.);
#3782=ORIENTED_EDGE('',*,*,#5389,.T.);
#3783=ORIENTED_EDGE('',*,*,#5391,.F.);
#3784=ORIENTED_EDGE('',*,*,#5392,.T.);
#3785=ORIENTED_EDGE('',*,*,#5391,.T.);
#3786=ORIENTED_EDGE('',*,*,#5387,.F.);
#3787=ORIENTED_EDGE('',*,*,#5384,.F.);
#3788=ORIENTED_EDGE('',*,*,#5393,.T.);
#3789=ORIENTED_EDGE('',*,*,#5394,.T.);
#3790=ORIENTED_EDGE('',*,*,#5392,.F.);
#3791=ORIENTED_EDGE('',*,*,#5382,.F.);
#3792=ORIENTED_EDGE('',*,*,#5390,.T.);
#3793=ORIENTED_EDGE('',*,*,#5394,.F.);
#3794=ORIENTED_EDGE('',*,*,#5395,.F.);
#3795=ORIENTED_EDGE('',*,*,#5316,.T.);
#3796=ORIENTED_EDGE('',*,*,#5396,.F.);
#3797=ORIENTED_EDGE('',*,*,#5395,.T.);
#3798=ORIENTED_EDGE('',*,*,#5397,.F.);
#3799=ORIENTED_EDGE('',*,*,#5398,.T.);
#3800=ORIENTED_EDGE('',*,*,#5397,.T.);
#3801=ORIENTED_EDGE('',*,*,#5393,.F.);
#3802=ORIENTED_EDGE('',*,*,#5380,.F.);
#3803=ORIENTED_EDGE('',*,*,#5399,.T.);
#3804=ORIENTED_EDGE('',*,*,#5400,.T.);
#3805=ORIENTED_EDGE('',*,*,#5398,.F.);
#3806=ORIENTED_EDGE('',*,*,#5378,.F.);
#3807=ORIENTED_EDGE('',*,*,#5396,.T.);
#3808=ORIENTED_EDGE('',*,*,#5400,.F.);
#3809=ORIENTED_EDGE('',*,*,#5401,.F.);
#3810=ORIENTED_EDGE('',*,*,#5317,.T.);
#3811=ORIENTED_EDGE('',*,*,#5364,.F.);
#3812=ORIENTED_EDGE('',*,*,#5401,.T.);
#3813=ORIENTED_EDGE('',*,*,#5402,.F.);
#3814=ORIENTED_EDGE('',*,*,#5403,.T.);
#3815=ORIENTED_EDGE('',*,*,#5402,.T.);
#3816=ORIENTED_EDGE('',*,*,#5399,.F.);
#3817=ORIENTED_EDGE('',*,*,#5376,.F.);
#3818=ORIENTED_EDGE('',*,*,#5370,.T.);
#3819=ORIENTED_EDGE('',*,*,#5365,.T.);
#3820=ORIENTED_EDGE('',*,*,#5403,.F.);
#3821=ORIENTED_EDGE('',*,*,#5374,.F.);
#3822=ORIENTED_EDGE('',*,*,#5142,.T.);
#3823=ORIENTED_EDGE('',*,*,#5404,.T.);
#3824=ORIENTED_EDGE('',*,*,#5141,.F.);
#3825=ORIENTED_EDGE('',*,*,#5145,.F.);
#3826=ORIENTED_EDGE('',*,*,#5139,.F.);
#3827=ORIENTED_EDGE('',*,*,#5135,.T.);
#3828=ORIENTED_EDGE('',*,*,#5138,.T.);
#3829=ORIENTED_EDGE('',*,*,#5404,.F.);
#3830=ORIENTED_EDGE('',*,*,#5144,.F.);
#3831=ORIENTED_EDGE('',*,*,#5146,.F.);
#3832=ORIENTED_EDGE('',*,*,#5405,.T.);
#3833=ORIENTED_EDGE('',*,*,#5147,.F.);
#3834=ORIENTED_EDGE('',*,*,#5406,.F.);
#3835=ORIENTED_EDGE('',*,*,#3901,.F.);
#3836=ORIENTED_EDGE('',*,*,#5407,.T.);
#3837=ORIENTED_EDGE('',*,*,#5148,.F.);
#3838=ORIENTED_EDGE('',*,*,#5405,.F.);
#3839=ORIENTED_EDGE('',*,*,#3900,.F.);
#3840=ORIENTED_EDGE('',*,*,#5408,.T.);
#3841=ORIENTED_EDGE('',*,*,#5149,.F.);
#3842=ORIENTED_EDGE('',*,*,#5407,.F.);
#3843=ORIENTED_EDGE('',*,*,#3907,.F.);
#3844=ORIENTED_EDGE('',*,*,#5409,.T.);
#3845=ORIENTED_EDGE('',*,*,#5150,.F.);
#3846=ORIENTED_EDGE('',*,*,#5408,.F.);
#3847=ORIENTED_EDGE('',*,*,#3906,.F.);
#3848=ORIENTED_EDGE('',*,*,#5410,.T.);
#3849=ORIENTED_EDGE('',*,*,#5151,.F.);
#3850=ORIENTED_EDGE('',*,*,#5409,.F.);
#3851=ORIENTED_EDGE('',*,*,#3905,.F.);
#3852=ORIENTED_EDGE('',*,*,#5411,.T.);
#3853=ORIENTED_EDGE('',*,*,#5152,.F.);
#3854=ORIENTED_EDGE('',*,*,#5410,.F.);
#3855=ORIENTED_EDGE('',*,*,#3904,.F.);
#3856=ORIENTED_EDGE('',*,*,#5412,.T.);
#3857=ORIENTED_EDGE('',*,*,#5153,.F.);
#3858=ORIENTED_EDGE('',*,*,#5411,.F.);
#3859=ORIENTED_EDGE('',*,*,#3903,.F.);
#3860=ORIENTED_EDGE('',*,*,#5406,.T.);
#3861=ORIENTED_EDGE('',*,*,#5154,.F.);
#3862=ORIENTED_EDGE('',*,*,#5412,.F.);
#3863=ORIENTED_EDGE('',*,*,#3902,.F.);
#3864=EDGE_CURVE('',#5413,#5414,#6363,.T.);
#3865=EDGE_CURVE('',#5414,#5415,#364,.T.);
#3866=EDGE_CURVE('',#5415,#5416,#6364,.F.);
#3867=EDGE_CURVE('',#5416,#5417,#365,.T.);
#3868=EDGE_CURVE('',#5417,#5418,#6365,.T.);
#3869=EDGE_CURVE('',#5418,#5419,#366,.T.);
#3870=EDGE_CURVE('',#5419,#5420,#367,.T.);
#3871=EDGE_CURVE('',#5420,#5413,#368,.T.);
#3872=EDGE_CURVE('',#5421,#5422,#6366,.T.);
#3873=EDGE_CURVE('',#5422,#5423,#369,.T.);
#3874=EDGE_CURVE('',#5423,#5424,#6367,.T.);
#3875=EDGE_CURVE('',#5424,#5425,#370,.T.);
#3876=EDGE_CURVE('',#5425,#5426,#371,.T.);
#3877=EDGE_CURVE('',#5426,#5427,#372,.T.);
#3878=EDGE_CURVE('',#5427,#5428,#6368,.T.);
#3879=EDGE_CURVE('',#5428,#5421,#373,.T.);
#3880=EDGE_CURVE('',#5429,#5430,#374,.T.);
#3881=EDGE_CURVE('',#5430,#5431,#375,.T.);
#3882=EDGE_CURVE('',#5431,#5432,#6369,.T.);
#3883=EDGE_CURVE('',#5432,#5433,#376,.T.);
#3884=EDGE_CURVE('',#5433,#5434,#6370,.T.);
#3885=EDGE_CURVE('',#5434,#5435,#377,.T.);
#3886=EDGE_CURVE('',#5435,#5436,#6371,.T.);
#3887=EDGE_CURVE('',#5436,#5429,#378,.T.);
#3888=EDGE_CURVE('',#5437,#5438,#6372,.T.);
#3889=EDGE_CURVE('',#5439,#5438,#6373,.T.);
#3890=EDGE_CURVE('',#5440,#5439,#379,.F.);
#3891=EDGE_CURVE('',#5441,#5440,#6374,.T.);
#3892=EDGE_CURVE('',#5441,#5442,#6375,.T.);
#3893=EDGE_CURVE('',#5443,#5442,#6376,.T.);
#3894=EDGE_CURVE('',#5444,#5443,#380,.F.);
#3895=EDGE_CURVE('',#5445,#5444,#6377,.T.);
#3896=EDGE_CURVE('',#5445,#5446,#6378,.T.);
#3897=EDGE_CURVE('',#5446,#5447,#6379,.T.);
#3898=EDGE_CURVE('',#5447,#5448,#381,.F.);
#3899=EDGE_CURVE('',#5448,#5437,#6380,.T.);
#3900=EDGE_CURVE('',#5449,#5450,#6381,.T.);
#3901=EDGE_CURVE('',#5450,#5451,#6382,.T.);
#3902=EDGE_CURVE('',#5451,#5452,#6383,.T.);
#3903=EDGE_CURVE('',#5452,#5453,#6384,.T.);
#3904=EDGE_CURVE('',#5453,#5454,#6385,.T.);
#3905=EDGE_CURVE('',#5454,#5455,#6386,.T.);
#3906=EDGE_CURVE('',#5455,#5456,#6387,.T.);
#3907=EDGE_CURVE('',#5456,#5449,#6388,.T.);
#3908=EDGE_CURVE('',#5457,#5458,#6389,.T.);
#3909=EDGE_CURVE('',#5459,#5457,#6390,.T.);
#3910=EDGE_CURVE('',#5460,#5459,#6391,.T.);
#3911=EDGE_CURVE('',#5461,#5460,#6392,.T.);
#3912=EDGE_CURVE('',#5462,#5461,#6393,.T.);
#3913=EDGE_CURVE('',#5463,#5462,#6394,.T.);
#3914=EDGE_CURVE('',#5464,#5463,#6395,.T.);
#3915=EDGE_CURVE('',#5465,#5464,#6396,.T.);
#3916=EDGE_CURVE('',#5466,#5465,#6397,.T.);
#3917=EDGE_CURVE('',#5467,#5466,#6398,.T.);
#3918=EDGE_CURVE('',#5468,#5467,#6399,.T.);
#3919=EDGE_CURVE('',#5469,#5468,#6400,.T.);
#3920=EDGE_CURVE('',#5470,#5469,#6401,.T.);
#3921=EDGE_CURVE('',#5471,#5470,#6402,.T.);
#3922=EDGE_CURVE('',#5472,#5471,#6403,.T.);
#3923=EDGE_CURVE('',#5473,#5472,#6404,.T.);
#3924=EDGE_CURVE('',#5474,#5473,#6405,.T.);
#3925=EDGE_CURVE('',#5475,#5474,#6406,.T.);
#3926=EDGE_CURVE('',#5476,#5475,#6407,.T.);
#3927=EDGE_CURVE('',#5458,#5476,#6408,.T.);
#3928=EDGE_CURVE('',#5477,#5478,#6409,.T.);
#3929=EDGE_CURVE('',#5479,#5477,#6410,.T.);
#3930=EDGE_CURVE('',#5480,#5479,#6411,.T.);
#3931=EDGE_CURVE('',#5481,#5480,#6412,.T.);
#3932=EDGE_CURVE('',#5482,#5481,#6413,.T.);
#3933=EDGE_CURVE('',#5483,#5482,#6414,.T.);
#3934=EDGE_CURVE('',#5484,#5483,#6415,.T.);
#3935=EDGE_CURVE('',#5485,#5484,#6416,.T.);
#3936=EDGE_CURVE('',#5486,#5485,#6417,.T.);
#3937=EDGE_CURVE('',#5487,#5486,#6418,.T.);
#3938=EDGE_CURVE('',#5488,#5487,#6419,.T.);
#3939=EDGE_CURVE('',#5489,#5488,#6420,.T.);
#3940=EDGE_CURVE('',#5490,#5489,#6421,.T.);
#3941=EDGE_CURVE('',#5491,#5490,#6422,.T.);
#3942=EDGE_CURVE('',#5492,#5491,#6423,.T.);
#3943=EDGE_CURVE('',#5493,#5492,#6424,.T.);
#3944=EDGE_CURVE('',#5494,#5493,#6425,.T.);
#3945=EDGE_CURVE('',#5495,#5494,#6426,.T.);
#3946=EDGE_CURVE('',#5496,#5495,#6427,.T.);
#3947=EDGE_CURVE('',#5478,#5496,#6428,.T.);
#3948=EDGE_CURVE('',#5497,#5498,#382,.F.);
#3949=EDGE_CURVE('',#5499,#5497,#6429,.T.);
#3950=EDGE_CURVE('',#5500,#5499,#383,.T.);
#3951=EDGE_CURVE('',#5498,#5500,#6430,.T.);
#3952=EDGE_CURVE('',#5501,#5502,#6431,.T.);
#3953=EDGE_CURVE('',#5503,#5501,#6432,.T.);
#3954=EDGE_CURVE('',#5504,#5503,#384,.T.);
#3955=EDGE_CURVE('',#5505,#5504,#6433,.T.);
#3956=EDGE_CURVE('',#5505,#5506,#385,.T.);
#3957=EDGE_CURVE('',#5507,#5506,#6434,.T.);
#3958=EDGE_CURVE('',#5502,#5507,#6435,.T.);
#3959=EDGE_CURVE('',#5508,#5509,#6436,.T.);
#3960=EDGE_CURVE('',#5510,#5508,#6437,.T.);
#3961=EDGE_CURVE('',#5511,#5510,#6438,.T.);
#3962=EDGE_CURVE('',#5512,#5511,#6439,.T.);
#3963=EDGE_CURVE('',#5513,#5512,#6440,.T.);
#3964=EDGE_CURVE('',#5514,#5513,#6441,.T.);
#3965=EDGE_CURVE('',#5515,#5514,#6442,.T.);
#3966=EDGE_CURVE('',#5516,#5515,#6443,.T.);
#3967=EDGE_CURVE('',#5517,#5516,#6444,.T.);
#3968=EDGE_CURVE('',#5518,#5517,#6445,.T.);
#3969=EDGE_CURVE('',#5519,#5518,#6446,.T.);
#3970=EDGE_CURVE('',#5520,#5519,#6447,.T.);
#3971=EDGE_CURVE('',#5521,#5520,#6448,.T.);
#3972=EDGE_CURVE('',#5522,#5521,#6449,.T.);
#3973=EDGE_CURVE('',#5523,#5522,#6450,.T.);
#3974=EDGE_CURVE('',#5524,#5523,#6451,.T.);
#3975=EDGE_CURVE('',#5525,#5524,#6452,.T.);
#3976=EDGE_CURVE('',#5526,#5525,#6453,.T.);
#3977=EDGE_CURVE('',#5527,#5526,#6454,.T.);
#3978=EDGE_CURVE('',#5528,#5527,#6455,.T.);
#3979=EDGE_CURVE('',#5529,#5528,#6456,.T.);
#3980=EDGE_CURVE('',#5530,#5529,#6457,.T.);
#3981=EDGE_CURVE('',#5531,#5530,#6458,.T.);
#3982=EDGE_CURVE('',#5532,#5531,#6459,.T.);
#3983=EDGE_CURVE('',#5533,#5532,#6460,.T.);
#3984=EDGE_CURVE('',#5509,#5533,#6461,.T.);
#3985=EDGE_CURVE('',#5534,#5535,#6462,.T.);
#3986=EDGE_CURVE('',#5536,#5534,#6463,.T.);
#3987=EDGE_CURVE('',#5537,#5536,#6464,.T.);
#3988=EDGE_CURVE('',#5538,#5537,#6465,.T.);
#3989=EDGE_CURVE('',#5539,#5538,#6466,.T.);
#3990=EDGE_CURVE('',#5540,#5539,#6467,.T.);
#3991=EDGE_CURVE('',#5541,#5540,#6468,.T.);
#3992=EDGE_CURVE('',#5542,#5541,#6469,.T.);
#3993=EDGE_CURVE('',#5543,#5542,#6470,.T.);
#3994=EDGE_CURVE('',#5535,#5543,#6471,.T.);
#3995=EDGE_CURVE('',#5544,#5545,#6472,.T.);
#3996=EDGE_CURVE('',#5546,#5544,#6473,.T.);
#3997=EDGE_CURVE('',#5547,#5546,#6474,.T.);
#3998=EDGE_CURVE('',#5548,#5547,#6475,.T.);
#3999=EDGE_CURVE('',#5549,#5548,#6476,.T.);
#4000=EDGE_CURVE('',#5545,#5549,#6477,.T.);
#4001=EDGE_CURVE('',#5550,#5551,#6478,.T.);
#4002=EDGE_CURVE('',#5552,#5550,#6479,.T.);
#4003=EDGE_CURVE('',#5553,#5552,#6480,.T.);
#4004=EDGE_CURVE('',#5554,#5553,#6481,.T.);
#4005=EDGE_CURVE('',#5555,#5554,#6482,.T.);
#4006=EDGE_CURVE('',#5556,#5555,#6483,.T.);
#4007=EDGE_CURVE('',#5557,#5556,#6484,.T.);
#4008=EDGE_CURVE('',#5558,#5557,#6485,.T.);
#4009=EDGE_CURVE('',#5559,#5558,#6486,.T.);
#4010=EDGE_CURVE('',#5560,#5559,#6487,.T.);
#4011=EDGE_CURVE('',#5561,#5560,#6488,.T.);
#4012=EDGE_CURVE('',#5562,#5561,#6489,.T.);
#4013=EDGE_CURVE('',#5563,#5562,#6490,.T.);
#4014=EDGE_CURVE('',#5564,#5563,#6491,.T.);
#4015=EDGE_CURVE('',#5565,#5564,#6492,.T.);
#4016=EDGE_CURVE('',#5566,#5565,#6493,.T.);
#4017=EDGE_CURVE('',#5567,#5566,#6494,.T.);
#4018=EDGE_CURVE('',#5568,#5567,#6495,.T.);
#4019=EDGE_CURVE('',#5569,#5568,#6496,.T.);
#4020=EDGE_CURVE('',#5570,#5569,#6497,.T.);
#4021=EDGE_CURVE('',#5571,#5570,#6498,.T.);
#4022=EDGE_CURVE('',#5572,#5571,#6499,.T.);
#4023=EDGE_CURVE('',#5573,#5572,#6500,.T.);
#4024=EDGE_CURVE('',#5551,#5573,#6501,.T.);
#4025=EDGE_CURVE('',#5574,#5575,#6502,.T.);
#4026=EDGE_CURVE('',#5576,#5574,#6503,.T.);
#4027=EDGE_CURVE('',#5577,#5576,#6504,.T.);
#4028=EDGE_CURVE('',#5578,#5577,#6505,.T.);
#4029=EDGE_CURVE('',#5579,#5578,#6506,.T.);
#4030=EDGE_CURVE('',#5580,#5579,#6507,.T.);
#4031=EDGE_CURVE('',#5581,#5580,#6508,.T.);
#4032=EDGE_CURVE('',#5582,#5581,#6509,.T.);
#4033=EDGE_CURVE('',#5583,#5582,#6510,.T.);
#4034=EDGE_CURVE('',#5584,#5583,#6511,.T.);
#4035=EDGE_CURVE('',#5585,#5584,#6512,.T.);
#4036=EDGE_CURVE('',#5586,#5585,#6513,.T.);
#4037=EDGE_CURVE('',#5587,#5586,#6514,.T.);
#4038=EDGE_CURVE('',#5588,#5587,#6515,.T.);
#4039=EDGE_CURVE('',#5589,#5588,#6516,.T.);
#4040=EDGE_CURVE('',#5590,#5589,#6517,.T.);
#4041=EDGE_CURVE('',#5591,#5590,#6518,.T.);
#4042=EDGE_CURVE('',#5592,#5591,#6519,.T.);
#4043=EDGE_CURVE('',#5593,#5592,#6520,.T.);
#4044=EDGE_CURVE('',#5594,#5593,#6521,.T.);
#4045=EDGE_CURVE('',#5595,#5594,#6522,.T.);
#4046=EDGE_CURVE('',#5596,#5595,#6523,.T.);
#4047=EDGE_CURVE('',#5597,#5596,#6524,.T.);
#4048=EDGE_CURVE('',#5598,#5597,#6525,.T.);
#4049=EDGE_CURVE('',#5599,#5598,#6526,.T.);
#4050=EDGE_CURVE('',#5600,#5599,#6527,.T.);
#4051=EDGE_CURVE('',#5601,#5600,#6528,.T.);
#4052=EDGE_CURVE('',#5602,#5601,#6529,.T.);
#4053=EDGE_CURVE('',#5603,#5602,#6530,.T.);
#4054=EDGE_CURVE('',#5604,#5603,#6531,.T.);
#4055=EDGE_CURVE('',#5605,#5604,#6532,.T.);
#4056=EDGE_CURVE('',#5606,#5605,#6533,.T.);
#4057=EDGE_CURVE('',#5607,#5606,#6534,.T.);
#4058=EDGE_CURVE('',#5608,#5607,#6535,.T.);
#4059=EDGE_CURVE('',#5609,#5608,#6536,.T.);
#4060=EDGE_CURVE('',#5610,#5609,#6537,.T.);
#4061=EDGE_CURVE('',#5611,#5610,#6538,.T.);
#4062=EDGE_CURVE('',#5612,#5611,#6539,.T.);
#4063=EDGE_CURVE('',#5613,#5612,#6540,.T.);
#4064=EDGE_CURVE('',#5575,#5613,#6541,.T.);
#4065=EDGE_CURVE('',#5614,#5615,#6542,.T.);
#4066=EDGE_CURVE('',#5616,#5614,#6543,.T.);
#4067=EDGE_CURVE('',#5617,#5616,#6544,.T.);
#4068=EDGE_CURVE('',#5618,#5617,#6545,.T.);
#4069=EDGE_CURVE('',#5619,#5618,#6546,.T.);
#4070=EDGE_CURVE('',#5620,#5619,#6547,.T.);
#4071=EDGE_CURVE('',#5621,#5620,#6548,.T.);
#4072=EDGE_CURVE('',#5622,#5621,#6549,.T.);
#4073=EDGE_CURVE('',#5623,#5622,#6550,.T.);
#4074=EDGE_CURVE('',#5624,#5623,#6551,.T.);
#4075=EDGE_CURVE('',#5625,#5624,#6552,.T.);
#4076=EDGE_CURVE('',#5615,#5625,#6553,.T.);
#4077=EDGE_CURVE('',#5626,#5627,#386,.T.);
#4078=EDGE_CURVE('',#5628,#5626,#6554,.T.);
#4079=EDGE_CURVE('',#5629,#5628,#387,.T.);
#4080=EDGE_CURVE('',#5627,#5629,#6555,.T.);
#4081=EDGE_CURVE('',#5630,#5631,#388,.T.);
#4082=EDGE_CURVE('',#5632,#5630,#6556,.T.);
#4083=EDGE_CURVE('',#5633,#5632,#389,.T.);
#4084=EDGE_CURVE('',#5631,#5633,#6557,.T.);
#4085=EDGE_CURVE('',#5634,#5635,#6558,.T.);
#4086=EDGE_CURVE('',#5636,#5635,#390,.T.);
#4087=EDGE_CURVE('',#5636,#5637,#6559,.T.);
#4088=EDGE_CURVE('',#5637,#5638,#391,.T.);
#4089=EDGE_CURVE('',#5638,#5639,#6560,.T.);
#4090=EDGE_CURVE('',#5639,#5640,#6561,.T.);
#4091=EDGE_CURVE('',#5640,#5634,#6562,.T.);
#4092=EDGE_CURVE('',#5641,#5642,#6563,.T.);
#4093=EDGE_CURVE('',#5643,#5641,#6564,.T.);
#4094=EDGE_CURVE('',#5644,#5643,#6565,.T.);
#4095=EDGE_CURVE('',#5645,#5644,#6566,.T.);
#4096=EDGE_CURVE('',#5646,#5645,#6567,.T.);
#4097=EDGE_CURVE('',#5642,#5646,#6568,.T.);
#4098=EDGE_CURVE('',#5647,#5648,#6569,.T.);
#4099=EDGE_CURVE('',#5649,#5647,#6570,.T.);
#4100=EDGE_CURVE('',#5650,#5649,#6571,.T.);
#4101=EDGE_CURVE('',#5651,#5650,#6572,.T.);
#4102=EDGE_CURVE('',#5652,#5651,#6573,.T.);
#4103=EDGE_CURVE('',#5653,#5652,#6574,.T.);
#4104=EDGE_CURVE('',#5654,#5653,#6575,.T.);
#4105=EDGE_CURVE('',#5655,#5654,#6576,.T.);
#4106=EDGE_CURVE('',#5656,#5655,#6577,.T.);
#4107=EDGE_CURVE('',#5657,#5656,#6578,.T.);
#4108=EDGE_CURVE('',#5658,#5657,#6579,.T.);
#4109=EDGE_CURVE('',#5659,#5658,#6580,.T.);
#4110=EDGE_CURVE('',#5660,#5659,#6581,.T.);
#4111=EDGE_CURVE('',#5661,#5660,#6582,.T.);
#4112=EDGE_CURVE('',#5662,#5661,#6583,.T.);
#4113=EDGE_CURVE('',#5663,#5662,#6584,.T.);
#4114=EDGE_CURVE('',#5664,#5663,#6585,.T.);
#4115=EDGE_CURVE('',#5665,#5664,#6586,.T.);
#4116=EDGE_CURVE('',#5666,#5665,#6587,.T.);
#4117=EDGE_CURVE('',#5667,#5666,#6588,.T.);
#4118=EDGE_CURVE('',#5668,#5667,#6589,.T.);
#4119=EDGE_CURVE('',#5669,#5668,#6590,.T.);
#4120=EDGE_CURVE('',#5670,#5669,#6591,.T.);
#4121=EDGE_CURVE('',#5648,#5670,#6592,.T.);
#4122=EDGE_CURVE('',#5671,#5672,#6593,.T.);
#4123=EDGE_CURVE('',#5673,#5671,#6594,.T.);
#4124=EDGE_CURVE('',#5674,#5673,#6595,.T.);
#4125=EDGE_CURVE('',#5675,#5674,#6596,.T.);
#4126=EDGE_CURVE('',#5676,#5675,#6597,.T.);
#4127=EDGE_CURVE('',#5677,#5676,#6598,.T.);
#4128=EDGE_CURVE('',#5678,#5677,#6599,.T.);
#4129=EDGE_CURVE('',#5679,#5678,#6600,.T.);
#4130=EDGE_CURVE('',#5680,#5679,#6601,.T.);
#4131=EDGE_CURVE('',#5681,#5680,#6602,.T.);
#4132=EDGE_CURVE('',#5682,#5681,#6603,.T.);
#4133=EDGE_CURVE('',#5683,#5682,#6604,.T.);
#4134=EDGE_CURVE('',#5684,#5683,#6605,.T.);
#4135=EDGE_CURVE('',#5685,#5684,#6606,.T.);
#4136=EDGE_CURVE('',#5686,#5685,#6607,.T.);
#4137=EDGE_CURVE('',#5687,#5686,#6608,.T.);
#4138=EDGE_CURVE('',#5688,#5687,#6609,.T.);
#4139=EDGE_CURVE('',#5689,#5688,#6610,.T.);
#4140=EDGE_CURVE('',#5690,#5689,#6611,.T.);
#4141=EDGE_CURVE('',#5691,#5690,#6612,.T.);
#4142=EDGE_CURVE('',#5692,#5691,#6613,.T.);
#4143=EDGE_CURVE('',#5693,#5692,#6614,.T.);
#4144=EDGE_CURVE('',#5694,#5693,#6615,.T.);
#4145=EDGE_CURVE('',#5695,#5694,#6616,.T.);
#4146=EDGE_CURVE('',#5696,#5695,#6617,.T.);
#4147=EDGE_CURVE('',#5697,#5696,#6618,.T.);
#4148=EDGE_CURVE('',#5698,#5697,#6619,.T.);
#4149=EDGE_CURVE('',#5699,#5698,#6620,.T.);
#4150=EDGE_CURVE('',#5700,#5699,#6621,.T.);
#4151=EDGE_CURVE('',#5701,#5700,#6622,.T.);
#4152=EDGE_CURVE('',#5702,#5701,#6623,.T.);
#4153=EDGE_CURVE('',#5703,#5702,#6624,.T.);
#4154=EDGE_CURVE('',#5704,#5703,#6625,.T.);
#4155=EDGE_CURVE('',#5705,#5704,#6626,.T.);
#4156=EDGE_CURVE('',#5706,#5705,#6627,.T.);
#4157=EDGE_CURVE('',#5707,#5706,#6628,.T.);
#4158=EDGE_CURVE('',#5708,#5707,#6629,.T.);
#4159=EDGE_CURVE('',#5709,#5708,#6630,.T.);
#4160=EDGE_CURVE('',#5710,#5709,#6631,.T.);
#4161=EDGE_CURVE('',#5672,#5710,#6632,.T.);
#4162=EDGE_CURVE('',#5711,#5712,#6633,.T.);
#4163=EDGE_CURVE('',#5713,#5711,#6634,.T.);
#4164=EDGE_CURVE('',#5714,#5713,#6635,.T.);
#4165=EDGE_CURVE('',#5715,#5714,#6636,.T.);
#4166=EDGE_CURVE('',#5716,#5715,#6637,.T.);
#4167=EDGE_CURVE('',#5717,#5716,#6638,.T.);
#4168=EDGE_CURVE('',#5718,#5717,#6639,.T.);
#4169=EDGE_CURVE('',#5719,#5718,#6640,.T.);
#4170=EDGE_CURVE('',#5720,#5719,#6641,.T.);
#4171=EDGE_CURVE('',#5721,#5720,#6642,.T.);
#4172=EDGE_CURVE('',#5722,#5721,#6643,.T.);
#4173=EDGE_CURVE('',#5712,#5722,#6644,.T.);
#4174=EDGE_CURVE('',#5476,#5723,#6645,.T.);
#4175=EDGE_CURVE('',#5724,#5723,#6646,.T.);
#4176=EDGE_CURVE('',#5458,#5724,#6647,.T.);
#4177=EDGE_CURVE('',#5725,#5724,#6648,.T.);
#4178=EDGE_CURVE('',#5457,#5725,#6649,.T.);
#4179=EDGE_CURVE('',#5726,#5725,#6650,.T.);
#4180=EDGE_CURVE('',#5459,#5726,#6651,.T.);
#4181=EDGE_CURVE('',#5727,#5726,#6652,.T.);
#4182=EDGE_CURVE('',#5460,#5727,#6653,.T.);
#4183=EDGE_CURVE('',#5728,#5727,#6654,.T.);
#4184=EDGE_CURVE('',#5461,#5728,#6655,.T.);
#4185=EDGE_CURVE('',#5729,#5728,#6656,.T.);
#4186=EDGE_CURVE('',#5462,#5729,#6657,.T.);
#4187=EDGE_CURVE('',#5730,#5729,#6658,.T.);
#4188=EDGE_CURVE('',#5463,#5730,#6659,.T.);
#4189=EDGE_CURVE('',#5731,#5730,#6660,.T.);
#4190=EDGE_CURVE('',#5464,#5731,#6661,.T.);
#4191=EDGE_CURVE('',#5732,#5731,#6662,.T.);
#4192=EDGE_CURVE('',#5465,#5732,#6663,.T.);
#4193=EDGE_CURVE('',#5733,#5732,#6664,.T.);
#4194=EDGE_CURVE('',#5466,#5733,#6665,.T.);
#4195=EDGE_CURVE('',#5734,#5733,#6666,.T.);
#4196=EDGE_CURVE('',#5467,#5734,#6667,.T.);
#4197=EDGE_CURVE('',#5735,#5734,#6668,.T.);
#4198=EDGE_CURVE('',#5468,#5735,#6669,.T.);
#4199=EDGE_CURVE('',#5736,#5735,#6670,.T.);
#4200=EDGE_CURVE('',#5469,#5736,#6671,.T.);
#4201=EDGE_CURVE('',#5737,#5736,#6672,.T.);
#4202=EDGE_CURVE('',#5470,#5737,#6673,.T.);
#4203=EDGE_CURVE('',#5738,#5737,#6674,.T.);
#4204=EDGE_CURVE('',#5471,#5738,#6675,.T.);
#4205=EDGE_CURVE('',#5739,#5738,#6676,.T.);
#4206=EDGE_CURVE('',#5472,#5739,#6677,.T.);
#4207=EDGE_CURVE('',#5740,#5739,#6678,.T.);
#4208=EDGE_CURVE('',#5473,#5740,#6679,.T.);
#4209=EDGE_CURVE('',#5741,#5740,#6680,.T.);
#4210=EDGE_CURVE('',#5474,#5741,#6681,.T.);
#4211=EDGE_CURVE('',#5742,#5741,#6682,.T.);
#4212=EDGE_CURVE('',#5475,#5742,#6683,.T.);
#4213=EDGE_CURVE('',#5723,#5742,#6684,.T.);
#4214=EDGE_CURVE('',#5743,#5744,#6685,.T.);
#4215=EDGE_CURVE('',#5744,#5745,#6686,.T.);
#4216=EDGE_CURVE('',#5745,#5746,#6687,.T.);
#4217=EDGE_CURVE('',#5746,#5747,#6688,.T.);
#4218=EDGE_CURVE('',#5747,#5748,#6689,.T.);
#4219=EDGE_CURVE('',#5748,#5749,#6690,.T.);
#4220=EDGE_CURVE('',#5749,#5750,#6691,.T.);
#4221=EDGE_CURVE('',#5750,#5751,#6692,.T.);
#4222=EDGE_CURVE('',#5751,#5752,#6693,.T.);
#4223=EDGE_CURVE('',#5752,#5753,#6694,.T.);
#4224=EDGE_CURVE('',#5753,#5754,#6695,.T.);
#4225=EDGE_CURVE('',#5754,#5755,#6696,.T.);
#4226=EDGE_CURVE('',#5755,#5756,#6697,.T.);
#4227=EDGE_CURVE('',#5756,#5757,#6698,.T.);
#4228=EDGE_CURVE('',#5757,#5758,#6699,.T.);
#4229=EDGE_CURVE('',#5758,#5759,#6700,.T.);
#4230=EDGE_CURVE('',#5759,#5760,#6701,.T.);
#4231=EDGE_CURVE('',#5760,#5761,#6702,.T.);
#4232=EDGE_CURVE('',#5761,#5762,#6703,.T.);
#4233=EDGE_CURVE('',#5762,#5763,#6704,.T.);
#4234=EDGE_CURVE('',#5763,#5764,#6705,.T.);
#4235=EDGE_CURVE('',#5764,#5765,#6706,.T.);
#4236=EDGE_CURVE('',#5765,#5766,#6707,.T.);
#4237=EDGE_CURVE('',#5766,#5767,#6708,.T.);
#4238=EDGE_CURVE('',#5767,#5768,#6709,.T.);
#4239=EDGE_CURVE('',#5768,#5743,#6710,.T.);
#4240=EDGE_CURVE('',#5769,#5770,#6711,.T.);
#4241=EDGE_CURVE('',#5770,#5771,#6712,.T.);
#4242=EDGE_CURVE('',#5771,#5772,#6713,.T.);
#4243=EDGE_CURVE('',#5772,#5773,#6714,.T.);
#4244=EDGE_CURVE('',#5773,#5774,#6715,.T.);
#4245=EDGE_CURVE('',#5774,#5775,#6716,.T.);
#4246=EDGE_CURVE('',#5775,#5776,#6717,.T.);
#4247=EDGE_CURVE('',#5776,#5777,#6718,.T.);
#4248=EDGE_CURVE('',#5777,#5778,#6719,.T.);
#4249=EDGE_CURVE('',#5778,#5769,#6720,.T.);
#4250=EDGE_CURVE('',#5779,#5780,#6721,.T.);
#4251=EDGE_CURVE('',#5780,#5781,#6722,.T.);
#4252=EDGE_CURVE('',#5781,#5782,#6723,.T.);
#4253=EDGE_CURVE('',#5782,#5783,#6724,.T.);
#4254=EDGE_CURVE('',#5783,#5784,#6725,.T.);
#4255=EDGE_CURVE('',#5784,#5779,#6726,.T.);
#4256=EDGE_CURVE('',#5785,#5786,#6727,.T.);
#4257=EDGE_CURVE('',#5786,#5787,#6728,.T.);
#4258=EDGE_CURVE('',#5787,#5788,#6729,.T.);
#4259=EDGE_CURVE('',#5788,#5789,#6730,.T.);
#4260=EDGE_CURVE('',#5789,#5790,#6731,.T.);
#4261=EDGE_CURVE('',#5790,#5791,#6732,.T.);
#4262=EDGE_CURVE('',#5791,#5792,#6733,.T.);
#4263=EDGE_CURVE('',#5792,#5793,#6734,.T.);
#4264=EDGE_CURVE('',#5793,#5794,#6735,.T.);
#4265=EDGE_CURVE('',#5794,#5795,#6736,.T.);
#4266=EDGE_CURVE('',#5795,#5796,#6737,.T.);
#4267=EDGE_CURVE('',#5796,#5797,#6738,.T.);
#4268=EDGE_CURVE('',#5797,#5798,#6739,.T.);
#4269=EDGE_CURVE('',#5798,#5799,#6740,.T.);
#4270=EDGE_CURVE('',#5799,#5800,#6741,.T.);
#4271=EDGE_CURVE('',#5800,#5801,#6742,.T.);
#4272=EDGE_CURVE('',#5801,#5802,#6743,.T.);
#4273=EDGE_CURVE('',#5802,#5803,#6744,.T.);
#4274=EDGE_CURVE('',#5803,#5804,#6745,.T.);
#4275=EDGE_CURVE('',#5804,#5805,#6746,.T.);
#4276=EDGE_CURVE('',#5805,#5806,#6747,.T.);
#4277=EDGE_CURVE('',#5806,#5807,#6748,.T.);
#4278=EDGE_CURVE('',#5807,#5808,#6749,.T.);
#4279=EDGE_CURVE('',#5808,#5785,#6750,.T.);
#4280=EDGE_CURVE('',#5809,#5810,#6751,.T.);
#4281=EDGE_CURVE('',#5810,#5811,#6752,.T.);
#4282=EDGE_CURVE('',#5811,#5812,#6753,.T.);
#4283=EDGE_CURVE('',#5812,#5813,#6754,.T.);
#4284=EDGE_CURVE('',#5813,#5814,#6755,.T.);
#4285=EDGE_CURVE('',#5814,#5815,#6756,.T.);
#4286=EDGE_CURVE('',#5815,#5816,#6757,.T.);
#4287=EDGE_CURVE('',#5816,#5817,#6758,.T.);
#4288=EDGE_CURVE('',#5817,#5818,#6759,.T.);
#4289=EDGE_CURVE('',#5818,#5819,#6760,.T.);
#4290=EDGE_CURVE('',#5819,#5820,#6761,.T.);
#4291=EDGE_CURVE('',#5820,#5821,#6762,.T.);
#4292=EDGE_CURVE('',#5821,#5822,#6763,.T.);
#4293=EDGE_CURVE('',#5822,#5823,#6764,.T.);
#4294=EDGE_CURVE('',#5823,#5824,#6765,.T.);
#4295=EDGE_CURVE('',#5824,#5825,#6766,.T.);
#4296=EDGE_CURVE('',#5825,#5826,#6767,.T.);
#4297=EDGE_CURVE('',#5826,#5827,#6768,.T.);
#4298=EDGE_CURVE('',#5827,#5828,#6769,.T.);
#4299=EDGE_CURVE('',#5828,#5829,#6770,.T.);
#4300=EDGE_CURVE('',#5829,#5830,#6771,.T.);
#4301=EDGE_CURVE('',#5830,#5831,#6772,.T.);
#4302=EDGE_CURVE('',#5831,#5832,#6773,.T.);
#4303=EDGE_CURVE('',#5832,#5833,#6774,.T.);
#4304=EDGE_CURVE('',#5833,#5834,#6775,.T.);
#4305=EDGE_CURVE('',#5834,#5835,#6776,.T.);
#4306=EDGE_CURVE('',#5835,#5836,#6777,.T.);
#4307=EDGE_CURVE('',#5836,#5837,#6778,.T.);
#4308=EDGE_CURVE('',#5837,#5838,#6779,.T.);
#4309=EDGE_CURVE('',#5838,#5839,#6780,.T.);
#4310=EDGE_CURVE('',#5839,#5840,#6781,.T.);
#4311=EDGE_CURVE('',#5840,#5841,#6782,.T.);
#4312=EDGE_CURVE('',#5841,#5842,#6783,.T.);
#4313=EDGE_CURVE('',#5842,#5843,#6784,.T.);
#4314=EDGE_CURVE('',#5843,#5844,#6785,.T.);
#4315=EDGE_CURVE('',#5844,#5845,#6786,.T.);
#4316=EDGE_CURVE('',#5845,#5846,#6787,.T.);
#4317=EDGE_CURVE('',#5846,#5847,#6788,.T.);
#4318=EDGE_CURVE('',#5847,#5848,#6789,.T.);
#4319=EDGE_CURVE('',#5848,#5809,#6790,.T.);
#4320=EDGE_CURVE('',#5849,#5850,#6791,.T.);
#4321=EDGE_CURVE('',#5850,#5851,#6792,.T.);
#4322=EDGE_CURVE('',#5851,#5852,#6793,.T.);
#4323=EDGE_CURVE('',#5852,#5853,#6794,.T.);
#4324=EDGE_CURVE('',#5853,#5854,#6795,.T.);
#4325=EDGE_CURVE('',#5854,#5855,#6796,.T.);
#4326=EDGE_CURVE('',#5855,#5856,#6797,.T.);
#4327=EDGE_CURVE('',#5856,#5857,#6798,.T.);
#4328=EDGE_CURVE('',#5857,#5858,#6799,.T.);
#4329=EDGE_CURVE('',#5858,#5859,#6800,.T.);
#4330=EDGE_CURVE('',#5859,#5860,#6801,.T.);
#4331=EDGE_CURVE('',#5860,#5849,#6802,.T.);
#4332=EDGE_CURVE('',#5533,#5743,#6803,.T.);
#4333=EDGE_CURVE('',#5509,#5768,#6804,.T.);
#4334=EDGE_CURVE('',#5508,#5767,#6805,.T.);
#4335=EDGE_CURVE('',#5510,#5766,#6806,.T.);
#4336=EDGE_CURVE('',#5511,#5765,#6807,.T.);
#4337=EDGE_CURVE('',#5512,#5764,#6808,.T.);
#4338=EDGE_CURVE('',#5513,#5763,#6809,.T.);
#4339=EDGE_CURVE('',#5514,#5762,#6810,.T.);
#4340=EDGE_CURVE('',#5515,#5761,#6811,.T.);
#4341=EDGE_CURVE('',#5516,#5760,#6812,.T.);
#4342=EDGE_CURVE('',#5517,#5759,#6813,.T.);
#4343=EDGE_CURVE('',#5518,#5758,#6814,.T.);
#4344=EDGE_CURVE('',#5519,#5757,#6815,.T.);
#4345=EDGE_CURVE('',#5520,#5756,#6816,.T.);
#4346=EDGE_CURVE('',#5521,#5755,#6817,.T.);
#4347=EDGE_CURVE('',#5522,#5754,#6818,.T.);
#4348=EDGE_CURVE('',#5523,#5753,#6819,.T.);
#4349=EDGE_CURVE('',#5524,#5752,#6820,.T.);
#4350=EDGE_CURVE('',#5525,#5751,#6821,.T.);
#4351=EDGE_CURVE('',#5526,#5750,#6822,.T.);
#4352=EDGE_CURVE('',#5527,#5749,#6823,.T.);
#4353=EDGE_CURVE('',#5528,#5748,#6824,.T.);
#4354=EDGE_CURVE('',#5529,#5747,#6825,.T.);
#4355=EDGE_CURVE('',#5530,#5746,#6826,.T.);
#4356=EDGE_CURVE('',#5531,#5745,#6827,.T.);
#4357=EDGE_CURVE('',#5532,#5744,#6828,.T.);
#4358=EDGE_CURVE('',#5543,#5769,#6829,.T.);
#4359=EDGE_CURVE('',#5535,#5778,#6830,.T.);
#4360=EDGE_CURVE('',#5534,#5777,#6831,.T.);
#4361=EDGE_CURVE('',#5536,#5776,#6832,.T.);
#4362=EDGE_CURVE('',#5537,#5775,#6833,.T.);
#4363=EDGE_CURVE('',#5538,#5774,#6834,.T.);
#4364=EDGE_CURVE('',#5539,#5773,#6835,.T.);
#4365=EDGE_CURVE('',#5540,#5772,#6836,.T.);
#4366=EDGE_CURVE('',#5541,#5771,#6837,.T.);
#4367=EDGE_CURVE('',#5542,#5770,#6838,.T.);
#4368=EDGE_CURVE('',#5549,#5779,#6839,.T.);
#4369=EDGE_CURVE('',#5545,#5784,#6840,.T.);
#4370=EDGE_CURVE('',#5544,#5783,#6841,.T.);
#4371=EDGE_CURVE('',#5546,#5782,#6842,.T.);
#4372=EDGE_CURVE('',#5547,#5781,#6843,.T.);
#4373=EDGE_CURVE('',#5548,#5780,#6844,.T.);
#4374=EDGE_CURVE('',#5573,#5785,#6845,.T.);
#4375=EDGE_CURVE('',#5551,#5808,#6846,.T.);
#4376=EDGE_CURVE('',#5550,#5807,#6847,.T.);
#4377=EDGE_CURVE('',#5552,#5806,#6848,.T.);
#4378=EDGE_CURVE('',#5553,#5805,#6849,.T.);
#4379=EDGE_CURVE('',#5554,#5804,#6850,.T.);
#4380=EDGE_CURVE('',#5555,#5803,#6851,.T.);
#4381=EDGE_CURVE('',#5556,#5802,#6852,.T.);
#4382=EDGE_CURVE('',#5557,#5801,#6853,.T.);
#4383=EDGE_CURVE('',#5558,#5800,#6854,.T.);
#4384=EDGE_CURVE('',#5559,#5799,#6855,.T.);
#4385=EDGE_CURVE('',#5560,#5798,#6856,.T.);
#4386=EDGE_CURVE('',#5561,#5797,#6857,.T.);
#4387=EDGE_CURVE('',#5562,#5796,#6858,.T.);
#4388=EDGE_CURVE('',#5563,#5795,#6859,.T.);
#4389=EDGE_CURVE('',#5564,#5794,#6860,.T.);
#4390=EDGE_CURVE('',#5565,#5793,#6861,.T.);
#4391=EDGE_CURVE('',#5566,#5792,#6862,.T.);
#4392=EDGE_CURVE('',#5567,#5791,#6863,.T.);
#4393=EDGE_CURVE('',#5568,#5790,#6864,.T.);
#4394=EDGE_CURVE('',#5569,#5789,#6865,.T.);
#4395=EDGE_CURVE('',#5570,#5788,#6866,.T.);
#4396=EDGE_CURVE('',#5571,#5787,#6867,.T.);
#4397=EDGE_CURVE('',#5572,#5786,#6868,.T.);
#4398=EDGE_CURVE('',#5613,#5809,#6869,.T.);
#4399=EDGE_CURVE('',#5575,#5848,#6870,.T.);
#4400=EDGE_CURVE('',#5574,#5847,#6871,.T.);
#4401=EDGE_CURVE('',#5576,#5846,#6872,.T.);
#4402=EDGE_CURVE('',#5577,#5845,#6873,.T.);
#4403=EDGE_CURVE('',#5578,#5844,#6874,.T.);
#4404=EDGE_CURVE('',#5579,#5843,#6875,.T.);
#4405=EDGE_CURVE('',#5580,#5842,#6876,.T.);
#4406=EDGE_CURVE('',#5581,#5841,#6877,.T.);
#4407=EDGE_CURVE('',#5582,#5840,#6878,.T.);
#4408=EDGE_CURVE('',#5583,#5839,#6879,.T.);
#4409=EDGE_CURVE('',#5584,#5838,#6880,.T.);
#4410=EDGE_CURVE('',#5585,#5837,#6881,.T.);
#4411=EDGE_CURVE('',#5586,#5836,#6882,.T.);
#4412=EDGE_CURVE('',#5587,#5835,#6883,.T.);
#4413=EDGE_CURVE('',#5588,#5834,#6884,.T.);
#4414=EDGE_CURVE('',#5589,#5833,#6885,.T.);
#4415=EDGE_CURVE('',#5590,#5832,#6886,.T.);
#4416=EDGE_CURVE('',#5591,#5831,#6887,.T.);
#4417=EDGE_CURVE('',#5592,#5830,#6888,.T.);
#4418=EDGE_CURVE('',#5593,#5829,#6889,.T.);
#4419=EDGE_CURVE('',#5594,#5828,#6890,.T.);
#4420=EDGE_CURVE('',#5595,#5827,#6891,.T.);
#4421=EDGE_CURVE('',#5596,#5826,#6892,.T.);
#4422=EDGE_CURVE('',#5597,#5825,#6893,.T.);
#4423=EDGE_CURVE('',#5598,#5824,#6894,.T.);
#4424=EDGE_CURVE('',#5599,#5823,#6895,.T.);
#4425=EDGE_CURVE('',#5600,#5822,#6896,.T.);
#4426=EDGE_CURVE('',#5601,#5821,#6897,.T.);
#4427=EDGE_CURVE('',#5602,#5820,#6898,.T.);
#4428=EDGE_CURVE('',#5603,#5819,#6899,.T.);
#4429=EDGE_CURVE('',#5604,#5818,#6900,.T.);
#4430=EDGE_CURVE('',#5605,#5817,#6901,.T.);
#4431=EDGE_CURVE('',#5606,#5816,#6902,.T.);
#4432=EDGE_CURVE('',#5607,#5815,#6903,.T.);
#4433=EDGE_CURVE('',#5608,#5814,#6904,.T.);
#4434=EDGE_CURVE('',#5609,#5813,#6905,.T.);
#4435=EDGE_CURVE('',#5610,#5812,#6906,.T.);
#4436=EDGE_CURVE('',#5611,#5811,#6907,.T.);
#4437=EDGE_CURVE('',#5612,#5810,#6908,.T.);
#4438=EDGE_CURVE('',#5625,#5849,#6909,.T.);
#4439=EDGE_CURVE('',#5615,#5860,#6910,.T.);
#4440=EDGE_CURVE('',#5614,#5859,#6911,.T.);
#4441=EDGE_CURVE('',#5616,#5858,#6912,.T.);
#4442=EDGE_CURVE('',#5617,#5857,#6913,.T.);
#4443=EDGE_CURVE('',#5618,#5856,#6914,.T.);
#4444=EDGE_CURVE('',#5619,#5855,#6915,.T.);
#4445=EDGE_CURVE('',#5620,#5854,#6916,.T.);
#4446=EDGE_CURVE('',#5621,#5853,#6917,.T.);
#4447=EDGE_CURVE('',#5622,#5852,#6918,.T.);
#4448=EDGE_CURVE('',#5623,#5851,#6919,.T.);
#4449=EDGE_CURVE('',#5624,#5850,#6920,.T.);
#4450=EDGE_CURVE('',#5496,#5861,#6921,.T.);
#4451=EDGE_CURVE('',#5862,#5861,#6922,.T.);
#4452=EDGE_CURVE('',#5478,#5862,#6923,.T.);
#4453=EDGE_CURVE('',#5863,#5862,#6924,.T.);
#4454=EDGE_CURVE('',#5477,#5863,#6925,.T.);
#4455=EDGE_CURVE('',#5864,#5863,#6926,.T.);
#4456=EDGE_CURVE('',#5479,#5864,#6927,.T.);
#4457=EDGE_CURVE('',#5865,#5864,#6928,.T.);
#4458=EDGE_CURVE('',#5480,#5865,#6929,.T.);
#4459=EDGE_CURVE('',#5866,#5865,#6930,.T.);
#4460=EDGE_CURVE('',#5481,#5866,#6931,.T.);
#4461=EDGE_CURVE('',#5867,#5866,#6932,.T.);
#4462=EDGE_CURVE('',#5482,#5867,#6933,.T.);
#4463=EDGE_CURVE('',#5868,#5867,#6934,.T.);
#4464=EDGE_CURVE('',#5483,#5868,#6935,.T.);
#4465=EDGE_CURVE('',#5869,#5868,#6936,.T.);
#4466=EDGE_CURVE('',#5484,#5869,#6937,.T.);
#4467=EDGE_CURVE('',#5870,#5869,#6938,.T.);
#4468=EDGE_CURVE('',#5485,#5870,#6939,.T.);
#4469=EDGE_CURVE('',#5871,#5870,#6940,.T.);
#4470=EDGE_CURVE('',#5486,#5871,#6941,.T.);
#4471=EDGE_CURVE('',#5872,#5871,#6942,.T.);
#4472=EDGE_CURVE('',#5487,#5872,#6943,.T.);
#4473=EDGE_CURVE('',#5873,#5872,#6944,.T.);
#4474=EDGE_CURVE('',#5488,#5873,#6945,.T.);
#4475=EDGE_CURVE('',#5874,#5873,#6946,.T.);
#4476=EDGE_CURVE('',#5489,#5874,#6947,.T.);
#4477=EDGE_CURVE('',#5875,#5874,#6948,.T.);
#4478=EDGE_CURVE('',#5490,#5875,#6949,.T.);
#4479=EDGE_CURVE('',#5876,#5875,#6950,.T.);
#4480=EDGE_CURVE('',#5491,#5876,#6951,.T.);
#4481=EDGE_CURVE('',#5877,#5876,#6952,.T.);
#4482=EDGE_CURVE('',#5492,#5877,#6953,.T.);
#4483=EDGE_CURVE('',#5878,#5877,#6954,.T.);
#4484=EDGE_CURVE('',#5493,#5878,#6955,.T.);
#4485=EDGE_CURVE('',#5879,#5878,#6956,.T.);
#4486=EDGE_CURVE('',#5494,#5879,#6957,.T.);
#4487=EDGE_CURVE('',#5880,#5879,#6958,.T.);
#4488=EDGE_CURVE('',#5495,#5880,#6959,.T.);
#4489=EDGE_CURVE('',#5861,#5880,#6960,.T.);
#4490=EDGE_CURVE('',#5881,#5882,#6961,.T.);
#4491=EDGE_CURVE('',#5882,#5883,#6962,.T.);
#4492=EDGE_CURVE('',#5883,#5884,#6963,.T.);
#4493=EDGE_CURVE('',#5884,#5885,#6964,.T.);
#4494=EDGE_CURVE('',#5885,#5886,#6965,.T.);
#4495=EDGE_CURVE('',#5886,#5881,#6966,.T.);
#4496=EDGE_CURVE('',#5887,#5888,#6967,.T.);
#4497=EDGE_CURVE('',#5888,#5889,#6968,.T.);
#4498=EDGE_CURVE('',#5889,#5890,#6969,.T.);
#4499=EDGE_CURVE('',#5890,#5891,#6970,.T.);
#4500=EDGE_CURVE('',#5891,#5892,#6971,.T.);
#4501=EDGE_CURVE('',#5892,#5893,#6972,.T.);
#4502=EDGE_CURVE('',#5893,#5894,#6973,.T.);
#4503=EDGE_CURVE('',#5894,#5895,#6974,.T.);
#4504=EDGE_CURVE('',#5895,#5896,#6975,.T.);
#4505=EDGE_CURVE('',#5896,#5897,#6976,.T.);
#4506=EDGE_CURVE('',#5897,#5898,#6977,.T.);
#4507=EDGE_CURVE('',#5898,#5899,#6978,.T.);
#4508=EDGE_CURVE('',#5899,#5900,#6979,.T.);
#4509=EDGE_CURVE('',#5900,#5901,#6980,.T.);
#4510=EDGE_CURVE('',#5901,#5902,#6981,.T.);
#4511=EDGE_CURVE('',#5902,#5903,#6982,.T.);
#4512=EDGE_CURVE('',#5903,#5904,#6983,.T.);
#4513=EDGE_CURVE('',#5904,#5905,#6984,.T.);
#4514=EDGE_CURVE('',#5905,#5906,#6985,.T.);
#4515=EDGE_CURVE('',#5906,#5907,#6986,.T.);
#4516=EDGE_CURVE('',#5907,#5908,#6987,.T.);
#4517=EDGE_CURVE('',#5908,#5909,#6988,.T.);
#4518=EDGE_CURVE('',#5909,#5910,#6989,.T.);
#4519=EDGE_CURVE('',#5910,#5887,#6990,.T.);
#4520=EDGE_CURVE('',#5911,#5912,#6991,.T.);
#4521=EDGE_CURVE('',#5912,#5913,#6992,.T.);
#4522=EDGE_CURVE('',#5913,#5914,#6993,.T.);
#4523=EDGE_CURVE('',#5914,#5915,#6994,.T.);
#4524=EDGE_CURVE('',#5915,#5916,#6995,.T.);
#4525=EDGE_CURVE('',#5916,#5917,#6996,.T.);
#4526=EDGE_CURVE('',#5917,#5918,#6997,.T.);
#4527=EDGE_CURVE('',#5918,#5919,#6998,.T.);
#4528=EDGE_CURVE('',#5919,#5920,#6999,.T.);
#4529=EDGE_CURVE('',#5920,#5921,#7000,.T.);
#4530=EDGE_CURVE('',#5921,#5922,#7001,.T.);
#4531=EDGE_CURVE('',#5922,#5923,#7002,.T.);
#4532=EDGE_CURVE('',#5923,#5924,#7003,.T.);
#4533=EDGE_CURVE('',#5924,#5925,#7004,.T.);
#4534=EDGE_CURVE('',#5925,#5926,#7005,.T.);
#4535=EDGE_CURVE('',#5926,#5927,#7006,.T.);
#4536=EDGE_CURVE('',#5927,#5928,#7007,.T.);
#4537=EDGE_CURVE('',#5928,#5929,#7008,.T.);
#4538=EDGE_CURVE('',#5929,#5930,#7009,.T.);
#4539=EDGE_CURVE('',#5930,#5931,#7010,.T.);
#4540=EDGE_CURVE('',#5931,#5932,#7011,.T.);
#4541=EDGE_CURVE('',#5932,#5933,#7012,.T.);
#4542=EDGE_CURVE('',#5933,#5934,#7013,.T.);
#4543=EDGE_CURVE('',#5934,#5935,#7014,.T.);
#4544=EDGE_CURVE('',#5935,#5936,#7015,.T.);
#4545=EDGE_CURVE('',#5936,#5937,#7016,.T.);
#4546=EDGE_CURVE('',#5937,#5938,#7017,.T.);
#4547=EDGE_CURVE('',#5938,#5939,#7018,.T.);
#4548=EDGE_CURVE('',#5939,#5940,#7019,.T.);
#4549=EDGE_CURVE('',#5940,#5941,#7020,.T.);
#4550=EDGE_CURVE('',#5941,#5942,#7021,.T.);
#4551=EDGE_CURVE('',#5942,#5943,#7022,.T.);
#4552=EDGE_CURVE('',#5943,#5944,#7023,.T.);
#4553=EDGE_CURVE('',#5944,#5945,#7024,.T.);
#4554=EDGE_CURVE('',#5945,#5946,#7025,.T.);
#4555=EDGE_CURVE('',#5946,#5947,#7026,.T.);
#4556=EDGE_CURVE('',#5947,#5948,#7027,.T.);
#4557=EDGE_CURVE('',#5948,#5949,#7028,.T.);
#4558=EDGE_CURVE('',#5949,#5950,#7029,.T.);
#4559=EDGE_CURVE('',#5950,#5911,#7030,.T.);
#4560=EDGE_CURVE('',#5951,#5952,#7031,.T.);
#4561=EDGE_CURVE('',#5952,#5953,#7032,.T.);
#4562=EDGE_CURVE('',#5953,#5954,#7033,.T.);
#4563=EDGE_CURVE('',#5954,#5955,#7034,.T.);
#4564=EDGE_CURVE('',#5955,#5956,#7035,.T.);
#4565=EDGE_CURVE('',#5956,#5957,#7036,.T.);
#4566=EDGE_CURVE('',#5957,#5958,#7037,.T.);
#4567=EDGE_CURVE('',#5958,#5959,#7038,.T.);
#4568=EDGE_CURVE('',#5959,#5960,#7039,.T.);
#4569=EDGE_CURVE('',#5960,#5961,#7040,.T.);
#4570=EDGE_CURVE('',#5961,#5962,#7041,.T.);
#4571=EDGE_CURVE('',#5962,#5951,#7042,.T.);
#4572=EDGE_CURVE('',#5645,#5881,#7043,.T.);
#4573=EDGE_CURVE('',#5646,#5886,#7044,.T.);
#4574=EDGE_CURVE('',#5642,#5885,#7045,.T.);
#4575=EDGE_CURVE('',#5641,#5884,#7046,.T.);
#4576=EDGE_CURVE('',#5643,#5883,#7047,.T.);
#4577=EDGE_CURVE('',#5644,#5882,#7048,.T.);
#4578=EDGE_CURVE('',#5664,#5887,#7049,.T.);
#4579=EDGE_CURVE('',#5665,#5910,#7050,.T.);
#4580=EDGE_CURVE('',#5666,#5909,#7051,.T.);
#4581=EDGE_CURVE('',#5667,#5908,#7052,.T.);
#4582=EDGE_CURVE('',#5668,#5907,#7053,.T.);
#4583=EDGE_CURVE('',#5669,#5906,#7054,.T.);
#4584=EDGE_CURVE('',#5670,#5905,#7055,.T.);
#4585=EDGE_CURVE('',#5648,#5904,#7056,.T.);
#4586=EDGE_CURVE('',#5647,#5903,#7057,.T.);
#4587=EDGE_CURVE('',#5649,#5902,#7058,.T.);
#4588=EDGE_CURVE('',#5650,#5901,#7059,.T.);
#4589=EDGE_CURVE('',#5651,#5900,#7060,.T.);
#4590=EDGE_CURVE('',#5652,#5899,#7061,.T.);
#4591=EDGE_CURVE('',#5653,#5898,#7062,.T.);
#4592=EDGE_CURVE('',#5654,#5897,#7063,.T.);
#4593=EDGE_CURVE('',#5655,#5896,#7064,.T.);
#4594=EDGE_CURVE('',#5656,#5895,#7065,.T.);
#4595=EDGE_CURVE('',#5657,#5894,#7066,.T.);
#4596=EDGE_CURVE('',#5658,#5893,#7067,.T.);
#4597=EDGE_CURVE('',#5659,#5892,#7068,.T.);
#4598=EDGE_CURVE('',#5660,#5891,#7069,.T.);
#4599=EDGE_CURVE('',#5661,#5890,#7070,.T.);
#4600=EDGE_CURVE('',#5662,#5889,#7071,.T.);
#4601=EDGE_CURVE('',#5663,#5888,#7072,.T.);
#4602=EDGE_CURVE('',#5704,#5911,#7073,.T.);
#4603=EDGE_CURVE('',#5705,#5950,#7074,.T.);
#4604=EDGE_CURVE('',#5706,#5949,#7075,.T.);
#4605=EDGE_CURVE('',#5707,#5948,#7076,.T.);
#4606=EDGE_CURVE('',#5708,#5947,#7077,.T.);
#4607=EDGE_CURVE('',#5709,#5946,#7078,.T.);
#4608=EDGE_CURVE('',#5710,#5945,#7079,.T.);
#4609=EDGE_CURVE('',#5672,#5944,#7080,.T.);
#4610=EDGE_CURVE('',#5671,#5943,#7081,.T.);
#4611=EDGE_CURVE('',#5673,#5942,#7082,.T.);
#4612=EDGE_CURVE('',#5674,#5941,#7083,.T.);
#4613=EDGE_CURVE('',#5675,#5940,#7084,.T.);
#4614=EDGE_CURVE('',#5676,#5939,#7085,.T.);
#4615=EDGE_CURVE('',#5677,#5938,#7086,.T.);
#4616=EDGE_CURVE('',#5678,#5937,#7087,.T.);
#4617=EDGE_CURVE('',#5679,#5936,#7088,.T.);
#4618=EDGE_CURVE('',#5680,#5935,#7089,.T.);
#4619=EDGE_CURVE('',#5681,#5934,#7090,.T.);
#4620=EDGE_CURVE('',#5682,#5933,#7091,.T.);
#4621=EDGE_CURVE('',#5683,#5932,#7092,.T.);
#4622=EDGE_CURVE('',#5684,#5931,#7093,.T.);
#4623=EDGE_CURVE('',#5685,#5930,#7094,.T.);
#4624=EDGE_CURVE('',#5686,#5929,#7095,.T.);
#4625=EDGE_CURVE('',#5687,#5928,#7096,.T.);
#4626=EDGE_CURVE('',#5688,#5927,#7097,.T.);
#4627=EDGE_CURVE('',#5689,#5926,#7098,.T.);
#4628=EDGE_CURVE('',#5690,#5925,#7099,.T.);
#4629=EDGE_CURVE('',#5691,#5924,#7100,.T.);
#4630=EDGE_CURVE('',#5692,#5923,#7101,.T.);
#4631=EDGE_CURVE('',#5693,#5922,#7102,.T.);
#4632=EDGE_CURVE('',#5694,#5921,#7103,.T.);
#4633=EDGE_CURVE('',#5695,#5920,#7104,.T.);
#4634=EDGE_CURVE('',#5696,#5919,#7105,.T.);
#4635=EDGE_CURVE('',#5697,#5918,#7106,.T.);
#4636=EDGE_CURVE('',#5698,#5917,#7107,.T.);
#4637=EDGE_CURVE('',#5699,#5916,#7108,.T.);
#4638=EDGE_CURVE('',#5700,#5915,#7109,.T.);
#4639=EDGE_CURVE('',#5701,#5914,#7110,.T.);
#4640=EDGE_CURVE('',#5702,#5913,#7111,.T.);
#4641=EDGE_CURVE('',#5703,#5912,#7112,.T.);
#4642=EDGE_CURVE('',#5712,#5962,#7113,.T.);
#4643=EDGE_CURVE('',#5722,#5951,#7114,.T.);
#4644=EDGE_CURVE('',#5721,#5952,#7115,.T.);
#4645=EDGE_CURVE('',#5720,#5953,#7116,.T.);
#4646=EDGE_CURVE('',#5719,#5954,#7117,.T.);
#4647=EDGE_CURVE('',#5718,#5955,#7118,.T.);
#4648=EDGE_CURVE('',#5717,#5956,#7119,.T.);
#4649=EDGE_CURVE('',#5716,#5957,#7120,.T.);
#4650=EDGE_CURVE('',#5715,#5958,#7121,.T.);
#4651=EDGE_CURVE('',#5714,#5959,#7122,.T.);
#4652=EDGE_CURVE('',#5713,#5960,#7123,.T.);
#4653=EDGE_CURVE('',#5711,#5961,#7124,.T.);
#4654=EDGE_CURVE('',#5507,#5963,#7125,.T.);
#4655=EDGE_CURVE('',#5964,#5963,#7126,.T.);
#4656=EDGE_CURVE('',#5502,#5964,#7127,.T.);
#4657=EDGE_CURVE('',#5965,#5964,#7128,.T.);
#4658=EDGE_CURVE('',#5501,#5965,#7129,.T.);
#4659=EDGE_CURVE('',#5966,#5965,#7130,.T.);
#4660=EDGE_CURVE('',#5503,#5966,#7131,.T.);
#4661=EDGE_CURVE('',#5967,#5966,#392,.T.);
#4662=EDGE_CURVE('',#5504,#5967,#7132,.T.);
#4663=EDGE_CURVE('',#5968,#5967,#7133,.T.);
#4664=EDGE_CURVE('',#5505,#5968,#7134,.T.);
#4665=EDGE_CURVE('',#5969,#5968,#393,.F.);
#4666=EDGE_CURVE('',#5506,#5969,#7135,.T.);
#4667=EDGE_CURVE('',#5963,#5969,#7136,.T.);
#4668=EDGE_CURVE('',#5970,#5971,#7137,.T.);
#4669=EDGE_CURVE('',#5634,#5971,#7138,.T.);
#4670=EDGE_CURVE('',#5640,#5970,#7139,.T.);
#4671=EDGE_CURVE('',#5639,#5972,#7140,.T.);
#4672=EDGE_CURVE('',#5972,#5970,#7141,.T.);
#4673=EDGE_CURVE('',#5973,#5972,#7142,.T.);
#4674=EDGE_CURVE('',#5974,#5973,#394,.T.);
#4675=EDGE_CURVE('',#5975,#5974,#7143,.T.);
#4676=EDGE_CURVE('',#5976,#5975,#395,.F.);
#4677=EDGE_CURVE('',#5971,#5976,#7144,.T.);
#4678=EDGE_CURVE('',#5635,#5976,#7145,.F.);
#4679=EDGE_CURVE('',#5636,#5975,#7146,.T.);
#4680=EDGE_CURVE('',#5637,#5974,#7147,.F.);
#4681=EDGE_CURVE('',#5638,#5973,#7148,.T.);
#4682=EDGE_CURVE('',#5500,#5977,#142,.T.);
#4683=EDGE_CURVE('',#5978,#5977,#7149,.T.);
#4684=EDGE_CURVE('',#5498,#5978,#396,.T.);
#4685=EDGE_CURVE('',#5979,#5978,#397,.F.);
#4686=EDGE_CURVE('',#5497,#5979,#398,.T.);
#4687=EDGE_CURVE('',#5980,#5979,#7150,.T.);
#4688=EDGE_CURVE('',#5499,#5980,#143,.F.);
#4689=EDGE_CURVE('',#5981,#5980,#144,.T.);
#4690=EDGE_CURVE('',#5982,#5981,#145,.T.);
#4691=EDGE_CURVE('',#5982,#5499,#146,.T.);
#4692=EDGE_CURVE('',#5983,#5982,#399,.T.);
#4693=EDGE_CURVE('',#5500,#5983,#147,.F.);
#4694=EDGE_CURVE('',#5983,#5984,#148,.F.);
#4695=EDGE_CURVE('',#5977,#5984,#149,.T.);
#4696=EDGE_CURVE('',#5985,#5986,#7151,.T.);
#4697=EDGE_CURVE('',#5987,#5986,#7152,.T.);
#4698=EDGE_CURVE('',#5988,#5987,#7153,.T.);
#4699=EDGE_CURVE('',#5989,#5988,#7154,.T.);
#4700=EDGE_CURVE('',#5978,#5989,#7155,.T.);
#4701=EDGE_CURVE('',#5984,#5985,#7156,.F.);
#4702=EDGE_CURVE('',#5985,#5990,#400,.F.);
#4703=EDGE_CURVE('',#5983,#5990,#7157,.T.);
#4704=EDGE_CURVE('',#5991,#5982,#7158,.T.);
#4705=EDGE_CURVE('',#5991,#5992,#401,.T.);
#4706=EDGE_CURVE('',#5992,#5993,#7159,.T.);
#4707=EDGE_CURVE('',#5994,#5993,#402,.T.);
#4708=EDGE_CURVE('',#5995,#5994,#7160,.T.);
#4709=EDGE_CURVE('',#5996,#5995,#403,.F.);
#4710=EDGE_CURVE('',#5997,#5996,#7161,.T.);
#4711=EDGE_CURVE('',#5997,#5998,#404,.T.);
#4712=EDGE_CURVE('',#5999,#5998,#7162,.T.);
#4713=EDGE_CURVE('',#5999,#6000,#405,.T.);
#4714=EDGE_CURVE('',#6001,#6000,#7163,.T.);
#4715=EDGE_CURVE('',#6001,#6002,#406,.T.);
#4716=EDGE_CURVE('',#6003,#6002,#7164,.T.);
#4717=EDGE_CURVE('',#6003,#5990,#407,.T.);
#4718=EDGE_CURVE('',#5991,#6004,#408,.T.);
#4719=EDGE_CURVE('',#6005,#6004,#7165,.T.);
#4720=EDGE_CURVE('',#6005,#6006,#409,.F.);
#4721=EDGE_CURVE('',#6007,#6006,#7166,.T.);
#4722=EDGE_CURVE('',#6007,#6008,#410,.F.);
#4723=EDGE_CURVE('',#6009,#6008,#7167,.T.);
#4724=EDGE_CURVE('',#6009,#5996,#411,.F.);
#4725=EDGE_CURVE('',#5995,#5992,#412,.F.);
#4726=EDGE_CURVE('',#6003,#6010,#413,.T.);
#4727=EDGE_CURVE('',#6011,#6010,#7168,.T.);
#4728=EDGE_CURVE('',#6011,#6012,#414,.T.);
#4729=EDGE_CURVE('',#6013,#6012,#7169,.T.);
#4730=EDGE_CURVE('',#6013,#5986,#415,.T.);
#4731=EDGE_CURVE('',#5999,#6014,#416,.T.);
#4732=EDGE_CURVE('',#6015,#6014,#7170,.T.);
#4733=EDGE_CURVE('',#6015,#6016,#417,.T.);
#4734=EDGE_CURVE('',#6017,#6016,#7171,.T.);
#4735=EDGE_CURVE('',#6017,#6018,#418,.F.);
#4736=EDGE_CURVE('',#6019,#6018,#7172,.T.);
#4737=EDGE_CURVE('',#6019,#6000,#419,.F.);
#4738=EDGE_CURVE('',#5993,#5994,#420,.T.);
#4739=EDGE_CURVE('',#6020,#6021,#421,.T.);
#4740=EDGE_CURVE('',#6021,#6020,#422,.T.);
#4741=EDGE_CURVE('',#6020,#6022,#7173,.T.);
#4742=EDGE_CURVE('',#6023,#6022,#423,.T.);
#4743=EDGE_CURVE('',#6021,#6023,#7174,.T.);
#4744=EDGE_CURVE('',#6022,#6023,#424,.T.);
#4745=EDGE_CURVE('',#6024,#6025,#425,.T.);
#4746=EDGE_CURVE('',#6026,#6025,#7175,.T.);
#4747=EDGE_CURVE('',#6026,#6027,#426,.F.);
#4748=EDGE_CURVE('',#6028,#6027,#7176,.T.);
#4749=EDGE_CURVE('',#6028,#6029,#427,.F.);
#4750=EDGE_CURVE('',#6030,#6029,#428,.T.);
#4751=EDGE_CURVE('',#6030,#6031,#429,.T.);
#4752=EDGE_CURVE('',#6032,#6031,#7177,.T.);
#4753=EDGE_CURVE('',#6032,#6033,#430,.F.);
#4754=EDGE_CURVE('',#6034,#6033,#7178,.T.);
#4755=EDGE_CURVE('',#6034,#6035,#431,.F.);
#4756=EDGE_CURVE('',#6036,#6035,#432,.T.);
#4757=EDGE_CURVE('',#6036,#6037,#433,.F.);
#4758=EDGE_CURVE('',#6038,#6037,#7179,.T.);
#4759=EDGE_CURVE('',#6038,#6039,#434,.F.);
#4760=EDGE_CURVE('',#6040,#6039,#7180,.T.);
#4761=EDGE_CURVE('',#6040,#6041,#435,.T.);
#4762=EDGE_CURVE('',#6024,#6041,#436,.T.);
#4763=EDGE_CURVE('',#6042,#6043,#437,.F.);
#4764=EDGE_CURVE('',#6043,#6024,#7181,.F.);
#4765=EDGE_CURVE('',#6042,#6041,#7182,.T.);
#4766=EDGE_CURVE('',#6044,#6040,#7183,.F.);
#4767=EDGE_CURVE('',#6044,#6042,#438,.T.);
#4768=EDGE_CURVE('',#6044,#6045,#150,.T.);
#4769=EDGE_CURVE('',#6045,#6042,#439,.F.);
#4770=EDGE_CURVE('',#6045,#6046,#440,.F.);
#4771=EDGE_CURVE('',#6046,#6043,#441,.F.);
#4772=EDGE_CURVE('',#6046,#6047,#151,.T.);
#4773=EDGE_CURVE('',#6043,#6047,#442,.T.);
#4774=EDGE_CURVE('',#6047,#6025,#7184,.T.);
#4775=EDGE_CURVE('',#6048,#6047,#152,.F.);
#4776=EDGE_CURVE('',#6049,#6048,#7185,.T.);
#4777=EDGE_CURVE('',#6049,#6050,#7186,.F.);
#4778=EDGE_CURVE('',#6050,#6051,#7187,.T.);
#4779=EDGE_CURVE('',#6051,#6026,#7188,.T.);
#4780=EDGE_CURVE('',#6052,#6053,#443,.T.);
#4781=EDGE_CURVE('',#6052,#6054,#153,.T.);
#4782=EDGE_CURVE('',#6054,#6027,#7189,.T.);
#4783=EDGE_CURVE('',#6051,#6053,#154,.T.);
#4784=EDGE_CURVE('',#6055,#6056,#444,.T.);
#4785=EDGE_CURVE('',#6055,#6057,#155,.T.);
#4786=EDGE_CURVE('',#6057,#6039,#7190,.T.);
#4787=EDGE_CURVE('',#6058,#6038,#7191,.T.);
#4788=EDGE_CURVE('',#6058,#6056,#156,.T.);
#4789=EDGE_CURVE('',#6059,#6060,#445,.T.);
#4790=EDGE_CURVE('',#6059,#6061,#157,.T.);
#4791=EDGE_CURVE('',#6061,#6033,#7192,.T.);
#4792=EDGE_CURVE('',#6062,#6032,#7193,.T.);
#4793=EDGE_CURVE('',#6062,#6060,#158,.T.);
#4794=EDGE_CURVE('',#6063,#6050,#446,.T.);
#4795=EDGE_CURVE('',#6063,#6053,#7194,.T.);
#4796=EDGE_CURVE('',#6064,#6063,#447,.F.);
#4797=EDGE_CURVE('',#6065,#6064,#7195,.T.);
#4798=EDGE_CURVE('',#6066,#6065,#7196,.T.);
#4799=EDGE_CURVE('',#6067,#6066,#448,.T.);
#4800=EDGE_CURVE('',#6068,#6067,#7197,.T.);
#4801=EDGE_CURVE('',#6069,#6068,#7198,.T.);
#4802=EDGE_CURVE('',#6070,#6069,#449,.F.);
#4803=EDGE_CURVE('',#6052,#6070,#7199,.T.);
#4804=EDGE_CURVE('',#6071,#6072,#450,.F.);
#4805=EDGE_CURVE('',#6073,#6071,#7200,.T.);
#4806=EDGE_CURVE('',#6074,#6073,#7201,.T.);
#4807=EDGE_CURVE('',#6075,#6074,#451,.T.);
#4808=EDGE_CURVE('',#6076,#6075,#7202,.T.);
#4809=EDGE_CURVE('',#6077,#6076,#7203,.T.);
#4810=EDGE_CURVE('',#6078,#6077,#452,.F.);
#4811=EDGE_CURVE('',#6055,#6078,#7204,.T.);
#4812=EDGE_CURVE('',#6072,#6056,#7205,.T.);
#4813=EDGE_CURVE('',#6079,#6080,#453,.F.);
#4814=EDGE_CURVE('',#6081,#6079,#7206,.T.);
#4815=EDGE_CURVE('',#6082,#6081,#7207,.T.);
#4816=EDGE_CURVE('',#6083,#6082,#454,.T.);
#4817=EDGE_CURVE('',#6084,#6083,#7208,.T.);
#4818=EDGE_CURVE('',#6085,#6084,#7209,.T.);
#4819=EDGE_CURVE('',#6086,#6085,#455,.F.);
#4820=EDGE_CURVE('',#6059,#6086,#7210,.T.);
#4821=EDGE_CURVE('',#6080,#6060,#7211,.T.);
#4822=EDGE_CURVE('',#6070,#6087,#456,.T.);
#4823=EDGE_CURVE('',#6054,#6087,#7212,.T.);
#4824=EDGE_CURVE('',#6088,#6089,#159,.F.);
#4825=EDGE_CURVE('',#6028,#6088,#7213,.T.);
#4826=EDGE_CURVE('',#6090,#6087,#7214,.T.);
#4827=EDGE_CURVE('',#6089,#6090,#7215,.T.);
#4828=EDGE_CURVE('',#6091,#6089,#457,.T.);
#4829=EDGE_CURVE('',#6092,#6090,#458,.T.);
#4830=EDGE_CURVE('',#6091,#6092,#7216,.T.);
#4831=EDGE_CURVE('',#6093,#6094,#7217,.T.);
#4832=EDGE_CURVE('',#6095,#6093,#459,.T.);
#4833=EDGE_CURVE('',#6096,#6095,#7218,.T.);
#4834=EDGE_CURVE('',#6097,#6096,#460,.T.);
#4835=EDGE_CURVE('',#6098,#6097,#461,.F.);
#4836=EDGE_CURVE('',#6099,#6098,#462,.T.);
#4837=EDGE_CURVE('',#6100,#6099,#7219,.T.);
#4838=EDGE_CURVE('',#6101,#6100,#463,.T.);
#4839=EDGE_CURVE('',#6102,#6101,#7220,.T.);
#4840=EDGE_CURVE('',#6103,#6102,#7221,.T.);
#4841=EDGE_CURVE('',#6103,#6104,#464,.F.);
#4842=EDGE_CURVE('',#6104,#6105,#7222,.T.);
#4843=EDGE_CURVE('',#6105,#6106,#7223,.F.);
#4844=EDGE_CURVE('',#6106,#6107,#465,.F.);
#4845=EDGE_CURVE('',#6107,#6108,#7224,.T.);
#4846=EDGE_CURVE('',#6108,#6109,#466,.F.);
#4847=EDGE_CURVE('',#6109,#6110,#467,.T.);
#4848=EDGE_CURVE('',#6110,#6111,#468,.T.);
#4849=EDGE_CURVE('',#6111,#6112,#7225,.T.);
#4850=EDGE_CURVE('',#6112,#6113,#469,.F.);
#4851=EDGE_CURVE('',#6113,#6114,#7226,.T.);
#4852=EDGE_CURVE('',#6114,#6115,#7227,.T.);
#4853=EDGE_CURVE('',#6115,#6091,#470,.F.);
#4854=EDGE_CURVE('',#6092,#6116,#7228,.T.);
#4855=EDGE_CURVE('',#6116,#6117,#471,.F.);
#4856=EDGE_CURVE('',#6117,#6118,#7229,.T.);
#4857=EDGE_CURVE('',#6118,#6119,#472,.F.);
#4858=EDGE_CURVE('',#6119,#6120,#473,.T.);
#4859=EDGE_CURVE('',#6120,#6121,#474,.T.);
#4860=EDGE_CURVE('',#6121,#6122,#7230,.T.);
#4861=EDGE_CURVE('',#6122,#6123,#475,.F.);
#4862=EDGE_CURVE('',#6123,#6124,#7231,.T.);
#4863=EDGE_CURVE('',#6124,#6125,#7232,.T.);
#4864=EDGE_CURVE('',#6125,#6126,#476,.F.);
#4865=EDGE_CURVE('',#6094,#6126,#7233,.T.);
#4866=EDGE_CURVE('',#6127,#6128,#477,.T.);
#4867=EDGE_CURVE('',#6129,#6128,#7234,.T.);
#4868=EDGE_CURVE('',#6130,#6129,#7235,.T.);
#4869=EDGE_CURVE('',#6127,#6130,#7236,.T.);
#4870=EDGE_CURVE('',#6131,#6132,#478,.T.);
#4871=EDGE_CURVE('',#6133,#6132,#7237,.T.);
#4872=EDGE_CURVE('',#6134,#6133,#7238,.T.);
#4873=EDGE_CURVE('',#6131,#6134,#7239,.T.);
#4874=EDGE_CURVE('',#6135,#6136,#479,.T.);
#4875=EDGE_CURVE('',#6137,#6136,#7240,.T.);
#4876=EDGE_CURVE('',#6138,#6137,#7241,.T.);
#4877=EDGE_CURVE('',#6135,#6138,#7242,.T.);
#4878=EDGE_CURVE('',#6139,#6140,#480,.T.);
#4879=EDGE_CURVE('',#6140,#6139,#481,.T.);
#4880=EDGE_CURVE('',#6138,#6141,#7243,.F.);
#4881=EDGE_CURVE('',#6142,#6141,#7244,.T.);
#4882=EDGE_CURVE('',#6135,#6142,#7245,.F.);
#4883=EDGE_CURVE('',#6143,#6142,#482,.F.);
#4884=EDGE_CURVE('',#6136,#6143,#7246,.F.);
#4885=EDGE_CURVE('',#6144,#6143,#7247,.T.);
#4886=EDGE_CURVE('',#6137,#6144,#7248,.F.);
#4887=EDGE_CURVE('',#6141,#6144,#7249,.T.);
#4888=EDGE_CURVE('',#6130,#6145,#7250,.F.);
#4889=EDGE_CURVE('',#6146,#6145,#7251,.T.);
#4890=EDGE_CURVE('',#6127,#6146,#7252,.F.);
#4891=EDGE_CURVE('',#6147,#6146,#483,.F.);
#4892=EDGE_CURVE('',#6128,#6147,#7253,.F.);
#4893=EDGE_CURVE('',#6148,#6147,#7254,.T.);
#4894=EDGE_CURVE('',#6129,#6148,#7255,.F.);
#4895=EDGE_CURVE('',#6145,#6148,#7256,.T.);
#4896=EDGE_CURVE('',#6134,#6149,#7257,.F.);
#4897=EDGE_CURVE('',#6150,#6149,#7258,.T.);
#4898=EDGE_CURVE('',#6131,#6150,#7259,.F.);
#4899=EDGE_CURVE('',#6151,#6150,#484,.F.);
#4900=EDGE_CURVE('',#6132,#6151,#7260,.F.);
#4901=EDGE_CURVE('',#6152,#6151,#7261,.T.);
#4902=EDGE_CURVE('',#6133,#6152,#7262,.F.);
#4903=EDGE_CURVE('',#6149,#6152,#7263,.T.);
#4904=EDGE_CURVE('',#6153,#6094,#485,.T.);
#4905=EDGE_CURVE('',#6154,#6126,#486,.T.);
#4906=EDGE_CURVE('',#6153,#6154,#7264,.F.);
#4907=EDGE_CURVE('',#6057,#6155,#7265,.T.);
#4908=EDGE_CURVE('',#6153,#6155,#7266,.T.);
#4909=EDGE_CURVE('',#6154,#6044,#160,.T.);
#4910=EDGE_CURVE('',#6154,#6156,#161,.F.);
#4911=EDGE_CURVE('',#6156,#6045,#162,.T.);
#4912=EDGE_CURVE('',#6157,#6156,#487,.F.);
#4913=EDGE_CURVE('',#6157,#6046,#163,.F.);
#4914=EDGE_CURVE('',#6157,#6048,#164,.F.);
#4915=EDGE_CURVE('',#6125,#6048,#488,.T.);
#4916=EDGE_CURVE('',#6125,#6157,#489,.T.);
#4917=EDGE_CURVE('',#6126,#6156,#490,.F.);
#4918=EDGE_CURVE('',#6124,#6049,#491,.T.);
#4919=EDGE_CURVE('',#6124,#6158,#492,.T.);
#4920=EDGE_CURVE('',#6158,#6049,#493,.F.);
#4921=EDGE_CURVE('',#6158,#6159,#7267,.T.);
#4922=EDGE_CURVE('',#6159,#6050,#494,.F.);
#4923=EDGE_CURVE('',#6064,#6159,#495,.T.);
#4924=EDGE_CURVE('',#6160,#6159,#7268,.T.);
#4925=EDGE_CURVE('',#6065,#6160,#496,.T.);
#4926=EDGE_CURVE('',#6065,#6161,#497,.T.);
#4927=EDGE_CURVE('',#6161,#6160,#498,.F.);
#4928=EDGE_CURVE('',#6161,#6162,#7269,.T.);
#4929=EDGE_CURVE('',#6160,#6163,#7270,.T.);
#4930=EDGE_CURVE('',#6162,#6163,#499,.F.);
#4931=EDGE_CURVE('',#6122,#6162,#500,.T.);
#4932=EDGE_CURVE('',#6123,#6163,#501,.T.);
#4933=EDGE_CURVE('',#6163,#6158,#7271,.T.);
#4934=EDGE_CURVE('',#6121,#6164,#502,.T.);
#4935=EDGE_CURVE('',#6164,#6162,#7272,.T.);
#4936=EDGE_CURVE('',#6164,#6165,#7273,.F.);
#4937=EDGE_CURVE('',#6165,#6161,#7274,.T.);
#4938=EDGE_CURVE('',#6066,#6165,#503,.T.);
#4939=EDGE_CURVE('',#6066,#6166,#504,.F.);
#4940=EDGE_CURVE('',#6166,#6165,#505,.T.);
#4941=EDGE_CURVE('',#6167,#6166,#7275,.T.);
#4942=EDGE_CURVE('',#6167,#6164,#506,.T.);
#4943=EDGE_CURVE('',#6120,#6167,#507,.F.);
#4944=EDGE_CURVE('',#6119,#6168,#508,.F.);
#4945=EDGE_CURVE('',#6168,#6167,#509,.T.);
#4946=EDGE_CURVE('',#6169,#6170,#7276,.T.);
#4947=EDGE_CURVE('',#6169,#6171,#510,.T.);
#4948=EDGE_CURVE('',#6171,#6172,#7277,.T.);
#4949=EDGE_CURVE('',#6172,#6170,#511,.F.);
#4950=EDGE_CURVE('',#6173,#6168,#7278,.T.);
#4951=EDGE_CURVE('',#6173,#6166,#512,.T.);
#4952=EDGE_CURVE('',#6174,#6175,#7279,.T.);
#4953=EDGE_CURVE('',#6174,#6176,#513,.T.);
#4954=EDGE_CURVE('',#6177,#6176,#7280,.T.);
#4955=EDGE_CURVE('',#6175,#6177,#514,.T.);
#4956=EDGE_CURVE('',#6172,#6098,#515,.T.);
#4957=EDGE_CURVE('',#6170,#6097,#516,.F.);
#4958=EDGE_CURVE('',#6178,#6096,#517,.T.);
#4959=EDGE_CURVE('',#6170,#6178,#518,.T.);
#4960=EDGE_CURVE('',#6179,#6178,#7281,.T.);
#4961=EDGE_CURVE('',#6179,#6169,#519,.F.);
#4962=EDGE_CURVE('',#6075,#6179,#520,.T.);
#4963=EDGE_CURVE('',#6075,#6169,#521,.F.);
#4964=EDGE_CURVE('',#6074,#6171,#522,.F.);
#4965=EDGE_CURVE('',#6074,#6180,#523,.T.);
#4966=EDGE_CURVE('',#6171,#6180,#524,.F.);
#4967=EDGE_CURVE('',#6180,#6181,#7282,.T.);
#4968=EDGE_CURVE('',#6181,#6172,#525,.T.);
#4969=EDGE_CURVE('',#6181,#6099,#526,.F.);
#4970=EDGE_CURVE('',#6182,#6100,#527,.T.);
#4971=EDGE_CURVE('',#6182,#6181,#7283,.F.);
#4972=EDGE_CURVE('',#6180,#6183,#7284,.T.);
#4973=EDGE_CURVE('',#6183,#6182,#7285,.T.);
#4974=EDGE_CURVE('',#6183,#6184,#528,.F.);
#4975=EDGE_CURVE('',#6184,#6185,#7286,.T.);
#4976=EDGE_CURVE('',#6185,#6182,#529,.T.);
#4977=EDGE_CURVE('',#6185,#6101,#530,.F.);
#4978=EDGE_CURVE('',#6186,#6102,#531,.T.);
#4979=EDGE_CURVE('',#6186,#6185,#7287,.F.);
#4980=EDGE_CURVE('',#6184,#6187,#7288,.T.);
#4981=EDGE_CURVE('',#6186,#6187,#7289,.T.);
#4982=EDGE_CURVE('',#6187,#6188,#532,.F.);
#4983=EDGE_CURVE('',#6189,#6188,#7290,.F.);
#4984=EDGE_CURVE('',#6189,#6186,#533,.T.);
#4985=EDGE_CURVE('',#6189,#6102,#534,.T.);
#4986=EDGE_CURVE('',#6190,#6103,#535,.T.);
#4987=EDGE_CURVE('',#6190,#6189,#7291,.F.);
#4988=EDGE_CURVE('',#6188,#6058,#7292,.T.);
#4989=EDGE_CURVE('',#6037,#6191,#7293,.T.);
#4990=EDGE_CURVE('',#6191,#6190,#165,.T.);
#4991=EDGE_CURVE('',#6191,#6192,#166,.F.);
#4992=EDGE_CURVE('',#6192,#6193,#167,.T.);
#4993=EDGE_CURVE('',#6190,#6193,#168,.T.);
#4994=EDGE_CURVE('',#6193,#6103,#536,.F.);
#4995=EDGE_CURVE('',#6193,#6194,#537,.F.);
#4996=EDGE_CURVE('',#6194,#6104,#538,.F.);
#4997=EDGE_CURVE('',#6194,#6195,#169,.T.);
#4998=EDGE_CURVE('',#6104,#6195,#539,.T.);
#4999=EDGE_CURVE('',#6195,#6196,#7294,.T.);
#5000=EDGE_CURVE('',#6105,#6196,#540,.T.);
#5001=EDGE_CURVE('',#6105,#6197,#541,.T.);
#5002=EDGE_CURVE('',#6196,#6197,#542,.F.);
#5003=EDGE_CURVE('',#6196,#6198,#7295,.T.);
#5004=EDGE_CURVE('',#6198,#6199,#543,.F.);
#5005=EDGE_CURVE('',#6197,#6199,#7296,.F.);
#5006=EDGE_CURVE('',#6199,#6200,#7297,.T.);
#5007=EDGE_CURVE('',#6200,#6201,#7298,.T.);
#5008=EDGE_CURVE('',#6197,#6201,#7299,.T.);
#5009=EDGE_CURVE('',#6106,#6201,#544,.T.);
#5010=EDGE_CURVE('',#6201,#6202,#545,.F.);
#5011=EDGE_CURVE('',#6107,#6202,#546,.T.);
#5012=EDGE_CURVE('',#6202,#6203,#7300,.T.);
#5013=EDGE_CURVE('',#6108,#6203,#547,.T.);
#5014=EDGE_CURVE('',#6203,#6175,#548,.F.);
#5015=EDGE_CURVE('',#6109,#6175,#549,.F.);
#5016=EDGE_CURVE('',#6110,#6177,#550,.F.);
#5017=EDGE_CURVE('',#6177,#6204,#551,.T.);
#5018=EDGE_CURVE('',#6111,#6204,#552,.T.);
#5019=EDGE_CURVE('',#6204,#6205,#7301,.T.);
#5020=EDGE_CURVE('',#6112,#6205,#553,.T.);
#5021=EDGE_CURVE('',#6205,#6206,#554,.F.);
#5022=EDGE_CURVE('',#6113,#6206,#555,.T.);
#5023=EDGE_CURVE('',#6206,#6207,#7302,.T.);
#5024=EDGE_CURVE('',#6114,#6207,#556,.T.);
#5025=EDGE_CURVE('',#6114,#6208,#557,.T.);
#5026=EDGE_CURVE('',#6207,#6208,#558,.F.);
#5027=EDGE_CURVE('',#6207,#6209,#7303,.T.);
#5028=EDGE_CURVE('',#6209,#6210,#559,.F.);
#5029=EDGE_CURVE('',#6208,#6210,#7304,.F.);
#5030=EDGE_CURVE('',#6211,#6212,#170,.F.);
#5031=EDGE_CURVE('',#6208,#6211,#7305,.T.);
#5032=EDGE_CURVE('',#6210,#6062,#7306,.T.);
#5033=EDGE_CURVE('',#6212,#6031,#7307,.T.);
#5034=EDGE_CURVE('',#6213,#6030,#7308,.F.);
#5035=EDGE_CURVE('',#6213,#6212,#560,.T.);
#5036=EDGE_CURVE('',#6214,#6212,#171,.T.);
#5037=EDGE_CURVE('',#6214,#6213,#561,.F.);
#5038=EDGE_CURVE('',#6215,#6214,#562,.F.);
#5039=EDGE_CURVE('',#6216,#6213,#563,.F.);
#5040=EDGE_CURVE('',#6216,#6215,#564,.T.);
#5041=EDGE_CURVE('',#6216,#6088,#565,.T.);
#5042=EDGE_CURVE('',#6215,#6088,#172,.F.);
#5043=EDGE_CURVE('',#6217,#6089,#173,.T.);
#5044=EDGE_CURVE('',#6215,#6217,#174,.F.);
#5045=EDGE_CURVE('',#6218,#6217,#566,.F.);
#5046=EDGE_CURVE('',#6218,#6214,#175,.F.);
#5047=EDGE_CURVE('',#6218,#6211,#176,.F.);
#5048=EDGE_CURVE('',#6115,#6211,#567,.T.);
#5049=EDGE_CURVE('',#6115,#6218,#568,.T.);
#5050=EDGE_CURVE('',#6217,#6091,#569,.F.);
#5051=EDGE_CURVE('',#6029,#6216,#7309,.T.);
#5052=EDGE_CURVE('',#6080,#6210,#570,.T.);
#5053=EDGE_CURVE('',#6079,#6209,#571,.T.);
#5054=EDGE_CURVE('',#6219,#6209,#7310,.T.);
#5055=EDGE_CURVE('',#6081,#6219,#572,.T.);
#5056=EDGE_CURVE('',#6081,#6220,#573,.T.);
#5057=EDGE_CURVE('',#6220,#6219,#574,.F.);
#5058=EDGE_CURVE('',#6220,#6205,#7311,.T.);
#5059=EDGE_CURVE('',#6219,#6206,#7312,.T.);
#5060=EDGE_CURVE('',#6204,#6221,#7313,.F.);
#5061=EDGE_CURVE('',#6221,#6220,#7314,.T.);
#5062=EDGE_CURVE('',#6082,#6221,#575,.T.);
#5063=EDGE_CURVE('',#6082,#6176,#576,.F.);
#5064=EDGE_CURVE('',#6176,#6221,#577,.T.);
#5065=EDGE_CURVE('',#6083,#6174,#578,.F.);
#5066=EDGE_CURVE('',#6083,#6222,#579,.T.);
#5067=EDGE_CURVE('',#6222,#6174,#580,.F.);
#5068=EDGE_CURVE('',#6222,#6203,#7315,.T.);
#5069=EDGE_CURVE('',#6223,#6202,#7316,.T.);
#5070=EDGE_CURVE('',#6223,#6222,#7317,.T.);
#5071=EDGE_CURVE('',#6084,#6223,#581,.T.);
#5072=EDGE_CURVE('',#6084,#6200,#582,.T.);
#5073=EDGE_CURVE('',#6200,#6223,#583,.F.);
#5074=EDGE_CURVE('',#6085,#6199,#584,.T.);
#5075=EDGE_CURVE('',#6086,#6198,#585,.T.);
#5076=EDGE_CURVE('',#6061,#6198,#7318,.T.);
#5077=EDGE_CURVE('',#6224,#6195,#177,.F.);
#5078=EDGE_CURVE('',#6034,#6224,#7319,.T.);
#5079=EDGE_CURVE('',#6225,#6224,#586,.T.);
#5080=EDGE_CURVE('',#6035,#6225,#7320,.T.);
#5081=EDGE_CURVE('',#6225,#6226,#587,.F.);
#5082=EDGE_CURVE('',#6036,#6226,#7321,.T.);
#5083=EDGE_CURVE('',#6191,#6226,#588,.T.);
#5084=EDGE_CURVE('',#6226,#6192,#589,.F.);
#5085=EDGE_CURVE('',#6225,#6227,#590,.T.);
#5086=EDGE_CURVE('',#6227,#6192,#591,.F.);
#5087=EDGE_CURVE('',#6227,#6194,#178,.F.);
#5088=EDGE_CURVE('',#6227,#6224,#179,.F.);
#5089=EDGE_CURVE('',#6072,#6188,#592,.T.);
#5090=EDGE_CURVE('',#6071,#6187,#593,.T.);
#5091=EDGE_CURVE('',#6073,#6184,#594,.T.);
#5092=EDGE_CURVE('',#6073,#6183,#595,.T.);
#5093=EDGE_CURVE('',#6228,#6179,#7322,.T.);
#5094=EDGE_CURVE('',#6076,#6228,#596,.T.);
#5095=EDGE_CURVE('',#6076,#6229,#597,.T.);
#5096=EDGE_CURVE('',#6229,#6228,#598,.F.);
#5097=EDGE_CURVE('',#6229,#6230,#7323,.T.);
#5098=EDGE_CURVE('',#6228,#6231,#7324,.T.);
#5099=EDGE_CURVE('',#6231,#6230,#599,.T.);
#5100=EDGE_CURVE('',#6231,#6095,#600,.F.);
#5101=EDGE_CURVE('',#6230,#6093,#601,.T.);
#5102=EDGE_CURVE('',#6232,#6094,#602,.T.);
#5103=EDGE_CURVE('',#6230,#6232,#7325,.F.);
#5104=EDGE_CURVE('',#6232,#6233,#7326,.F.);
#5105=EDGE_CURVE('',#6233,#6229,#7327,.T.);
#5106=EDGE_CURVE('',#6077,#6233,#603,.T.);
#5107=EDGE_CURVE('',#6155,#6233,#604,.F.);
#5108=EDGE_CURVE('',#6078,#6155,#605,.T.);
#5109=EDGE_CURVE('',#6232,#6153,#606,.T.);
#5110=EDGE_CURVE('',#6178,#6231,#7328,.F.);
#5111=EDGE_CURVE('',#6067,#6173,#607,.F.);
#5112=EDGE_CURVE('',#6067,#6234,#608,.T.);
#5113=EDGE_CURVE('',#6234,#6173,#609,.F.);
#5114=EDGE_CURVE('',#6234,#6235,#7329,.T.);
#5115=EDGE_CURVE('',#6235,#6168,#610,.F.);
#5116=EDGE_CURVE('',#6118,#6235,#611,.T.);
#5117=EDGE_CURVE('',#6117,#6236,#612,.T.);
#5118=EDGE_CURVE('',#6236,#6235,#7330,.T.);
#5119=EDGE_CURVE('',#6237,#6236,#7331,.T.);
#5120=EDGE_CURVE('',#6237,#6234,#7332,.T.);
#5121=EDGE_CURVE('',#6068,#6237,#613,.T.);
#5122=EDGE_CURVE('',#6068,#6238,#614,.T.);
#5123=EDGE_CURVE('',#6238,#6237,#615,.F.);
#5124=EDGE_CURVE('',#6238,#6239,#7333,.T.);
#5125=EDGE_CURVE('',#6239,#6236,#616,.F.);
#5126=EDGE_CURVE('',#6116,#6239,#617,.T.);
#5127=EDGE_CURVE('',#6092,#6240,#618,.T.);
#5128=EDGE_CURVE('',#6240,#6239,#7334,.T.);
#5129=EDGE_CURVE('',#6240,#6241,#7335,.F.);
#5130=EDGE_CURVE('',#6241,#6238,#7336,.T.);
#5131=EDGE_CURVE('',#6069,#6241,#619,.T.);
#5132=EDGE_CURVE('',#6087,#6241,#620,.F.);
#5133=EDGE_CURVE('',#6090,#6240,#621,.F.);
#5134=EDGE_CURVE('',#6139,#6242,#622,.F.);
#5135=EDGE_CURVE('',#6243,#6242,#623,.T.);
#5136=EDGE_CURVE('',#6140,#6243,#624,.F.);
#5137=EDGE_CURVE('',#6242,#6243,#625,.T.);
#5138=EDGE_CURVE('',#6242,#6244,#7337,.T.);
#5139=EDGE_CURVE('',#6243,#6245,#7338,.T.);
#5140=EDGE_CURVE('',#6244,#6245,#626,.T.);
#5141=EDGE_CURVE('',#6246,#6244,#627,.F.);
#5142=EDGE_CURVE('',#6247,#6245,#628,.F.);
#5143=EDGE_CURVE('',#6246,#6247,#629,.T.);
#5144=EDGE_CURVE('',#6248,#6248,#630,.F.);
#5145=EDGE_CURVE('',#6247,#6246,#631,.T.);
#5146=EDGE_CURVE('',#6249,#6249,#632,.T.);
#5147=EDGE_CURVE('',#6250,#6251,#7339,.T.);
#5148=EDGE_CURVE('',#6251,#6252,#7340,.T.);
#5149=EDGE_CURVE('',#6252,#6253,#7341,.T.);
#5150=EDGE_CURVE('',#6253,#6254,#7342,.T.);
#5151=EDGE_CURVE('',#6254,#6255,#7343,.T.);
#5152=EDGE_CURVE('',#6255,#6256,#7344,.T.);
#5153=EDGE_CURVE('',#6256,#6257,#7345,.T.);
#5154=EDGE_CURVE('',#6257,#6250,#7346,.T.);
#5155=EDGE_CURVE('',#5448,#5989,#633,.T.);
#5156=EDGE_CURVE('',#5437,#5988,#634,.T.);
#5157=EDGE_CURVE('',#6258,#5988,#635,.T.);
#5158=EDGE_CURVE('',#5437,#6258,#636,.T.);
#5159=EDGE_CURVE('',#6258,#6259,#7347,.T.);
#5160=EDGE_CURVE('',#5438,#6259,#637,.F.);
#5161=EDGE_CURVE('',#6260,#6259,#638,.T.);
#5162=EDGE_CURVE('',#6260,#5438,#639,.T.);
#5163=EDGE_CURVE('',#6261,#5439,#640,.T.);
#5164=EDGE_CURVE('',#6261,#6260,#7348,.F.);
#5165=EDGE_CURVE('',#6261,#6262,#7349,.T.);
#5166=EDGE_CURVE('',#6260,#6263,#7350,.T.);
#5167=EDGE_CURVE('',#6263,#6011,#7351,.F.);
#5168=EDGE_CURVE('',#6010,#6264,#7352,.T.);
#5169=EDGE_CURVE('',#6264,#6265,#180,.T.);
#5170=EDGE_CURVE('',#6265,#6262,#7353,.T.);
#5171=EDGE_CURVE('',#5626,#6262,#641,.T.);
#5172=EDGE_CURVE('',#5628,#6265,#181,.F.);
#5173=EDGE_CURVE('',#6002,#6264,#182,.T.);
#5174=EDGE_CURVE('',#6002,#5628,#183,.T.);
#5175=EDGE_CURVE('',#5629,#6001,#184,.F.);
#5176=EDGE_CURVE('',#6001,#6266,#185,.F.);
#5177=EDGE_CURVE('',#6267,#6266,#186,.T.);
#5178=EDGE_CURVE('',#5629,#6267,#187,.T.);
#5179=EDGE_CURVE('',#6268,#6267,#7354,.T.);
#5180=EDGE_CURVE('',#5627,#6268,#642,.F.);
#5181=EDGE_CURVE('',#6262,#6268,#643,.T.);
#5182=EDGE_CURVE('',#6269,#6268,#7355,.F.);
#5183=EDGE_CURVE('',#6269,#6261,#644,.F.);
#5184=EDGE_CURVE('',#6269,#5440,#645,.T.);
#5185=EDGE_CURVE('',#6270,#5441,#646,.T.);
#5186=EDGE_CURVE('',#6270,#6269,#7356,.F.);
#5187=EDGE_CURVE('',#6018,#6271,#7357,.T.);
#5188=EDGE_CURVE('',#6271,#6270,#7358,.T.);
#5189=EDGE_CURVE('',#6266,#6019,#7359,.F.);
#5190=EDGE_CURVE('',#6271,#6272,#647,.T.);
#5191=EDGE_CURVE('',#6272,#6273,#7360,.T.);
#5192=EDGE_CURVE('',#6270,#6273,#648,.T.);
#5193=EDGE_CURVE('',#6273,#5441,#649,.F.);
#5194=EDGE_CURVE('',#6273,#6274,#7361,.T.);
#5195=EDGE_CURVE('',#5442,#6274,#650,.F.);
#5196=EDGE_CURVE('',#6275,#6274,#651,.T.);
#5197=EDGE_CURVE('',#6275,#5442,#652,.T.);
#5198=EDGE_CURVE('',#6276,#5443,#653,.T.);
#5199=EDGE_CURVE('',#6276,#6275,#7362,.F.);
#5200=EDGE_CURVE('',#6276,#6277,#7363,.T.);
#5201=EDGE_CURVE('',#6275,#6278,#7364,.T.);
#5202=EDGE_CURVE('',#6278,#6015,#7365,.F.);
#5203=EDGE_CURVE('',#6014,#6279,#7366,.T.);
#5204=EDGE_CURVE('',#6279,#6280,#188,.T.);
#5205=EDGE_CURVE('',#6280,#6277,#7367,.T.);
#5206=EDGE_CURVE('',#5630,#6277,#654,.T.);
#5207=EDGE_CURVE('',#5632,#6280,#189,.F.);
#5208=EDGE_CURVE('',#5998,#6279,#190,.T.);
#5209=EDGE_CURVE('',#5998,#5632,#191,.T.);
#5210=EDGE_CURVE('',#5633,#5997,#192,.F.);
#5211=EDGE_CURVE('',#5997,#6281,#193,.F.);
#5212=EDGE_CURVE('',#6282,#6281,#194,.T.);
#5213=EDGE_CURVE('',#5633,#6282,#195,.T.);
#5214=EDGE_CURVE('',#6283,#6282,#7368,.T.);
#5215=EDGE_CURVE('',#5631,#6283,#655,.F.);
#5216=EDGE_CURVE('',#6277,#6283,#656,.T.);
#5217=EDGE_CURVE('',#6284,#6283,#7369,.F.);
#5218=EDGE_CURVE('',#6284,#6276,#657,.F.);
#5219=EDGE_CURVE('',#6284,#5444,#658,.T.);
#5220=EDGE_CURVE('',#6285,#5445,#659,.T.);
#5221=EDGE_CURVE('',#6285,#6284,#7370,.F.);
#5222=EDGE_CURVE('',#6008,#6286,#7371,.T.);
#5223=EDGE_CURVE('',#6286,#6285,#7372,.T.);
#5224=EDGE_CURVE('',#6281,#6009,#7373,.F.);
#5225=EDGE_CURVE('',#6286,#6287,#660,.T.);
#5226=EDGE_CURVE('',#6287,#6288,#7374,.T.);
#5227=EDGE_CURVE('',#6285,#6288,#661,.T.);
#5228=EDGE_CURVE('',#6288,#5445,#662,.F.);
#5229=EDGE_CURVE('',#6288,#6289,#7375,.T.);
#5230=EDGE_CURVE('',#6289,#5446,#663,.F.);
#5231=EDGE_CURVE('',#6289,#6290,#664,.T.);
#5232=EDGE_CURVE('',#5446,#6290,#665,.T.);
#5233=EDGE_CURVE('',#6290,#6291,#7376,.T.);
#5234=EDGE_CURVE('',#5447,#6291,#666,.T.);
#5235=EDGE_CURVE('',#6291,#5989,#667,.F.);
#5236=EDGE_CURVE('',#5979,#6291,#7377,.T.);
#5237=EDGE_CURVE('',#6292,#6290,#7378,.T.);
#5238=EDGE_CURVE('',#6005,#6292,#7379,.T.);
#5239=EDGE_CURVE('',#6004,#5981,#7380,.T.);
#5240=EDGE_CURVE('',#6293,#6292,#668,.T.);
#5241=EDGE_CURVE('',#6006,#6293,#7381,.T.);
#5242=EDGE_CURVE('',#6293,#6294,#7382,.F.);
#5243=EDGE_CURVE('',#6007,#6294,#7383,.T.);
#5244=EDGE_CURVE('',#6286,#6294,#669,.T.);
#5245=EDGE_CURVE('',#6294,#6287,#670,.F.);
#5246=EDGE_CURVE('',#6295,#6287,#7384,.T.);
#5247=EDGE_CURVE('',#6293,#6295,#671,.T.);
#5248=EDGE_CURVE('',#6295,#6292,#672,.T.);
#5249=EDGE_CURVE('',#6295,#6289,#7385,.T.);
#5250=EDGE_CURVE('',#6278,#6296,#673,.T.);
#5251=EDGE_CURVE('',#6296,#6016,#7386,.T.);
#5252=EDGE_CURVE('',#6296,#6297,#7387,.F.);
#5253=EDGE_CURVE('',#6017,#6297,#7388,.T.);
#5254=EDGE_CURVE('',#6271,#6297,#674,.T.);
#5255=EDGE_CURVE('',#6297,#6272,#675,.F.);
#5256=EDGE_CURVE('',#6298,#6272,#7389,.T.);
#5257=EDGE_CURVE('',#6298,#6296,#676,.F.);
#5258=EDGE_CURVE('',#6278,#6298,#677,.T.);
#5259=EDGE_CURVE('',#6274,#6298,#7390,.T.);
#5260=EDGE_CURVE('',#6263,#6299,#678,.T.);
#5261=EDGE_CURVE('',#6299,#6012,#7391,.T.);
#5262=EDGE_CURVE('',#6299,#6300,#7392,.F.);
#5263=EDGE_CURVE('',#6300,#6013,#7393,.F.);
#5264=EDGE_CURVE('',#6300,#5987,#679,.T.);
#5265=EDGE_CURVE('',#6301,#5987,#680,.T.);
#5266=EDGE_CURVE('',#6301,#6300,#681,.F.);
#5267=EDGE_CURVE('',#6302,#6299,#682,.F.);
#5268=EDGE_CURVE('',#6302,#6301,#7394,.T.);
#5269=EDGE_CURVE('',#6259,#6302,#7395,.T.);
#5270=EDGE_CURVE('',#6258,#6301,#7396,.T.);
#5271=EDGE_CURVE('',#6263,#6302,#683,.T.);
#5272=EDGE_CURVE('',#5436,#6303,#684,.F.);
#5273=EDGE_CURVE('',#6303,#6304,#685,.T.);
#5274=EDGE_CURVE('',#5429,#6304,#686,.F.);
#5275=EDGE_CURVE('',#6304,#6305,#687,.T.);
#5276=EDGE_CURVE('',#5430,#6305,#688,.F.);
#5277=EDGE_CURVE('',#6305,#6306,#689,.T.);
#5278=EDGE_CURVE('',#5431,#6306,#690,.T.);
#5279=EDGE_CURVE('',#6306,#6307,#7397,.T.);
#5280=EDGE_CURVE('',#5432,#6307,#691,.F.);
#5281=EDGE_CURVE('',#6307,#6308,#692,.T.);
#5282=EDGE_CURVE('',#5433,#6308,#693,.T.);
#5283=EDGE_CURVE('',#6308,#6309,#7398,.T.);
#5284=EDGE_CURVE('',#5434,#6309,#694,.F.);
#5285=EDGE_CURVE('',#6309,#6310,#695,.T.);
#5286=EDGE_CURVE('',#5435,#6310,#696,.T.);
#5287=EDGE_CURVE('',#6310,#6303,#7399,.T.);
#5288=EDGE_CURVE('',#6310,#6311,#7400,.F.);
#5289=EDGE_CURVE('',#6311,#6312,#7401,.F.);
#5290=EDGE_CURVE('',#6303,#6312,#7402,.T.);
#5291=EDGE_CURVE('',#6312,#6313,#697,.T.);
#5292=EDGE_CURVE('',#6304,#6313,#7403,.F.);
#5293=EDGE_CURVE('',#6313,#6314,#698,.T.);
#5294=EDGE_CURVE('',#6305,#6314,#7404,.T.);
#5295=EDGE_CURVE('',#6314,#6315,#699,.T.);
#5296=EDGE_CURVE('',#6306,#6315,#7405,.F.);
#5297=EDGE_CURVE('',#6315,#6316,#7406,.F.);
#5298=EDGE_CURVE('',#6307,#6316,#7407,.T.);
#5299=EDGE_CURVE('',#6316,#6317,#700,.T.);
#5300=EDGE_CURVE('',#6308,#6317,#7408,.F.);
#5301=EDGE_CURVE('',#6317,#6318,#7409,.F.);
#5302=EDGE_CURVE('',#6309,#6318,#7410,.T.);
#5303=EDGE_CURVE('',#6318,#6311,#701,.T.);
#5304=EDGE_CURVE('',#6319,#6318,#702,.T.);
#5305=EDGE_CURVE('',#6319,#6311,#703,.T.);
#5306=EDGE_CURVE('',#6320,#6312,#704,.T.);
#5307=EDGE_CURVE('',#6319,#6320,#7411,.T.);
#5308=EDGE_CURVE('',#6321,#6319,#7412,.T.);
#5309=EDGE_CURVE('',#6322,#6321,#7413,.T.);
#5310=EDGE_CURVE('',#6320,#6322,#705,.T.);
#5311=EDGE_CURVE('',#6323,#6324,#7414,.T.);
#5312=EDGE_CURVE('',#6325,#6323,#706,.T.);
#5313=EDGE_CURVE('',#6326,#6325,#7415,.T.);
#5314=EDGE_CURVE('',#6324,#6326,#7416,.T.);
#5315=EDGE_CURVE('',#6327,#6328,#707,.T.);
#5316=EDGE_CURVE('',#6329,#6327,#7417,.T.);
#5317=EDGE_CURVE('',#6330,#6329,#7418,.T.);
#5318=EDGE_CURVE('',#6328,#6330,#7419,.T.);
#5319=EDGE_CURVE('',#6322,#6314,#708,.F.);
#5320=EDGE_CURVE('',#6320,#6313,#709,.F.);
#5321=EDGE_CURVE('',#6322,#6315,#710,.T.);
#5322=EDGE_CURVE('',#6321,#6316,#711,.T.);
#5323=EDGE_CURVE('',#6321,#6317,#712,.T.);
#5324=EDGE_CURVE('',#6326,#6331,#713,.T.);
#5325=EDGE_CURVE('',#6332,#6331,#7420,.F.);
#5326=EDGE_CURVE('',#6324,#6332,#714,.T.);
#5327=EDGE_CURVE('',#6324,#6333,#715,.T.);
#5328=EDGE_CURVE('',#6333,#6332,#716,.T.);
#5329=EDGE_CURVE('',#6334,#6333,#7421,.T.);
#5330=EDGE_CURVE('',#6335,#6332,#7422,.F.);
#5331=EDGE_CURVE('',#6334,#6335,#717,.T.);
#5332=EDGE_CURVE('',#5428,#6334,#718,.F.);
#5333=EDGE_CURVE('',#5421,#6335,#719,.T.);
#5334=EDGE_CURVE('',#6335,#6336,#7423,.T.);
#5335=EDGE_CURVE('',#5422,#6336,#720,.F.);
#5336=EDGE_CURVE('',#6336,#6337,#721,.T.);
#5337=EDGE_CURVE('',#5423,#6337,#722,.T.);
#5338=EDGE_CURVE('',#6337,#6338,#7424,.T.);
#5339=EDGE_CURVE('',#5424,#6338,#723,.F.);
#5340=EDGE_CURVE('',#6338,#6339,#724,.T.);
#5341=EDGE_CURVE('',#5425,#6339,#725,.F.);
#5342=EDGE_CURVE('',#6339,#6340,#726,.T.);
#5343=EDGE_CURVE('',#5426,#6340,#727,.F.);
#5344=EDGE_CURVE('',#6340,#6341,#728,.T.);
#5345=EDGE_CURVE('',#5427,#6341,#729,.T.);
#5346=EDGE_CURVE('',#6341,#6334,#7425,.T.);
#5347=EDGE_CURVE('',#6341,#6342,#7426,.F.);
#5348=EDGE_CURVE('',#6342,#6333,#7427,.F.);
#5349=EDGE_CURVE('',#6323,#6342,#730,.T.);
#5350=EDGE_CURVE('',#6323,#6343,#731,.F.);
#5351=EDGE_CURVE('',#6343,#6342,#732,.T.);
#5352=EDGE_CURVE('',#6340,#6343,#7428,.T.);
#5353=EDGE_CURVE('',#6339,#6344,#7429,.F.);
#5354=EDGE_CURVE('',#6344,#6343,#733,.T.);
#5355=EDGE_CURVE('',#6325,#6344,#734,.F.);
#5356=EDGE_CURVE('',#6325,#6345,#735,.T.);
#5357=EDGE_CURVE('',#6345,#6344,#736,.T.);
#5358=EDGE_CURVE('',#6338,#6345,#7430,.T.);
#5359=EDGE_CURVE('',#6337,#6346,#7431,.F.);
#5360=EDGE_CURVE('',#6346,#6345,#7432,.F.);
#5361=EDGE_CURVE('',#6326,#6346,#737,.T.);
#5362=EDGE_CURVE('',#6331,#6346,#738,.T.);
#5363=EDGE_CURVE('',#6336,#6331,#7433,.T.);
#5364=EDGE_CURVE('',#6330,#6347,#739,.T.);
#5365=EDGE_CURVE('',#6348,#6347,#7434,.F.);
#5366=EDGE_CURVE('',#6328,#6348,#740,.T.);
#5367=EDGE_CURVE('',#6328,#6349,#741,.F.);
#5368=EDGE_CURVE('',#6349,#6348,#742,.T.);
#5369=EDGE_CURVE('',#6350,#6349,#7435,.T.);
#5370=EDGE_CURVE('',#6351,#6348,#7436,.F.);
#5371=EDGE_CURVE('',#6350,#6351,#743,.T.);
#5372=EDGE_CURVE('',#5420,#6350,#744,.F.);
#5373=EDGE_CURVE('',#5413,#6351,#745,.T.);
#5374=EDGE_CURVE('',#6351,#6352,#7437,.T.);
#5375=EDGE_CURVE('',#5414,#6352,#746,.F.);
#5376=EDGE_CURVE('',#6352,#6353,#747,.T.);
#5377=EDGE_CURVE('',#5415,#6353,#748,.T.);
#5378=EDGE_CURVE('',#6353,#6354,#7438,.T.);
#5379=EDGE_CURVE('',#5416,#6354,#749,.F.);
#5380=EDGE_CURVE('',#6354,#6355,#750,.T.);
#5381=EDGE_CURVE('',#5417,#6355,#751,.T.);
#5382=EDGE_CURVE('',#6355,#6356,#7439,.T.);
#5383=EDGE_CURVE('',#5418,#6356,#752,.F.);
#5384=EDGE_CURVE('',#6356,#6357,#753,.T.);
#5385=EDGE_CURVE('',#5419,#6357,#754,.F.);
#5386=EDGE_CURVE('',#6357,#6350,#755,.T.);
#5387=EDGE_CURVE('',#6357,#6358,#7440,.F.);
#5388=EDGE_CURVE('',#6358,#6349,#756,.T.);
#5389=EDGE_CURVE('',#6327,#6358,#757,.F.);
#5390=EDGE_CURVE('',#6327,#6359,#758,.T.);
#5391=EDGE_CURVE('',#6359,#6358,#759,.T.);
#5392=EDGE_CURVE('',#6356,#6359,#7441,.T.);
#5393=EDGE_CURVE('',#6355,#6360,#7442,.F.);
#5394=EDGE_CURVE('',#6360,#6359,#7443,.F.);
#5395=EDGE_CURVE('',#6329,#6360,#760,.T.);
#5396=EDGE_CURVE('',#6329,#6361,#761,.T.);
#5397=EDGE_CURVE('',#6361,#6360,#762,.T.);
#5398=EDGE_CURVE('',#6354,#6361,#7444,.T.);
#5399=EDGE_CURVE('',#6353,#6362,#7445,.F.);
#5400=EDGE_CURVE('',#6362,#6361,#7446,.F.);
#5401=EDGE_CURVE('',#6330,#6362,#763,.T.);
#5402=EDGE_CURVE('',#6347,#6362,#764,.T.);
#5403=EDGE_CURVE('',#6352,#6347,#7447,.T.);
#5404=EDGE_CURVE('',#6245,#6244,#765,.T.);
#5405=EDGE_CURVE('',#5450,#6251,#7448,.T.);
#5406=EDGE_CURVE('',#5451,#6250,#7449,.T.);
#5407=EDGE_CURVE('',#5449,#6252,#7450,.T.);
#5408=EDGE_CURVE('',#5456,#6253,#7451,.T.);
#5409=EDGE_CURVE('',#5455,#6254,#7452,.T.);
#5410=EDGE_CURVE('',#5454,#6255,#7453,.T.);
#5411=EDGE_CURVE('',#5453,#6256,#7454,.T.);
#5412=EDGE_CURVE('',#5452,#6257,#7455,.T.);
#5413=VERTEX_POINT('',#15089);
#5414=VERTEX_POINT('',#15090);
#5415=VERTEX_POINT('',#15092);
#5416=VERTEX_POINT('',#15094);
#5417=VERTEX_POINT('',#15096);
#5418=VERTEX_POINT('',#15098);
#5419=VERTEX_POINT('',#15100);
#5420=VERTEX_POINT('',#15102);
#5421=VERTEX_POINT('',#15105);
#5422=VERTEX_POINT('',#15106);
#5423=VERTEX_POINT('',#15108);
#5424=VERTEX_POINT('',#15110);
#5425=VERTEX_POINT('',#15112);
#5426=VERTEX_POINT('',#15114);
#5427=VERTEX_POINT('',#15116);
#5428=VERTEX_POINT('',#15118);
#5429=VERTEX_POINT('',#15121);
#5430=VERTEX_POINT('',#15122);
#5431=VERTEX_POINT('',#15124);
#5432=VERTEX_POINT('',#15126);
#5433=VERTEX_POINT('',#15128);
#5434=VERTEX_POINT('',#15130);
#5435=VERTEX_POINT('',#15132);
#5436=VERTEX_POINT('',#15134);
#5437=VERTEX_POINT('',#15137);
#5438=VERTEX_POINT('',#15138);
#5439=VERTEX_POINT('',#15140);
#5440=VERTEX_POINT('',#15142);
#5441=VERTEX_POINT('',#15144);
#5442=VERTEX_POINT('',#15146);
#5443=VERTEX_POINT('',#15148);
#5444=VERTEX_POINT('',#15150);
#5445=VERTEX_POINT('',#15152);
#5446=VERTEX_POINT('',#15154);
#5447=VERTEX_POINT('',#15156);
#5448=VERTEX_POINT('',#15158);
#5449=VERTEX_POINT('',#15161);
#5450=VERTEX_POINT('',#15162);
#5451=VERTEX_POINT('',#15164);
#5452=VERTEX_POINT('',#15166);
#5453=VERTEX_POINT('',#15168);
#5454=VERTEX_POINT('',#15170);
#5455=VERTEX_POINT('',#15172);
#5456=VERTEX_POINT('',#15174);
#5457=VERTEX_POINT('',#15178);
#5458=VERTEX_POINT('',#15179);
#5459=VERTEX_POINT('',#15181);
#5460=VERTEX_POINT('',#15183);
#5461=VERTEX_POINT('',#15185);
#5462=VERTEX_POINT('',#15187);
#5463=VERTEX_POINT('',#15189);
#5464=VERTEX_POINT('',#15191);
#5465=VERTEX_POINT('',#15193);
#5466=VERTEX_POINT('',#15195);
#5467=VERTEX_POINT('',#15197);
#5468=VERTEX_POINT('',#15199);
#5469=VERTEX_POINT('',#15201);
#5470=VERTEX_POINT('',#15203);
#5471=VERTEX_POINT('',#15205);
#5472=VERTEX_POINT('',#15207);
#5473=VERTEX_POINT('',#15209);
#5474=VERTEX_POINT('',#15211);
#5475=VERTEX_POINT('',#15213);
#5476=VERTEX_POINT('',#15215);
#5477=VERTEX_POINT('',#15219);
#5478=VERTEX_POINT('',#15220);
#5479=VERTEX_POINT('',#15222);
#5480=VERTEX_POINT('',#15224);
#5481=VERTEX_POINT('',#15226);
#5482=VERTEX_POINT('',#15228);
#5483=VERTEX_POINT('',#15230);
#5484=VERTEX_POINT('',#15232);
#5485=VERTEX_POINT('',#15234);
#5486=VERTEX_POINT('',#15236);
#5487=VERTEX_POINT('',#15238);
#5488=VERTEX_POINT('',#15240);
#5489=VERTEX_POINT('',#15242);
#5490=VERTEX_POINT('',#15244);
#5491=VERTEX_POINT('',#15246);
#5492=VERTEX_POINT('',#15248);
#5493=VERTEX_POINT('',#15250);
#5494=VERTEX_POINT('',#15252);
#5495=VERTEX_POINT('',#15254);
#5496=VERTEX_POINT('',#15256);
#5497=VERTEX_POINT('',#15260);
#5498=VERTEX_POINT('',#15261);
#5499=VERTEX_POINT('',#15263);
#5500=VERTEX_POINT('',#15265);
#5501=VERTEX_POINT('',#15268);
#5502=VERTEX_POINT('',#15269);
#5503=VERTEX_POINT('',#15271);
#5504=VERTEX_POINT('',#15273);
#5505=VERTEX_POINT('',#15275);
#5506=VERTEX_POINT('',#15277);
#5507=VERTEX_POINT('',#15279);
#5508=VERTEX_POINT('',#15282);
#5509=VERTEX_POINT('',#15283);
#5510=VERTEX_POINT('',#15285);
#5511=VERTEX_POINT('',#15287);
#5512=VERTEX_POINT('',#15289);
#5513=VERTEX_POINT('',#15291);
#5514=VERTEX_POINT('',#15293);
#5515=VERTEX_POINT('',#15295);
#5516=VERTEX_POINT('',#15297);
#5517=VERTEX_POINT('',#15299);
#5518=VERTEX_POINT('',#15301);
#5519=VERTEX_POINT('',#15303);
#5520=VERTEX_POINT('',#15305);
#5521=VERTEX_POINT('',#15307);
#5522=VERTEX_POINT('',#15309);
#5523=VERTEX_POINT('',#15311);
#5524=VERTEX_POINT('',#15313);
#5525=VERTEX_POINT('',#15315);
#5526=VERTEX_POINT('',#15317);
#5527=VERTEX_POINT('',#15319);
#5528=VERTEX_POINT('',#15321);
#5529=VERTEX_POINT('',#15323);
#5530=VERTEX_POINT('',#15325);
#5531=VERTEX_POINT('',#15327);
#5532=VERTEX_POINT('',#15329);
#5533=VERTEX_POINT('',#15331);
#5534=VERTEX_POINT('',#15334);
#5535=VERTEX_POINT('',#15335);
#5536=VERTEX_POINT('',#15337);
#5537=VERTEX_POINT('',#15339);
#5538=VERTEX_POINT('',#15341);
#5539=VERTEX_POINT('',#15343);
#5540=VERTEX_POINT('',#15345);
#5541=VERTEX_POINT('',#15347);
#5542=VERTEX_POINT('',#15349);
#5543=VERTEX_POINT('',#15351);
#5544=VERTEX_POINT('',#15354);
#5545=VERTEX_POINT('',#15355);
#5546=VERTEX_POINT('',#15357);
#5547=VERTEX_POINT('',#15359);
#5548=VERTEX_POINT('',#15361);
#5549=VERTEX_POINT('',#15363);
#5550=VERTEX_POINT('',#15366);
#5551=VERTEX_POINT('',#15367);
#5552=VERTEX_POINT('',#15369);
#5553=VERTEX_POINT('',#15371);
#5554=VERTEX_POINT('',#15373);
#5555=VERTEX_POINT('',#15375);
#5556=VERTEX_POINT('',#15377);
#5557=VERTEX_POINT('',#15379);
#5558=VERTEX_POINT('',#15381);
#5559=VERTEX_POINT('',#15383);
#5560=VERTEX_POINT('',#15385);
#5561=VERTEX_POINT('',#15387);
#5562=VERTEX_POINT('',#15389);
#5563=VERTEX_POINT('',#15391);
#5564=VERTEX_POINT('',#15393);
#5565=VERTEX_POINT('',#15395);
#5566=VERTEX_POINT('',#15397);
#5567=VERTEX_POINT('',#15399);
#5568=VERTEX_POINT('',#15401);
#5569=VERTEX_POINT('',#15403);
#5570=VERTEX_POINT('',#15405);
#5571=VERTEX_POINT('',#15407);
#5572=VERTEX_POINT('',#15409);
#5573=VERTEX_POINT('',#15411);
#5574=VERTEX_POINT('',#15414);
#5575=VERTEX_POINT('',#15415);
#5576=VERTEX_POINT('',#15417);
#5577=VERTEX_POINT('',#15419);
#5578=VERTEX_POINT('',#15421);
#5579=VERTEX_POINT('',#15423);
#5580=VERTEX_POINT('',#15425);
#5581=VERTEX_POINT('',#15427);
#5582=VERTEX_POINT('',#15429);
#5583=VERTEX_POINT('',#15431);
#5584=VERTEX_POINT('',#15433);
#5585=VERTEX_POINT('',#15435);
#5586=VERTEX_POINT('',#15437);
#5587=VERTEX_POINT('',#15439);
#5588=VERTEX_POINT('',#15441);
#5589=VERTEX_POINT('',#15443);
#5590=VERTEX_POINT('',#15445);
#5591=VERTEX_POINT('',#15447);
#5592=VERTEX_POINT('',#15449);
#5593=VERTEX_POINT('',#15451);
#5594=VERTEX_POINT('',#15453);
#5595=VERTEX_POINT('',#15455);
#5596=VERTEX_POINT('',#15457);
#5597=VERTEX_POINT('',#15459);
#5598=VERTEX_POINT('',#15461);
#5599=VERTEX_POINT('',#15463);
#5600=VERTEX_POINT('',#15465);
#5601=VERTEX_POINT('',#15467);
#5602=VERTEX_POINT('',#15469);
#5603=VERTEX_POINT('',#15471);
#5604=VERTEX_POINT('',#15473);
#5605=VERTEX_POINT('',#15475);
#5606=VERTEX_POINT('',#15477);
#5607=VERTEX_POINT('',#15479);
#5608=VERTEX_POINT('',#15481);
#5609=VERTEX_POINT('',#15483);
#5610=VERTEX_POINT('',#15485);
#5611=VERTEX_POINT('',#15487);
#5612=VERTEX_POINT('',#15489);
#5613=VERTEX_POINT('',#15491);
#5614=VERTEX_POINT('',#15494);
#5615=VERTEX_POINT('',#15495);
#5616=VERTEX_POINT('',#15497);
#5617=VERTEX_POINT('',#15499);
#5618=VERTEX_POINT('',#15501);
#5619=VERTEX_POINT('',#15503);
#5620=VERTEX_POINT('',#15505);
#5621=VERTEX_POINT('',#15507);
#5622=VERTEX_POINT('',#15509);
#5623=VERTEX_POINT('',#15511);
#5624=VERTEX_POINT('',#15513);
#5625=VERTEX_POINT('',#15515);
#5626=VERTEX_POINT('',#15519);
#5627=VERTEX_POINT('',#15520);
#5628=VERTEX_POINT('',#15522);
#5629=VERTEX_POINT('',#15524);
#5630=VERTEX_POINT('',#15528);
#5631=VERTEX_POINT('',#15529);
#5632=VERTEX_POINT('',#15531);
#5633=VERTEX_POINT('',#15533);
#5634=VERTEX_POINT('',#15536);
#5635=VERTEX_POINT('',#15537);
#5636=VERTEX_POINT('',#15539);
#5637=VERTEX_POINT('',#15541);
#5638=VERTEX_POINT('',#15543);
#5639=VERTEX_POINT('',#15545);
#5640=VERTEX_POINT('',#15547);
#5641=VERTEX_POINT('',#15550);
#5642=VERTEX_POINT('',#15551);
#5643=VERTEX_POINT('',#15553);
#5644=VERTEX_POINT('',#15555);
#5645=VERTEX_POINT('',#15557);
#5646=VERTEX_POINT('',#15559);
#5647=VERTEX_POINT('',#15562);
#5648=VERTEX_POINT('',#15563);
#5649=VERTEX_POINT('',#15565);
#5650=VERTEX_POINT('',#15567);
#5651=VERTEX_POINT('',#15569);
#5652=VERTEX_POINT('',#15571);
#5653=VERTEX_POINT('',#15573);
#5654=VERTEX_POINT('',#15575);
#5655=VERTEX_POINT('',#15577);
#5656=VERTEX_POINT('',#15579);
#5657=VERTEX_POINT('',#15581);
#5658=VERTEX_POINT('',#15583);
#5659=VERTEX_POINT('',#15585);
#5660=VERTEX_POINT('',#15587);
#5661=VERTEX_POINT('',#15589);
#5662=VERTEX_POINT('',#15591);
#5663=VERTEX_POINT('',#15593);
#5664=VERTEX_POINT('',#15595);
#5665=VERTEX_POINT('',#15597);
#5666=VERTEX_POINT('',#15599);
#5667=VERTEX_POINT('',#15601);
#5668=VERTEX_POINT('',#15603);
#5669=VERTEX_POINT('',#15605);
#5670=VERTEX_POINT('',#15607);
#5671=VERTEX_POINT('',#15610);
#5672=VERTEX_POINT('',#15611);
#5673=VERTEX_POINT('',#15613);
#5674=VERTEX_POINT('',#15615);
#5675=VERTEX_POINT('',#15617);
#5676=VERTEX_POINT('',#15619);
#5677=VERTEX_POINT('',#15621);
#5678=VERTEX_POINT('',#15623);
#5679=VERTEX_POINT('',#15625);
#5680=VERTEX_POINT('',#15627);
#5681=VERTEX_POINT('',#15629);
#5682=VERTEX_POINT('',#15631);
#5683=VERTEX_POINT('',#15633);
#5684=VERTEX_POINT('',#15635);
#5685=VERTEX_POINT('',#15637);
#5686=VERTEX_POINT('',#15639);
#5687=VERTEX_POINT('',#15641);
#5688=VERTEX_POINT('',#15643);
#5689=VERTEX_POINT('',#15645);
#5690=VERTEX_POINT('',#15647);
#5691=VERTEX_POINT('',#15649);
#5692=VERTEX_POINT('',#15651);
#5693=VERTEX_POINT('',#15653);
#5694=VERTEX_POINT('',#15655);
#5695=VERTEX_POINT('',#15657);
#5696=VERTEX_POINT('',#15659);
#5697=VERTEX_POINT('',#15661);
#5698=VERTEX_POINT('',#15663);
#5699=VERTEX_POINT('',#15665);
#5700=VERTEX_POINT('',#15667);
#5701=VERTEX_POINT('',#15669);
#5702=VERTEX_POINT('',#15671);
#5703=VERTEX_POINT('',#15673);
#5704=VERTEX_POINT('',#15675);
#5705=VERTEX_POINT('',#15677);
#5706=VERTEX_POINT('',#15679);
#5707=VERTEX_POINT('',#15681);
#5708=VERTEX_POINT('',#15683);
#5709=VERTEX_POINT('',#15685);
#5710=VERTEX_POINT('',#15687);
#5711=VERTEX_POINT('',#15690);
#5712=VERTEX_POINT('',#15691);
#5713=VERTEX_POINT('',#15693);
#5714=VERTEX_POINT('',#15695);
#5715=VERTEX_POINT('',#15697);
#5716=VERTEX_POINT('',#15699);
#5717=VERTEX_POINT('',#15701);
#5718=VERTEX_POINT('',#15703);
#5719=VERTEX_POINT('',#15705);
#5720=VERTEX_POINT('',#15707);
#5721=VERTEX_POINT('',#15709);
#5722=VERTEX_POINT('',#15711);
#5723=VERTEX_POINT('',#15715);
#5724=VERTEX_POINT('',#15717);
#5725=VERTEX_POINT('',#15721);
#5726=VERTEX_POINT('',#15725);
#5727=VERTEX_POINT('',#15729);
#5728=VERTEX_POINT('',#15733);
#5729=VERTEX_POINT('',#15737);
#5730=VERTEX_POINT('',#15741);
#5731=VERTEX_POINT('',#15745);
#5732=VERTEX_POINT('',#15749);
#5733=VERTEX_POINT('',#15753);
#5734=VERTEX_POINT('',#15757);
#5735=VERTEX_POINT('',#15761);
#5736=VERTEX_POINT('',#15765);
#5737=VERTEX_POINT('',#15769);
#5738=VERTEX_POINT('',#15773);
#5739=VERTEX_POINT('',#15777);
#5740=VERTEX_POINT('',#15781);
#5741=VERTEX_POINT('',#15785);
#5742=VERTEX_POINT('',#15789);
#5743=VERTEX_POINT('',#15795);
#5744=VERTEX_POINT('',#15796);
#5745=VERTEX_POINT('',#15798);
#5746=VERTEX_POINT('',#15800);
#5747=VERTEX_POINT('',#15802);
#5748=VERTEX_POINT('',#15804);
#5749=VERTEX_POINT('',#15806);
#5750=VERTEX_POINT('',#15808);
#5751=VERTEX_POINT('',#15810);
#5752=VERTEX_POINT('',#15812);
#5753=VERTEX_POINT('',#15814);
#5754=VERTEX_POINT('',#15816);
#5755=VERTEX_POINT('',#15818);
#5756=VERTEX_POINT('',#15820);
#5757=VERTEX_POINT('',#15822);
#5758=VERTEX_POINT('',#15824);
#5759=VERTEX_POINT('',#15826);
#5760=VERTEX_POINT('',#15828);
#5761=VERTEX_POINT('',#15830);
#5762=VERTEX_POINT('',#15832);
#5763=VERTEX_POINT('',#15834);
#5764=VERTEX_POINT('',#15836);
#5765=VERTEX_POINT('',#15838);
#5766=VERTEX_POINT('',#15840);
#5767=VERTEX_POINT('',#15842);
#5768=VERTEX_POINT('',#15844);
#5769=VERTEX_POINT('',#15848);
#5770=VERTEX_POINT('',#15849);
#5771=VERTEX_POINT('',#15851);
#5772=VERTEX_POINT('',#15853);
#5773=VERTEX_POINT('',#15855);
#5774=VERTEX_POINT('',#15857);
#5775=VERTEX_POINT('',#15859);
#5776=VERTEX_POINT('',#15861);
#5777=VERTEX_POINT('',#15863);
#5778=VERTEX_POINT('',#15865);
#5779=VERTEX_POINT('',#15869);
#5780=VERTEX_POINT('',#15870);
#5781=VERTEX_POINT('',#15872);
#5782=VERTEX_POINT('',#15874);
#5783=VERTEX_POINT('',#15876);
#5784=VERTEX_POINT('',#15878);
#5785=VERTEX_POINT('',#15882);
#5786=VERTEX_POINT('',#15883);
#5787=VERTEX_POINT('',#15885);
#5788=VERTEX_POINT('',#15887);
#5789=VERTEX_POINT('',#15889);
#5790=VERTEX_POINT('',#15891);
#5791=VERTEX_POINT('',#15893);
#5792=VERTEX_POINT('',#15895);
#5793=VERTEX_POINT('',#15897);
#5794=VERTEX_POINT('',#15899);
#5795=VERTEX_POINT('',#15901);
#5796=VERTEX_POINT('',#15903);
#5797=VERTEX_POINT('',#15905);
#5798=VERTEX_POINT('',#15907);
#5799=VERTEX_POINT('',#15909);
#5800=VERTEX_POINT('',#15911);
#5801=VERTEX_POINT('',#15913);
#5802=VERTEX_POINT('',#15915);
#5803=VERTEX_POINT('',#15917);
#5804=VERTEX_POINT('',#15919);
#5805=VERTEX_POINT('',#15921);
#5806=VERTEX_POINT('',#15923);
#5807=VERTEX_POINT('',#15925);
#5808=VERTEX_POINT('',#15927);
#5809=VERTEX_POINT('',#15931);
#5810=VERTEX_POINT('',#15932);
#5811=VERTEX_POINT('',#15934);
#5812=VERTEX_POINT('',#15936);
#5813=VERTEX_POINT('',#15938);
#5814=VERTEX_POINT('',#15940);
#5815=VERTEX_POINT('',#15942);
#5816=VERTEX_POINT('',#15944);
#5817=VERTEX_POINT('',#15946);
#5818=VERTEX_POINT('',#15948);
#5819=VERTEX_POINT('',#15950);
#5820=VERTEX_POINT('',#15952);
#5821=VERTEX_POINT('',#15954);
#5822=VERTEX_POINT('',#15956);
#5823=VERTEX_POINT('',#15958);
#5824=VERTEX_POINT('',#15960);
#5825=VERTEX_POINT('',#15962);
#5826=VERTEX_POINT('',#15964);
#5827=VERTEX_POINT('',#15966);
#5828=VERTEX_POINT('',#15968);
#5829=VERTEX_POINT('',#15970);
#5830=VERTEX_POINT('',#15972);
#5831=VERTEX_POINT('',#15974);
#5832=VERTEX_POINT('',#15976);
#5833=VERTEX_POINT('',#15978);
#5834=VERTEX_POINT('',#15980);
#5835=VERTEX_POINT('',#15982);
#5836=VERTEX_POINT('',#15984);
#5837=VERTEX_POINT('',#15986);
#5838=VERTEX_POINT('',#15988);
#5839=VERTEX_POINT('',#15990);
#5840=VERTEX_POINT('',#15992);
#5841=VERTEX_POINT('',#15994);
#5842=VERTEX_POINT('',#15996);
#5843=VERTEX_POINT('',#15998);
#5844=VERTEX_POINT('',#16000);
#5845=VERTEX_POINT('',#16002);
#5846=VERTEX_POINT('',#16004);
#5847=VERTEX_POINT('',#16006);
#5848=VERTEX_POINT('',#16008);
#5849=VERTEX_POINT('',#16012);
#5850=VERTEX_POINT('',#16013);
#5851=VERTEX_POINT('',#16015);
#5852=VERTEX_POINT('',#16017);
#5853=VERTEX_POINT('',#16019);
#5854=VERTEX_POINT('',#16021);
#5855=VERTEX_POINT('',#16023);
#5856=VERTEX_POINT('',#16025);
#5857=VERTEX_POINT('',#16027);
#5858=VERTEX_POINT('',#16029);
#5859=VERTEX_POINT('',#16031);
#5860=VERTEX_POINT('',#16033);
#5861=VERTEX_POINT('',#16273);
#5862=VERTEX_POINT('',#16275);
#5863=VERTEX_POINT('',#16279);
#5864=VERTEX_POINT('',#16283);
#5865=VERTEX_POINT('',#16287);
#5866=VERTEX_POINT('',#16291);
#5867=VERTEX_POINT('',#16295);
#5868=VERTEX_POINT('',#16299);
#5869=VERTEX_POINT('',#16303);
#5870=VERTEX_POINT('',#16307);
#5871=VERTEX_POINT('',#16311);
#5872=VERTEX_POINT('',#16315);
#5873=VERTEX_POINT('',#16319);
#5874=VERTEX_POINT('',#16323);
#5875=VERTEX_POINT('',#16327);
#5876=VERTEX_POINT('',#16331);
#5877=VERTEX_POINT('',#16335);
#5878=VERTEX_POINT('',#16339);
#5879=VERTEX_POINT('',#16343);
#5880=VERTEX_POINT('',#16347);
#5881=VERTEX_POINT('',#16353);
#5882=VERTEX_POINT('',#16354);
#5883=VERTEX_POINT('',#16356);
#5884=VERTEX_POINT('',#16358);
#5885=VERTEX_POINT('',#16360);
#5886=VERTEX_POINT('',#16362);
#5887=VERTEX_POINT('',#16366);
#5888=VERTEX_POINT('',#16367);
#5889=VERTEX_POINT('',#16369);
#5890=VERTEX_POINT('',#16371);
#5891=VERTEX_POINT('',#16373);
#5892=VERTEX_POINT('',#16375);
#5893=VERTEX_POINT('',#16377);
#5894=VERTEX_POINT('',#16379);
#5895=VERTEX_POINT('',#16381);
#5896=VERTEX_POINT('',#16383);
#5897=VERTEX_POINT('',#16385);
#5898=VERTEX_POINT('',#16387);
#5899=VERTEX_POINT('',#16389);
#5900=VERTEX_POINT('',#16391);
#5901=VERTEX_POINT('',#16393);
#5902=VERTEX_POINT('',#16395);
#5903=VERTEX_POINT('',#16397);
#5904=VERTEX_POINT('',#16399);
#5905=VERTEX_POINT('',#16401);
#5906=VERTEX_POINT('',#16403);
#5907=VERTEX_POINT('',#16405);
#5908=VERTEX_POINT('',#16407);
#5909=VERTEX_POINT('',#16409);
#5910=VERTEX_POINT('',#16411);
#5911=VERTEX_POINT('',#16415);
#5912=VERTEX_POINT('',#16416);
#5913=VERTEX_POINT('',#16418);
#5914=VERTEX_POINT('',#16420);
#5915=VERTEX_POINT('',#16422);
#5916=VERTEX_POINT('',#16424);
#5917=VERTEX_POINT('',#16426);
#5918=VERTEX_POINT('',#16428);
#5919=VERTEX_POINT('',#16430);
#5920=VERTEX_POINT('',#16432);
#5921=VERTEX_POINT('',#16434);
#5922=VERTEX_POINT('',#16436);
#5923=VERTEX_POINT('',#16438);
#5924=VERTEX_POINT('',#16440);
#5925=VERTEX_POINT('',#16442);
#5926=VERTEX_POINT('',#16444);
#5927=VERTEX_POINT('',#16446);
#5928=VERTEX_POINT('',#16448);
#5929=VERTEX_POINT('',#16450);
#5930=VERTEX_POINT('',#16452);
#5931=VERTEX_POINT('',#16454);
#5932=VERTEX_POINT('',#16456);
#5933=VERTEX_POINT('',#16458);
#5934=VERTEX_POINT('',#16460);
#5935=VERTEX_POINT('',#16462);
#5936=VERTEX_POINT('',#16464);
#5937=VERTEX_POINT('',#16466);
#5938=VERTEX_POINT('',#16468);
#5939=VERTEX_POINT('',#16470);
#5940=VERTEX_POINT('',#16472);
#5941=VERTEX_POINT('',#16474);
#5942=VERTEX_POINT('',#16476);
#5943=VERTEX_POINT('',#16478);
#5944=VERTEX_POINT('',#16480);
#5945=VERTEX_POINT('',#16482);
#5946=VERTEX_POINT('',#16484);
#5947=VERTEX_POINT('',#16486);
#5948=VERTEX_POINT('',#16488);
#5949=VERTEX_POINT('',#16490);
#5950=VERTEX_POINT('',#16492);
#5951=VERTEX_POINT('',#16496);
#5952=VERTEX_POINT('',#16497);
#5953=VERTEX_POINT('',#16499);
#5954=VERTEX_POINT('',#16501);
#5955=VERTEX_POINT('',#16503);
#5956=VERTEX_POINT('',#16505);
#5957=VERTEX_POINT('',#16507);
#5958=VERTEX_POINT('',#16509);
#5959=VERTEX_POINT('',#16511);
#5960=VERTEX_POINT('',#16513);
#5961=VERTEX_POINT('',#16515);
#5962=VERTEX_POINT('',#16517);
#5963=VERTEX_POINT('',#16685);
#5964=VERTEX_POINT('',#16687);
#5965=VERTEX_POINT('',#16691);
#5966=VERTEX_POINT('',#16695);
#5967=VERTEX_POINT('',#16699);
#5968=VERTEX_POINT('',#16703);
#5969=VERTEX_POINT('',#16707);
#5970=VERTEX_POINT('',#16714);
#5971=VERTEX_POINT('',#16715);
#5972=VERTEX_POINT('',#16720);
#5973=VERTEX_POINT('',#16724);
#5974=VERTEX_POINT('',#16726);
#5975=VERTEX_POINT('',#16728);
#5976=VERTEX_POINT('',#16730);
#5977=VERTEX_POINT('',#16746);
#5978=VERTEX_POINT('',#16748);
#5979=VERTEX_POINT('',#16752);
#5980=VERTEX_POINT('',#16756);
#5981=VERTEX_POINT('',#16767);
#5982=VERTEX_POINT('',#16772);
#5983=VERTEX_POINT('',#16781);
#5984=VERTEX_POINT('',#16792);
#5985=VERTEX_POINT('',#16800);
#5986=VERTEX_POINT('',#16801);
#5987=VERTEX_POINT('',#16803);
#5988=VERTEX_POINT('',#16805);
#5989=VERTEX_POINT('',#16807);
#5990=VERTEX_POINT('',#16812);
#5991=VERTEX_POINT('',#16816);
#5992=VERTEX_POINT('',#16818);
#5993=VERTEX_POINT('',#16820);
#5994=VERTEX_POINT('',#16822);
#5995=VERTEX_POINT('',#16824);
#5996=VERTEX_POINT('',#16826);
#5997=VERTEX_POINT('',#16828);
#5998=VERTEX_POINT('',#16830);
#5999=VERTEX_POINT('',#16832);
#6000=VERTEX_POINT('',#16834);
#6001=VERTEX_POINT('',#16836);
#6002=VERTEX_POINT('',#16838);
#6003=VERTEX_POINT('',#16840);
#6004=VERTEX_POINT('',#16844);
#6005=VERTEX_POINT('',#16846);
#6006=VERTEX_POINT('',#16848);
#6007=VERTEX_POINT('',#16850);
#6008=VERTEX_POINT('',#16852);
#6009=VERTEX_POINT('',#16854);
#6010=VERTEX_POINT('',#16859);
#6011=VERTEX_POINT('',#16861);
#6012=VERTEX_POINT('',#16863);
#6013=VERTEX_POINT('',#16865);
#6014=VERTEX_POINT('',#16869);
#6015=VERTEX_POINT('',#16871);
#6016=VERTEX_POINT('',#16873);
#6017=VERTEX_POINT('',#16875);
#6018=VERTEX_POINT('',#16877);
#6019=VERTEX_POINT('',#16879);
#6020=VERTEX_POINT('',#16885);
#6021=VERTEX_POINT('',#16886);
#6022=VERTEX_POINT('',#16890);
#6023=VERTEX_POINT('',#16892);
#6024=VERTEX_POINT('',#16898);
#6025=VERTEX_POINT('',#16899);
#6026=VERTEX_POINT('',#16901);
#6027=VERTEX_POINT('',#16903);
#6028=VERTEX_POINT('',#16905);
#6029=VERTEX_POINT('',#16907);
#6030=VERTEX_POINT('',#16909);
#6031=VERTEX_POINT('',#16911);
#6032=VERTEX_POINT('',#16913);
#6033=VERTEX_POINT('',#16915);
#6034=VERTEX_POINT('',#16917);
#6035=VERTEX_POINT('',#16919);
#6036=VERTEX_POINT('',#16921);
#6037=VERTEX_POINT('',#16923);
#6038=VERTEX_POINT('',#16925);
#6039=VERTEX_POINT('',#16927);
#6040=VERTEX_POINT('',#16929);
#6041=VERTEX_POINT('',#16931);
#6042=VERTEX_POINT('',#16935);
#6043=VERTEX_POINT('',#16936);
#6044=VERTEX_POINT('',#16941);
#6045=VERTEX_POINT('',#16948);
#6046=VERTEX_POINT('',#16952);
#6047=VERTEX_POINT('',#16959);
#6048=VERTEX_POINT('',#16968);
#6049=VERTEX_POINT('',#16970);
#6050=VERTEX_POINT('',#16972);
#6051=VERTEX_POINT('',#16974);
#6052=VERTEX_POINT('',#16978);
#6053=VERTEX_POINT('',#16979);
#6054=VERTEX_POINT('',#16984);
#6055=VERTEX_POINT('',#16992);
#6056=VERTEX_POINT('',#16993);
#6057=VERTEX_POINT('',#16998);
#6058=VERTEX_POINT('',#17001);
#6059=VERTEX_POINT('',#17008);
#6060=VERTEX_POINT('',#17009);
#6061=VERTEX_POINT('',#17014);
#6062=VERTEX_POINT('',#17017);
#6063=VERTEX_POINT('',#17024);
#6064=VERTEX_POINT('',#17028);
#6065=VERTEX_POINT('',#17030);
#6066=VERTEX_POINT('',#17032);
#6067=VERTEX_POINT('',#17034);
#6068=VERTEX_POINT('',#17036);
#6069=VERTEX_POINT('',#17038);
#6070=VERTEX_POINT('',#17040);
#6071=VERTEX_POINT('',#17044);
#6072=VERTEX_POINT('',#17045);
#6073=VERTEX_POINT('',#17047);
#6074=VERTEX_POINT('',#17049);
#6075=VERTEX_POINT('',#17051);
#6076=VERTEX_POINT('',#17053);
#6077=VERTEX_POINT('',#17055);
#6078=VERTEX_POINT('',#17057);
#6079=VERTEX_POINT('',#17062);
#6080=VERTEX_POINT('',#17063);
#6081=VERTEX_POINT('',#17065);
#6082=VERTEX_POINT('',#17067);
#6083=VERTEX_POINT('',#17069);
#6084=VERTEX_POINT('',#17071);
#6085=VERTEX_POINT('',#17073);
#6086=VERTEX_POINT('',#17075);
#6087=VERTEX_POINT('',#17080);
#6088=VERTEX_POINT('',#17087);
#6089=VERTEX_POINT('',#17088);
#6090=VERTEX_POINT('',#17091);
#6091=VERTEX_POINT('',#17095);
#6092=VERTEX_POINT('',#17097);
#6093=VERTEX_POINT('',#17101);
#6094=VERTEX_POINT('',#17102);
#6095=VERTEX_POINT('',#17104);
#6096=VERTEX_POINT('',#17106);
#6097=VERTEX_POINT('',#17108);
#6098=VERTEX_POINT('',#17110);
#6099=VERTEX_POINT('',#17112);
#6100=VERTEX_POINT('',#17114);
#6101=VERTEX_POINT('',#17116);
#6102=VERTEX_POINT('',#17118);
#6103=VERTEX_POINT('',#17120);
#6104=VERTEX_POINT('',#17122);
#6105=VERTEX_POINT('',#17124);
#6106=VERTEX_POINT('',#17126);
#6107=VERTEX_POINT('',#17128);
#6108=VERTEX_POINT('',#17130);
#6109=VERTEX_POINT('',#17132);
#6110=VERTEX_POINT('',#17134);
#6111=VERTEX_POINT('',#17136);
#6112=VERTEX_POINT('',#17138);
#6113=VERTEX_POINT('',#17140);
#6114=VERTEX_POINT('',#17142);
#6115=VERTEX_POINT('',#17144);
#6116=VERTEX_POINT('',#17147);
#6117=VERTEX_POINT('',#17149);
#6118=VERTEX_POINT('',#17151);
#6119=VERTEX_POINT('',#17153);
#6120=VERTEX_POINT('',#17155);
#6121=VERTEX_POINT('',#17157);
#6122=VERTEX_POINT('',#17159);
#6123=VERTEX_POINT('',#17161);
#6124=VERTEX_POINT('',#17163);
#6125=VERTEX_POINT('',#17165);
#6126=VERTEX_POINT('',#17167);
#6127=VERTEX_POINT('',#17170);
#6128=VERTEX_POINT('',#17171);
#6129=VERTEX_POINT('',#17173);
#6130=VERTEX_POINT('',#17175);
#6131=VERTEX_POINT('',#17178);
#6132=VERTEX_POINT('',#17179);
#6133=VERTEX_POINT('',#17181);
#6134=VERTEX_POINT('',#17183);
#6135=VERTEX_POINT('',#17186);
#6136=VERTEX_POINT('',#17187);
#6137=VERTEX_POINT('',#17189);
#6138=VERTEX_POINT('',#17191);
#6139=VERTEX_POINT('',#17194);
#6140=VERTEX_POINT('',#17195);
#6141=VERTEX_POINT('',#17199);
#6142=VERTEX_POINT('',#17201);
#6143=VERTEX_POINT('',#17205);
#6144=VERTEX_POINT('',#17209);
#6145=VERTEX_POINT('',#17216);
#6146=VERTEX_POINT('',#17218);
#6147=VERTEX_POINT('',#17222);
#6148=VERTEX_POINT('',#17226);
#6149=VERTEX_POINT('',#17233);
#6150=VERTEX_POINT('',#17235);
#6151=VERTEX_POINT('',#17239);
#6152=VERTEX_POINT('',#17243);
#6153=VERTEX_POINT('',#17250);
#6154=VERTEX_POINT('',#17252);
#6155=VERTEX_POINT('',#17256);
#6156=VERTEX_POINT('',#17267);
#6157=VERTEX_POINT('',#17274);
#6158=VERTEX_POINT('',#17294);
#6159=VERTEX_POINT('',#17298);
#6160=VERTEX_POINT('',#17304);
#6161=VERTEX_POINT('',#17308);
#6162=VERTEX_POINT('',#17312);
#6163=VERTEX_POINT('',#17314);
#6164=VERTEX_POINT('',#17324);
#6165=VERTEX_POINT('',#17328);
#6166=VERTEX_POINT('',#17334);
#6167=VERTEX_POINT('',#17338);
#6168=VERTEX_POINT('',#17344);
#6169=VERTEX_POINT('',#17348);
#6170=VERTEX_POINT('',#17349);
#6171=VERTEX_POINT('',#17351);
#6172=VERTEX_POINT('',#17353);
#6173=VERTEX_POINT('',#17357);
#6174=VERTEX_POINT('',#17361);
#6175=VERTEX_POINT('',#17362);
#6176=VERTEX_POINT('',#17364);
#6177=VERTEX_POINT('',#17366);
#6178=VERTEX_POINT('',#17373);
#6179=VERTEX_POINT('',#17377);
#6180=VERTEX_POINT('',#17386);
#6181=VERTEX_POINT('',#17390);
#6182=VERTEX_POINT('',#17396);
#6183=VERTEX_POINT('',#17400);
#6184=VERTEX_POINT('',#17404);
#6185=VERTEX_POINT('',#17406);
#6186=VERTEX_POINT('',#17412);
#6187=VERTEX_POINT('',#17416);
#6188=VERTEX_POINT('',#17420);
#6189=VERTEX_POINT('',#17422);
#6190=VERTEX_POINT('',#17428);
#6191=VERTEX_POINT('',#17433);
#6192=VERTEX_POINT('',#17443);
#6193=VERTEX_POINT('',#17448);
#6194=VERTEX_POINT('',#17457);
#6195=VERTEX_POINT('',#17464);
#6196=VERTEX_POINT('',#17468);
#6197=VERTEX_POINT('',#17472);
#6198=VERTEX_POINT('',#17476);
#6199=VERTEX_POINT('',#17478);
#6200=VERTEX_POINT('',#17482);
#6201=VERTEX_POINT('',#17484);
#6202=VERTEX_POINT('',#17490);
#6203=VERTEX_POINT('',#17494);
#6204=VERTEX_POINT('',#17503);
#6205=VERTEX_POINT('',#17507);
#6206=VERTEX_POINT('',#17511);
#6207=VERTEX_POINT('',#17515);
#6208=VERTEX_POINT('',#17519);
#6209=VERTEX_POINT('',#17523);
#6210=VERTEX_POINT('',#17525);
#6211=VERTEX_POINT('',#17532);
#6212=VERTEX_POINT('',#17533);
#6213=VERTEX_POINT('',#17539);
#6214=VERTEX_POINT('',#17546);
#6215=VERTEX_POINT('',#17550);
#6216=VERTEX_POINT('',#17552);
#6217=VERTEX_POINT('',#17565);
#6218=VERTEX_POINT('',#17572);
#6219=VERTEX_POINT('',#17598);
#6220=VERTEX_POINT('',#17602);
#6221=VERTEX_POINT('',#17610);
#6222=VERTEX_POINT('',#17622);
#6223=VERTEX_POINT('',#17628);
#6224=VERTEX_POINT('',#17647);
#6225=VERTEX_POINT('',#17651);
#6226=VERTEX_POINT('',#17655);
#6227=VERTEX_POINT('',#17663);
#6228=VERTEX_POINT('',#17687);
#6229=VERTEX_POINT('',#17691);
#6230=VERTEX_POINT('',#17695);
#6231=VERTEX_POINT('',#17697);
#6232=VERTEX_POINT('',#17704);
#6233=VERTEX_POINT('',#17708);
#6234=VERTEX_POINT('',#17726);
#6235=VERTEX_POINT('',#17730);
#6236=VERTEX_POINT('',#17736);
#6237=VERTEX_POINT('',#17740);
#6238=VERTEX_POINT('',#17746);
#6239=VERTEX_POINT('',#17750);
#6240=VERTEX_POINT('',#17756);
#6241=VERTEX_POINT('',#17760);
#6242=VERTEX_POINT('',#17771);
#6243=VERTEX_POINT('',#17773);
#6244=VERTEX_POINT('',#17779);
#6245=VERTEX_POINT('',#17781);
#6246=VERTEX_POINT('',#17785);
#6247=VERTEX_POINT('',#17787);
#6248=VERTEX_POINT('',#17791);
#6249=VERTEX_POINT('',#17795);
#6250=VERTEX_POINT('',#17797);
#6251=VERTEX_POINT('',#17798);
#6252=VERTEX_POINT('',#17800);
#6253=VERTEX_POINT('',#17802);
#6254=VERTEX_POINT('',#17804);
#6255=VERTEX_POINT('',#17806);
#6256=VERTEX_POINT('',#17808);
#6257=VERTEX_POINT('',#17810);
#6258=VERTEX_POINT('',#17817);
#6259=VERTEX_POINT('',#17821);
#6260=VERTEX_POINT('',#17825);
#6261=VERTEX_POINT('',#17829);
#6262=VERTEX_POINT('',#17833);
#6263=VERTEX_POINT('',#17835);
#6264=VERTEX_POINT('',#17838);
#6265=VERTEX_POINT('',#17844);
#6266=VERTEX_POINT('',#17874);
#6267=VERTEX_POINT('',#17880);
#6268=VERTEX_POINT('',#17887);
#6269=VERTEX_POINT('',#17893);
#6270=VERTEX_POINT('',#17899);
#6271=VERTEX_POINT('',#17903);
#6272=VERTEX_POINT('',#17909);
#6273=VERTEX_POINT('',#17911);
#6274=VERTEX_POINT('',#17917);
#6275=VERTEX_POINT('',#17921);
#6276=VERTEX_POINT('',#17925);
#6277=VERTEX_POINT('',#17929);
#6278=VERTEX_POINT('',#17931);
#6279=VERTEX_POINT('',#17934);
#6280=VERTEX_POINT('',#17940);
#6281=VERTEX_POINT('',#17970);
#6282=VERTEX_POINT('',#17976);
#6283=VERTEX_POINT('',#17983);
#6284=VERTEX_POINT('',#17989);
#6285=VERTEX_POINT('',#17995);
#6286=VERTEX_POINT('',#17999);
#6287=VERTEX_POINT('',#18005);
#6288=VERTEX_POINT('',#18007);
#6289=VERTEX_POINT('',#18013);
#6290=VERTEX_POINT('',#18017);
#6291=VERTEX_POINT('',#18021);
#6292=VERTEX_POINT('',#18029);
#6293=VERTEX_POINT('',#18035);
#6294=VERTEX_POINT('',#18039);
#6295=VERTEX_POINT('',#18047);
#6296=VERTEX_POINT('',#18057);
#6297=VERTEX_POINT('',#18061);
#6298=VERTEX_POINT('',#18069);
#6299=VERTEX_POINT('',#18079);
#6300=VERTEX_POINT('',#18083);
#6301=VERTEX_POINT('',#18089);
#6302=VERTEX_POINT('',#18093);
#6303=VERTEX_POINT('',#18104);
#6304=VERTEX_POINT('',#18106);
#6305=VERTEX_POINT('',#18110);
#6306=VERTEX_POINT('',#18114);
#6307=VERTEX_POINT('',#18118);
#6308=VERTEX_POINT('',#18122);
#6309=VERTEX_POINT('',#18126);
#6310=VERTEX_POINT('',#18130);
#6311=VERTEX_POINT('',#18136);
#6312=VERTEX_POINT('',#18138);
#6313=VERTEX_POINT('',#18142);
#6314=VERTEX_POINT('',#18146);
#6315=VERTEX_POINT('',#18150);
#6316=VERTEX_POINT('',#18154);
#6317=VERTEX_POINT('',#18158);
#6318=VERTEX_POINT('',#18162);
#6319=VERTEX_POINT('',#18168);
#6320=VERTEX_POINT('',#18172);
#6321=VERTEX_POINT('',#18176);
#6322=VERTEX_POINT('',#18178);
#6323=VERTEX_POINT('',#18182);
#6324=VERTEX_POINT('',#18183);
#6325=VERTEX_POINT('',#18185);
#6326=VERTEX_POINT('',#18187);
#6327=VERTEX_POINT('',#18191);
#6328=VERTEX_POINT('',#18192);
#6329=VERTEX_POINT('',#18194);
#6330=VERTEX_POINT('',#18196);
#6331=VERTEX_POINT('',#18211);
#6332=VERTEX_POINT('',#18213);
#6333=VERTEX_POINT('',#18217);
#6334=VERTEX_POINT('',#18221);
#6335=VERTEX_POINT('',#18223);
#6336=VERTEX_POINT('',#18230);
#6337=VERTEX_POINT('',#18234);
#6338=VERTEX_POINT('',#18238);
#6339=VERTEX_POINT('',#18242);
#6340=VERTEX_POINT('',#18246);
#6341=VERTEX_POINT('',#18250);
#6342=VERTEX_POINT('',#18256);
#6343=VERTEX_POINT('',#18262);
#6344=VERTEX_POINT('',#18268);
#6345=VERTEX_POINT('',#18274);
#6346=VERTEX_POINT('',#18280);
#6347=VERTEX_POINT('',#18291);
#6348=VERTEX_POINT('',#18293);
#6349=VERTEX_POINT('',#18297);
#6350=VERTEX_POINT('',#18301);
#6351=VERTEX_POINT('',#18303);
#6352=VERTEX_POINT('',#18310);
#6353=VERTEX_POINT('',#18314);
#6354=VERTEX_POINT('',#18318);
#6355=VERTEX_POINT('',#18322);
#6356=VERTEX_POINT('',#18326);
#6357=VERTEX_POINT('',#18330);
#6358=VERTEX_POINT('',#18336);
#6359=VERTEX_POINT('',#18342);
#6360=VERTEX_POINT('',#18348);
#6361=VERTEX_POINT('',#18354);
#6362=VERTEX_POINT('',#18360);
#6363=LINE('',#15088,#7456);
#6364=LINE('',#15093,#7457);
#6365=LINE('',#15097,#7458);
#6366=LINE('',#15104,#7459);
#6367=LINE('',#15109,#7460);
#6368=LINE('',#15117,#7461);
#6369=LINE('',#15125,#7462);
#6370=LINE('',#15129,#7463);
#6371=LINE('',#15133,#7464);
#6372=LINE('',#15136,#7465);
#6373=LINE('',#15139,#7466);
#6374=LINE('',#15143,#7467);
#6375=LINE('',#15145,#7468);
#6376=LINE('',#15147,#7469);
#6377=LINE('',#15151,#7470);
#6378=LINE('',#15153,#7471);
#6379=LINE('',#15155,#7472);
#6380=LINE('',#15159,#7473);
#6381=LINE('',#15160,#7474);
#6382=LINE('',#15163,#7475);
#6383=LINE('',#15165,#7476);
#6384=LINE('',#15167,#7477);
#6385=LINE('',#15169,#7478);
#6386=LINE('',#15171,#7479);
#6387=LINE('',#15173,#7480);
#6388=LINE('',#15175,#7481);
#6389=LINE('',#15177,#7482);
#6390=LINE('',#15180,#7483);
#6391=LINE('',#15182,#7484);
#6392=LINE('',#15184,#7485);
#6393=LINE('',#15186,#7486);
#6394=LINE('',#15188,#7487);
#6395=LINE('',#15190,#7488);
#6396=LINE('',#15192,#7489);
#6397=LINE('',#15194,#7490);
#6398=LINE('',#15196,#7491);
#6399=LINE('',#15198,#7492);
#6400=LINE('',#15200,#7493);
#6401=LINE('',#15202,#7494);
#6402=LINE('',#15204,#7495);
#6403=LINE('',#15206,#7496);
#6404=LINE('',#15208,#7497);
#6405=LINE('',#15210,#7498);
#6406=LINE('',#15212,#7499);
#6407=LINE('',#15214,#7500);
#6408=LINE('',#15216,#7501);
#6409=LINE('',#15218,#7502);
#6410=LINE('',#15221,#7503);
#6411=LINE('',#15223,#7504);
#6412=LINE('',#15225,#7505);
#6413=LINE('',#15227,#7506);
#6414=LINE('',#15229,#7507);
#6415=LINE('',#15231,#7508);
#6416=LINE('',#15233,#7509);
#6417=LINE('',#15235,#7510);
#6418=LINE('',#15237,#7511);
#6419=LINE('',#15239,#7512);
#6420=LINE('',#15241,#7513);
#6421=LINE('',#15243,#7514);
#6422=LINE('',#15245,#7515);
#6423=LINE('',#15247,#7516);
#6424=LINE('',#15249,#7517);
#6425=LINE('',#15251,#7518);
#6426=LINE('',#15253,#7519);
#6427=LINE('',#15255,#7520);
#6428=LINE('',#15257,#7521);
#6429=LINE('',#15262,#7522);
#6430=LINE('',#15266,#7523);
#6431=LINE('',#15267,#7524);
#6432=LINE('',#15270,#7525);
#6433=LINE('',#15274,#7526);
#6434=LINE('',#15278,#7527);
#6435=LINE('',#15280,#7528);
#6436=LINE('',#15281,#7529);
#6437=LINE('',#15284,#7530);
#6438=LINE('',#15286,#7531);
#6439=LINE('',#15288,#7532);
#6440=LINE('',#15290,#7533);
#6441=LINE('',#15292,#7534);
#6442=LINE('',#15294,#7535);
#6443=LINE('',#15296,#7536);
#6444=LINE('',#15298,#7537);
#6445=LINE('',#15300,#7538);
#6446=LINE('',#15302,#7539);
#6447=LINE('',#15304,#7540);
#6448=LINE('',#15306,#7541);
#6449=LINE('',#15308,#7542);
#6450=LINE('',#15310,#7543);
#6451=LINE('',#15312,#7544);
#6452=LINE('',#15314,#7545);
#6453=LINE('',#15316,#7546);
#6454=LINE('',#15318,#7547);
#6455=LINE('',#15320,#7548);
#6456=LINE('',#15322,#7549);
#6457=LINE('',#15324,#7550);
#6458=LINE('',#15326,#7551);
#6459=LINE('',#15328,#7552);
#6460=LINE('',#15330,#7553);
#6461=LINE('',#15332,#7554);
#6462=LINE('',#15333,#7555);
#6463=LINE('',#15336,#7556);
#6464=LINE('',#15338,#7557);
#6465=LINE('',#15340,#7558);
#6466=LINE('',#15342,#7559);
#6467=LINE('',#15344,#7560);
#6468=LINE('',#15346,#7561);
#6469=LINE('',#15348,#7562);
#6470=LINE('',#15350,#7563);
#6471=LINE('',#15352,#7564);
#6472=LINE('',#15353,#7565);
#6473=LINE('',#15356,#7566);
#6474=LINE('',#15358,#7567);
#6475=LINE('',#15360,#7568);
#6476=LINE('',#15362,#7569);
#6477=LINE('',#15364,#7570);
#6478=LINE('',#15365,#7571);
#6479=LINE('',#15368,#7572);
#6480=LINE('',#15370,#7573);
#6481=LINE('',#15372,#7574);
#6482=LINE('',#15374,#7575);
#6483=LINE('',#15376,#7576);
#6484=LINE('',#15378,#7577);
#6485=LINE('',#15380,#7578);
#6486=LINE('',#15382,#7579);
#6487=LINE('',#15384,#7580);
#6488=LINE('',#15386,#7581);
#6489=LINE('',#15388,#7582);
#6490=LINE('',#15390,#7583);
#6491=LINE('',#15392,#7584);
#6492=LINE('',#15394,#7585);
#6493=LINE('',#15396,#7586);
#6494=LINE('',#15398,#7587);
#6495=LINE('',#15400,#7588);
#6496=LINE('',#15402,#7589);
#6497=LINE('',#15404,#7590);
#6498=LINE('',#15406,#7591);
#6499=LINE('',#15408,#7592);
#6500=LINE('',#15410,#7593);
#6501=LINE('',#15412,#7594);
#6502=LINE('',#15413,#7595);
#6503=LINE('',#15416,#7596);
#6504=LINE('',#15418,#7597);
#6505=LINE('',#15420,#7598);
#6506=LINE('',#15422,#7599);
#6507=LINE('',#15424,#7600);
#6508=LINE('',#15426,#7601);
#6509=LINE('',#15428,#7602);
#6510=LINE('',#15430,#7603);
#6511=LINE('',#15432,#7604);
#6512=LINE('',#15434,#7605);
#6513=LINE('',#15436,#7606);
#6514=LINE('',#15438,#7607);
#6515=LINE('',#15440,#7608);
#6516=LINE('',#15442,#7609);
#6517=LINE('',#15444,#7610);
#6518=LINE('',#15446,#7611);
#6519=LINE('',#15448,#7612);
#6520=LINE('',#15450,#7613);
#6521=LINE('',#15452,#7614);
#6522=LINE('',#15454,#7615);
#6523=LINE('',#15456,#7616);
#6524=LINE('',#15458,#7617);
#6525=LINE('',#15460,#7618);
#6526=LINE('',#15462,#7619);
#6527=LINE('',#15464,#7620);
#6528=LINE('',#15466,#7621);
#6529=LINE('',#15468,#7622);
#6530=LINE('',#15470,#7623);
#6531=LINE('',#15472,#7624);
#6532=LINE('',#15474,#7625);
#6533=LINE('',#15476,#7626);
#6534=LINE('',#15478,#7627);
#6535=LINE('',#15480,#7628);
#6536=LINE('',#15482,#7629);
#6537=LINE('',#15484,#7630);
#6538=LINE('',#15486,#7631);
#6539=LINE('',#15488,#7632);
#6540=LINE('',#15490,#7633);
#6541=LINE('',#15492,#7634);
#6542=LINE('',#15493,#7635);
#6543=LINE('',#15496,#7636);
#6544=LINE('',#15498,#7637);
#6545=LINE('',#15500,#7638);
#6546=LINE('',#15502,#7639);
#6547=LINE('',#15504,#7640);
#6548=LINE('',#15506,#7641);
#6549=LINE('',#15508,#7642);
#6550=LINE('',#15510,#7643);
#6551=LINE('',#15512,#7644);
#6552=LINE('',#15514,#7645);
#6553=LINE('',#15516,#7646);
#6554=LINE('',#15521,#7647);
#6555=LINE('',#15525,#7648);
#6556=LINE('',#15530,#7649);
#6557=LINE('',#15534,#7650);
#6558=LINE('',#15535,#7651);
#6559=LINE('',#15540,#7652);
#6560=LINE('',#15544,#7653);
#6561=LINE('',#15546,#7654);
#6562=LINE('',#15548,#7655);
#6563=LINE('',#15549,#7656);
#6564=LINE('',#15552,#7657);
#6565=LINE('',#15554,#7658);
#6566=LINE('',#15556,#7659);
#6567=LINE('',#15558,#7660);
#6568=LINE('',#15560,#7661);
#6569=LINE('',#15561,#7662);
#6570=LINE('',#15564,#7663);
#6571=LINE('',#15566,#7664);
#6572=LINE('',#15568,#7665);
#6573=LINE('',#15570,#7666);
#6574=LINE('',#15572,#7667);
#6575=LINE('',#15574,#7668);
#6576=LINE('',#15576,#7669);
#6577=LINE('',#15578,#7670);
#6578=LINE('',#15580,#7671);
#6579=LINE('',#15582,#7672);
#6580=LINE('',#15584,#7673);
#6581=LINE('',#15586,#7674);
#6582=LINE('',#15588,#7675);
#6583=LINE('',#15590,#7676);
#6584=LINE('',#15592,#7677);
#6585=LINE('',#15594,#7678);
#6586=LINE('',#15596,#7679);
#6587=LINE('',#15598,#7680);
#6588=LINE('',#15600,#7681);
#6589=LINE('',#15602,#7682);
#6590=LINE('',#15604,#7683);
#6591=LINE('',#15606,#7684);
#6592=LINE('',#15608,#7685);
#6593=LINE('',#15609,#7686);
#6594=LINE('',#15612,#7687);
#6595=LINE('',#15614,#7688);
#6596=LINE('',#15616,#7689);
#6597=LINE('',#15618,#7690);
#6598=LINE('',#15620,#7691);
#6599=LINE('',#15622,#7692);
#6600=LINE('',#15624,#7693);
#6601=LINE('',#15626,#7694);
#6602=LINE('',#15628,#7695);
#6603=LINE('',#15630,#7696);
#6604=LINE('',#15632,#7697);
#6605=LINE('',#15634,#7698);
#6606=LINE('',#15636,#7699);
#6607=LINE('',#15638,#7700);
#6608=LINE('',#15640,#7701);
#6609=LINE('',#15642,#7702);
#6610=LINE('',#15644,#7703);
#6611=LINE('',#15646,#7704);
#6612=LINE('',#15648,#7705);
#6613=LINE('',#15650,#7706);
#6614=LINE('',#15652,#7707);
#6615=LINE('',#15654,#7708);
#6616=LINE('',#15656,#7709);
#6617=LINE('',#15658,#7710);
#6618=LINE('',#15660,#7711);
#6619=LINE('',#15662,#7712);
#6620=LINE('',#15664,#7713);
#6621=LINE('',#15666,#7714);
#6622=LINE('',#15668,#7715);
#6623=LINE('',#15670,#7716);
#6624=LINE('',#15672,#7717);
#6625=LINE('',#15674,#7718);
#6626=LINE('',#15676,#7719);
#6627=LINE('',#15678,#7720);
#6628=LINE('',#15680,#7721);
#6629=LINE('',#15682,#7722);
#6630=LINE('',#15684,#7723);
#6631=LINE('',#15686,#7724);
#6632=LINE('',#15688,#7725);
#6633=LINE('',#15689,#7726);
#6634=LINE('',#15692,#7727);
#6635=LINE('',#15694,#7728);
#6636=LINE('',#15696,#7729);
#6637=LINE('',#15698,#7730);
#6638=LINE('',#15700,#7731);
#6639=LINE('',#15702,#7732);
#6640=LINE('',#15704,#7733);
#6641=LINE('',#15706,#7734);
#6642=LINE('',#15708,#7735);
#6643=LINE('',#15710,#7736);
#6644=LINE('',#15712,#7737);
#6645=LINE('',#15714,#7738);
#6646=LINE('',#15716,#7739);
#6647=LINE('',#15718,#7740);
#6648=LINE('',#15720,#7741);
#6649=LINE('',#15722,#7742);
#6650=LINE('',#15724,#7743);
#6651=LINE('',#15726,#7744);
#6652=LINE('',#15728,#7745);
#6653=LINE('',#15730,#7746);
#6654=LINE('',#15732,#7747);
#6655=LINE('',#15734,#7748);
#6656=LINE('',#15736,#7749);
#6657=LINE('',#15738,#7750);
#6658=LINE('',#15740,#7751);
#6659=LINE('',#15742,#7752);
#6660=LINE('',#15744,#7753);
#6661=LINE('',#15746,#7754);
#6662=LINE('',#15748,#7755);
#6663=LINE('',#15750,#7756);
#6664=LINE('',#15752,#7757);
#6665=LINE('',#15754,#7758);
#6666=LINE('',#15756,#7759);
#6667=LINE('',#15758,#7760);
#6668=LINE('',#15760,#7761);
#6669=LINE('',#15762,#7762);
#6670=LINE('',#15764,#7763);
#6671=LINE('',#15766,#7764);
#6672=LINE('',#15768,#7765);
#6673=LINE('',#15770,#7766);
#6674=LINE('',#15772,#7767);
#6675=LINE('',#15774,#7768);
#6676=LINE('',#15776,#7769);
#6677=LINE('',#15778,#7770);
#6678=LINE('',#15780,#7771);
#6679=LINE('',#15782,#7772);
#6680=LINE('',#15784,#7773);
#6681=LINE('',#15786,#7774);
#6682=LINE('',#15788,#7775);
#6683=LINE('',#15790,#7776);
#6684=LINE('',#15792,#7777);
#6685=LINE('',#15794,#7778);
#6686=LINE('',#15797,#7779);
#6687=LINE('',#15799,#7780);
#6688=LINE('',#15801,#7781);
#6689=LINE('',#15803,#7782);
#6690=LINE('',#15805,#7783);
#6691=LINE('',#15807,#7784);
#6692=LINE('',#15809,#7785);
#6693=LINE('',#15811,#7786);
#6694=LINE('',#15813,#7787);
#6695=LINE('',#15815,#7788);
#6696=LINE('',#15817,#7789);
#6697=LINE('',#15819,#7790);
#6698=LINE('',#15821,#7791);
#6699=LINE('',#15823,#7792);
#6700=LINE('',#15825,#7793);
#6701=LINE('',#15827,#7794);
#6702=LINE('',#15829,#7795);
#6703=LINE('',#15831,#7796);
#6704=LINE('',#15833,#7797);
#6705=LINE('',#15835,#7798);
#6706=LINE('',#15837,#7799);
#6707=LINE('',#15839,#7800);
#6708=LINE('',#15841,#7801);
#6709=LINE('',#15843,#7802);
#6710=LINE('',#15845,#7803);
#6711=LINE('',#15847,#7804);
#6712=LINE('',#15850,#7805);
#6713=LINE('',#15852,#7806);
#6714=LINE('',#15854,#7807);
#6715=LINE('',#15856,#7808);
#6716=LINE('',#15858,#7809);
#6717=LINE('',#15860,#7810);
#6718=LINE('',#15862,#7811);
#6719=LINE('',#15864,#7812);
#6720=LINE('',#15866,#7813);
#6721=LINE('',#15868,#7814);
#6722=LINE('',#15871,#7815);
#6723=LINE('',#15873,#7816);
#6724=LINE('',#15875,#7817);
#6725=LINE('',#15877,#7818);
#6726=LINE('',#15879,#7819);
#6727=LINE('',#15881,#7820);
#6728=LINE('',#15884,#7821);
#6729=LINE('',#15886,#7822);
#6730=LINE('',#15888,#7823);
#6731=LINE('',#15890,#7824);
#6732=LINE('',#15892,#7825);
#6733=LINE('',#15894,#7826);
#6734=LINE('',#15896,#7827);
#6735=LINE('',#15898,#7828);
#6736=LINE('',#15900,#7829);
#6737=LINE('',#15902,#7830);
#6738=LINE('',#15904,#7831);
#6739=LINE('',#15906,#7832);
#6740=LINE('',#15908,#7833);
#6741=LINE('',#15910,#7834);
#6742=LINE('',#15912,#7835);
#6743=LINE('',#15914,#7836);
#6744=LINE('',#15916,#7837);
#6745=LINE('',#15918,#7838);
#6746=LINE('',#15920,#7839);
#6747=LINE('',#15922,#7840);
#6748=LINE('',#15924,#7841);
#6749=LINE('',#15926,#7842);
#6750=LINE('',#15928,#7843);
#6751=LINE('',#15930,#7844);
#6752=LINE('',#15933,#7845);
#6753=LINE('',#15935,#7846);
#6754=LINE('',#15937,#7847);
#6755=LINE('',#15939,#7848);
#6756=LINE('',#15941,#7849);
#6757=LINE('',#15943,#7850);
#6758=LINE('',#15945,#7851);
#6759=LINE('',#15947,#7852);
#6760=LINE('',#15949,#7853);
#6761=LINE('',#15951,#7854);
#6762=LINE('',#15953,#7855);
#6763=LINE('',#15955,#7856);
#6764=LINE('',#15957,#7857);
#6765=LINE('',#15959,#7858);
#6766=LINE('',#15961,#7859);
#6767=LINE('',#15963,#7860);
#6768=LINE('',#15965,#7861);
#6769=LINE('',#15967,#7862);
#6770=LINE('',#15969,#7863);
#6771=LINE('',#15971,#7864);
#6772=LINE('',#15973,#7865);
#6773=LINE('',#15975,#7866);
#6774=LINE('',#15977,#7867);
#6775=LINE('',#15979,#7868);
#6776=LINE('',#15981,#7869);
#6777=LINE('',#15983,#7870);
#6778=LINE('',#15985,#7871);
#6779=LINE('',#15987,#7872);
#6780=LINE('',#15989,#7873);
#6781=LINE('',#15991,#7874);
#6782=LINE('',#15993,#7875);
#6783=LINE('',#15995,#7876);
#6784=LINE('',#15997,#7877);
#6785=LINE('',#15999,#7878);
#6786=LINE('',#16001,#7879);
#6787=LINE('',#16003,#7880);
#6788=LINE('',#16005,#7881);
#6789=LINE('',#16007,#7882);
#6790=LINE('',#16009,#7883);
#6791=LINE('',#16011,#7884);
#6792=LINE('',#16014,#7885);
#6793=LINE('',#16016,#7886);
#6794=LINE('',#16018,#7887);
#6795=LINE('',#16020,#7888);
#6796=LINE('',#16022,#7889);
#6797=LINE('',#16024,#7890);
#6798=LINE('',#16026,#7891);
#6799=LINE('',#16028,#7892);
#6800=LINE('',#16030,#7893);
#6801=LINE('',#16032,#7894);
#6802=LINE('',#16034,#7895);
#6803=LINE('',#16036,#7896);
#6804=LINE('',#16037,#7897);
#6805=LINE('',#16039,#7898);
#6806=LINE('',#16041,#7899);
#6807=LINE('',#16043,#7900);
#6808=LINE('',#16045,#7901);
#6809=LINE('',#16047,#7902);
#6810=LINE('',#16049,#7903);
#6811=LINE('',#16051,#7904);
#6812=LINE('',#16053,#7905);
#6813=LINE('',#16055,#7906);
#6814=LINE('',#16057,#7907);
#6815=LINE('',#16059,#7908);
#6816=LINE('',#16061,#7909);
#6817=LINE('',#16063,#7910);
#6818=LINE('',#16065,#7911);
#6819=LINE('',#16067,#7912);
#6820=LINE('',#16069,#7913);
#6821=LINE('',#16071,#7914);
#6822=LINE('',#16073,#7915);
#6823=LINE('',#16075,#7916);
#6824=LINE('',#16077,#7917);
#6825=LINE('',#16079,#7918);
#6826=LINE('',#16081,#7919);
#6827=LINE('',#16083,#7920);
#6828=LINE('',#16085,#7921);
#6829=LINE('',#16088,#7922);
#6830=LINE('',#16089,#7923);
#6831=LINE('',#16091,#7924);
#6832=LINE('',#16093,#7925);
#6833=LINE('',#16095,#7926);
#6834=LINE('',#16097,#7927);
#6835=LINE('',#16099,#7928);
#6836=LINE('',#16101,#7929);
#6837=LINE('',#16103,#7930);
#6838=LINE('',#16105,#7931);
#6839=LINE('',#16108,#7932);
#6840=LINE('',#16109,#7933);
#6841=LINE('',#16111,#7934);
#6842=LINE('',#16113,#7935);
#6843=LINE('',#16115,#7936);
#6844=LINE('',#16117,#7937);
#6845=LINE('',#16120,#7938);
#6846=LINE('',#16121,#7939);
#6847=LINE('',#16123,#7940);
#6848=LINE('',#16125,#7941);
#6849=LINE('',#16127,#7942);
#6850=LINE('',#16129,#7943);
#6851=LINE('',#16131,#7944);
#6852=LINE('',#16133,#7945);
#6853=LINE('',#16135,#7946);
#6854=LINE('',#16137,#7947);
#6855=LINE('',#16139,#7948);
#6856=LINE('',#16141,#7949);
#6857=LINE('',#16143,#7950);
#6858=LINE('',#16145,#7951);
#6859=LINE('',#16147,#7952);
#6860=LINE('',#16149,#7953);
#6861=LINE('',#16151,#7954);
#6862=LINE('',#16153,#7955);
#6863=LINE('',#16155,#7956);
#6864=LINE('',#16157,#7957);
#6865=LINE('',#16159,#7958);
#6866=LINE('',#16161,#7959);
#6867=LINE('',#16163,#7960);
#6868=LINE('',#16165,#7961);
#6869=LINE('',#16168,#7962);
#6870=LINE('',#16169,#7963);
#6871=LINE('',#16171,#7964);
#6872=LINE('',#16173,#7965);
#6873=LINE('',#16175,#7966);
#6874=LINE('',#16177,#7967);
#6875=LINE('',#16179,#7968);
#6876=LINE('',#16181,#7969);
#6877=LINE('',#16183,#7970);
#6878=LINE('',#16185,#7971);
#6879=LINE('',#16187,#7972);
#6880=LINE('',#16189,#7973);
#6881=LINE('',#16191,#7974);
#6882=LINE('',#16193,#7975);
#6883=LINE('',#16195,#7976);
#6884=LINE('',#16197,#7977);
#6885=LINE('',#16199,#7978);
#6886=LINE('',#16201,#7979);
#6887=LINE('',#16203,#7980);
#6888=LINE('',#16205,#7981);
#6889=LINE('',#16207,#7982);
#6890=LINE('',#16209,#7983);
#6891=LINE('',#16211,#7984);
#6892=LINE('',#16213,#7985);
#6893=LINE('',#16215,#7986);
#6894=LINE('',#16217,#7987);
#6895=LINE('',#16219,#7988);
#6896=LINE('',#16221,#7989);
#6897=LINE('',#16223,#7990);
#6898=LINE('',#16225,#7991);
#6899=LINE('',#16227,#7992);
#6900=LINE('',#16229,#7993);
#6901=LINE('',#16231,#7994);
#6902=LINE('',#16233,#7995);
#6903=LINE('',#16235,#7996);
#6904=LINE('',#16237,#7997);
#6905=LINE('',#16239,#7998);
#6906=LINE('',#16241,#7999);
#6907=LINE('',#16243,#8000);
#6908=LINE('',#16245,#8001);
#6909=LINE('',#16248,#8002);
#6910=LINE('',#16249,#8003);
#6911=LINE('',#16251,#8004);
#6912=LINE('',#16253,#8005);
#6913=LINE('',#16255,#8006);
#6914=LINE('',#16257,#8007);
#6915=LINE('',#16259,#8008);
#6916=LINE('',#16261,#8009);
#6917=LINE('',#16263,#8010);
#6918=LINE('',#16265,#8011);
#6919=LINE('',#16267,#8012);
#6920=LINE('',#16269,#8013);
#6921=LINE('',#16272,#8014);
#6922=LINE('',#16274,#8015);
#6923=LINE('',#16276,#8016);
#6924=LINE('',#16278,#8017);
#6925=LINE('',#16280,#8018);
#6926=LINE('',#16282,#8019);
#6927=LINE('',#16284,#8020);
#6928=LINE('',#16286,#8021);
#6929=LINE('',#16288,#8022);
#6930=LINE('',#16290,#8023);
#6931=LINE('',#16292,#8024);
#6932=LINE('',#16294,#8025);
#6933=LINE('',#16296,#8026);
#6934=LINE('',#16298,#8027);
#6935=LINE('',#16300,#8028);
#6936=LINE('',#16302,#8029);
#6937=LINE('',#16304,#8030);
#6938=LINE('',#16306,#8031);
#6939=LINE('',#16308,#8032);
#6940=LINE('',#16310,#8033);
#6941=LINE('',#16312,#8034);
#6942=LINE('',#16314,#8035);
#6943=LINE('',#16316,#8036);
#6944=LINE('',#16318,#8037);
#6945=LINE('',#16320,#8038);
#6946=LINE('',#16322,#8039);
#6947=LINE('',#16324,#8040);
#6948=LINE('',#16326,#8041);
#6949=LINE('',#16328,#8042);
#6950=LINE('',#16330,#8043);
#6951=LINE('',#16332,#8044);
#6952=LINE('',#16334,#8045);
#6953=LINE('',#16336,#8046);
#6954=LINE('',#16338,#8047);
#6955=LINE('',#16340,#8048);
#6956=LINE('',#16342,#8049);
#6957=LINE('',#16344,#8050);
#6958=LINE('',#16346,#8051);
#6959=LINE('',#16348,#8052);
#6960=LINE('',#16350,#8053);
#6961=LINE('',#16352,#8054);
#6962=LINE('',#16355,#8055);
#6963=LINE('',#16357,#8056);
#6964=LINE('',#16359,#8057);
#6965=LINE('',#16361,#8058);
#6966=LINE('',#16363,#8059);
#6967=LINE('',#16365,#8060);
#6968=LINE('',#16368,#8061);
#6969=LINE('',#16370,#8062);
#6970=LINE('',#16372,#8063);
#6971=LINE('',#16374,#8064);
#6972=LINE('',#16376,#8065);
#6973=LINE('',#16378,#8066);
#6974=LINE('',#16380,#8067);
#6975=LINE('',#16382,#8068);
#6976=LINE('',#16384,#8069);
#6977=LINE('',#16386,#8070);
#6978=LINE('',#16388,#8071);
#6979=LINE('',#16390,#8072);
#6980=LINE('',#16392,#8073);
#6981=LINE('',#16394,#8074);
#6982=LINE('',#16396,#8075);
#6983=LINE('',#16398,#8076);
#6984=LINE('',#16400,#8077);
#6985=LINE('',#16402,#8078);
#6986=LINE('',#16404,#8079);
#6987=LINE('',#16406,#8080);
#6988=LINE('',#16408,#8081);
#6989=LINE('',#16410,#8082);
#6990=LINE('',#16412,#8083);
#6991=LINE('',#16414,#8084);
#6992=LINE('',#16417,#8085);
#6993=LINE('',#16419,#8086);
#6994=LINE('',#16421,#8087);
#6995=LINE('',#16423,#8088);
#6996=LINE('',#16425,#8089);
#6997=LINE('',#16427,#8090);
#6998=LINE('',#16429,#8091);
#6999=LINE('',#16431,#8092);
#7000=LINE('',#16433,#8093);
#7001=LINE('',#16435,#8094);
#7002=LINE('',#16437,#8095);
#7003=LINE('',#16439,#8096);
#7004=LINE('',#16441,#8097);
#7005=LINE('',#16443,#8098);
#7006=LINE('',#16445,#8099);
#7007=LINE('',#16447,#8100);
#7008=LINE('',#16449,#8101);
#7009=LINE('',#16451,#8102);
#7010=LINE('',#16453,#8103);
#7011=LINE('',#16455,#8104);
#7012=LINE('',#16457,#8105);
#7013=LINE('',#16459,#8106);
#7014=LINE('',#16461,#8107);
#7015=LINE('',#16463,#8108);
#7016=LINE('',#16465,#8109);
#7017=LINE('',#16467,#8110);
#7018=LINE('',#16469,#8111);
#7019=LINE('',#16471,#8112);
#7020=LINE('',#16473,#8113);
#7021=LINE('',#16475,#8114);
#7022=LINE('',#16477,#8115);
#7023=LINE('',#16479,#8116);
#7024=LINE('',#16481,#8117);
#7025=LINE('',#16483,#8118);
#7026=LINE('',#16485,#8119);
#7027=LINE('',#16487,#8120);
#7028=LINE('',#16489,#8121);
#7029=LINE('',#16491,#8122);
#7030=LINE('',#16493,#8123);
#7031=LINE('',#16495,#8124);
#7032=LINE('',#16498,#8125);
#7033=LINE('',#16500,#8126);
#7034=LINE('',#16502,#8127);
#7035=LINE('',#16504,#8128);
#7036=LINE('',#16506,#8129);
#7037=LINE('',#16508,#8130);
#7038=LINE('',#16510,#8131);
#7039=LINE('',#16512,#8132);
#7040=LINE('',#16514,#8133);
#7041=LINE('',#16516,#8134);
#7042=LINE('',#16518,#8135);
#7043=LINE('',#16520,#8136);
#7044=LINE('',#16521,#8137);
#7045=LINE('',#16523,#8138);
#7046=LINE('',#16525,#8139);
#7047=LINE('',#16527,#8140);
#7048=LINE('',#16529,#8141);
#7049=LINE('',#16532,#8142);
#7050=LINE('',#16533,#8143);
#7051=LINE('',#16535,#8144);
#7052=LINE('',#16537,#8145);
#7053=LINE('',#16539,#8146);
#7054=LINE('',#16541,#8147);
#7055=LINE('',#16543,#8148);
#7056=LINE('',#16545,#8149);
#7057=LINE('',#16547,#8150);
#7058=LINE('',#16549,#8151);
#7059=LINE('',#16551,#8152);
#7060=LINE('',#16553,#8153);
#7061=LINE('',#16555,#8154);
#7062=LINE('',#16557,#8155);
#7063=LINE('',#16559,#8156);
#7064=LINE('',#16561,#8157);
#7065=LINE('',#16563,#8158);
#7066=LINE('',#16565,#8159);
#7067=LINE('',#16567,#8160);
#7068=LINE('',#16569,#8161);
#7069=LINE('',#16571,#8162);
#7070=LINE('',#16573,#8163);
#7071=LINE('',#16575,#8164);
#7072=LINE('',#16577,#8165);
#7073=LINE('',#16580,#8166);
#7074=LINE('',#16581,#8167);
#7075=LINE('',#16583,#8168);
#7076=LINE('',#16585,#8169);
#7077=LINE('',#16587,#8170);
#7078=LINE('',#16589,#8171);
#7079=LINE('',#16591,#8172);
#7080=LINE('',#16593,#8173);
#7081=LINE('',#16595,#8174);
#7082=LINE('',#16597,#8175);
#7083=LINE('',#16599,#8176);
#7084=LINE('',#16601,#8177);
#7085=LINE('',#16603,#8178);
#7086=LINE('',#16605,#8179);
#7087=LINE('',#16607,#8180);
#7088=LINE('',#16609,#8181);
#7089=LINE('',#16611,#8182);
#7090=LINE('',#16613,#8183);
#7091=LINE('',#16615,#8184);
#7092=LINE('',#16617,#8185);
#7093=LINE('',#16619,#8186);
#7094=LINE('',#16621,#8187);
#7095=LINE('',#16623,#8188);
#7096=LINE('',#16625,#8189);
#7097=LINE('',#16627,#8190);
#7098=LINE('',#16629,#8191);
#7099=LINE('',#16631,#8192);
#7100=LINE('',#16633,#8193);
#7101=LINE('',#16635,#8194);
#7102=LINE('',#16637,#8195);
#7103=LINE('',#16639,#8196);
#7104=LINE('',#16641,#8197);
#7105=LINE('',#16643,#8198);
#7106=LINE('',#16645,#8199);
#7107=LINE('',#16647,#8200);
#7108=LINE('',#16649,#8201);
#7109=LINE('',#16651,#8202);
#7110=LINE('',#16653,#8203);
#7111=LINE('',#16655,#8204);
#7112=LINE('',#16657,#8205);
#7113=LINE('',#16660,#8206);
#7114=LINE('',#16661,#8207);
#7115=LINE('',#16663,#8208);
#7116=LINE('',#16665,#8209);
#7117=LINE('',#16667,#8210);
#7118=LINE('',#16669,#8211);
#7119=LINE('',#16671,#8212);
#7120=LINE('',#16673,#8213);
#7121=LINE('',#16675,#8214);
#7122=LINE('',#16677,#8215);
#7123=LINE('',#16679,#8216);
#7124=LINE('',#16681,#8217);
#7125=LINE('',#16684,#8218);
#7126=LINE('',#16686,#8219);
#7127=LINE('',#16688,#8220);
#7128=LINE('',#16690,#8221);
#7129=LINE('',#16692,#8222);
#7130=LINE('',#16694,#8223);
#7131=LINE('',#16696,#8224);
#7132=LINE('',#16700,#8225);
#7133=LINE('',#16702,#8226);
#7134=LINE('',#16704,#8227);
#7135=LINE('',#16708,#8228);
#7136=LINE('',#16710,#8229);
#7137=LINE('',#16713,#8230);
#7138=LINE('',#16716,#8231);
#7139=LINE('',#16717,#8232);
#7140=LINE('',#16719,#8233);
#7141=LINE('',#16721,#8234);
#7142=LINE('',#16723,#8235);
#7143=LINE('',#16727,#8236);
#7144=LINE('',#16731,#8237);
#7145=LINE('',#16733,#8238);
#7146=LINE('',#16735,#8239);
#7147=LINE('',#16737,#8240);
#7148=LINE('',#16739,#8241);
#7149=LINE('',#16747,#8242);
#7150=LINE('',#16755,#8243);
#7151=LINE('',#16799,#8244);
#7152=LINE('',#16802,#8245);
#7153=LINE('',#16804,#8246);
#7154=LINE('',#16806,#8247);
#7155=LINE('',#16808,#8248);
#7156=LINE('',#16809,#8249);
#7157=LINE('',#16813,#8250);
#7158=LINE('',#16815,#8251);
#7159=LINE('',#16819,#8252);
#7160=LINE('',#16823,#8253);
#7161=LINE('',#16827,#8254);
#7162=LINE('',#16831,#8255);
#7163=LINE('',#16835,#8256);
#7164=LINE('',#16839,#8257);
#7165=LINE('',#16845,#8258);
#7166=LINE('',#16849,#8259);
#7167=LINE('',#16853,#8260);
#7168=LINE('',#16860,#8261);
#7169=LINE('',#16864,#8262);
#7170=LINE('',#16870,#8263);
#7171=LINE('',#16874,#8264);
#7172=LINE('',#16878,#8265);
#7173=LINE('',#16889,#8266);
#7174=LINE('',#16893,#8267);
#7175=LINE('',#16900,#8268);
#7176=LINE('',#16904,#8269);
#7177=LINE('',#16912,#8270);
#7178=LINE('',#16916,#8271);
#7179=LINE('',#16924,#8272);
#7180=LINE('',#16928,#8273);
#7181=LINE('',#16937,#8274);
#7182=LINE('',#16938,#8275);
#7183=LINE('',#16940,#8276);
#7184=LINE('',#16962,#8277);
#7185=LINE('',#16969,#8278);
#7186=LINE('',#16971,#8279);
#7187=LINE('',#16973,#8280);
#7188=LINE('',#16975,#8281);
#7189=LINE('',#16985,#8282);
#7190=LINE('',#16999,#8283);
#7191=LINE('',#17000,#8284);
#7192=LINE('',#17015,#8285);
#7193=LINE('',#17016,#8286);
#7194=LINE('',#17025,#8287);
#7195=LINE('',#17029,#8288);
#7196=LINE('',#17031,#8289);
#7197=LINE('',#17035,#8290);
#7198=LINE('',#17037,#8291);
#7199=LINE('',#17041,#8292);
#7200=LINE('',#17046,#8293);
#7201=LINE('',#17048,#8294);
#7202=LINE('',#17052,#8295);
#7203=LINE('',#17054,#8296);
#7204=LINE('',#17058,#8297);
#7205=LINE('',#17059,#8298);
#7206=LINE('',#17064,#8299);
#7207=LINE('',#17066,#8300);
#7208=LINE('',#17070,#8301);
#7209=LINE('',#17072,#8302);
#7210=LINE('',#17076,#8303);
#7211=LINE('',#17077,#8304);
#7212=LINE('',#17081,#8305);
#7213=LINE('',#17089,#8306);
#7214=LINE('',#17090,#8307);
#7215=LINE('',#17092,#8308);
#7216=LINE('',#17098,#8309);
#7217=LINE('',#17100,#8310);
#7218=LINE('',#17105,#8311);
#7219=LINE('',#17113,#8312);
#7220=LINE('',#17117,#8313);
#7221=LINE('',#17119,#8314);
#7222=LINE('',#17123,#8315);
#7223=LINE('',#17125,#8316);
#7224=LINE('',#17129,#8317);
#7225=LINE('',#17137,#8318);
#7226=LINE('',#17141,#8319);
#7227=LINE('',#17143,#8320);
#7228=LINE('',#17146,#8321);
#7229=LINE('',#17150,#8322);
#7230=LINE('',#17158,#8323);
#7231=LINE('',#17162,#8324);
#7232=LINE('',#17164,#8325);
#7233=LINE('',#17168,#8326);
#7234=LINE('',#17172,#8327);
#7235=LINE('',#17174,#8328);
#7236=LINE('',#17176,#8329);
#7237=LINE('',#17180,#8330);
#7238=LINE('',#17182,#8331);
#7239=LINE('',#17184,#8332);
#7240=LINE('',#17188,#8333);
#7241=LINE('',#17190,#8334);
#7242=LINE('',#17192,#8335);
#7243=LINE('',#17198,#8336);
#7244=LINE('',#17200,#8337);
#7245=LINE('',#17202,#8338);
#7246=LINE('',#17206,#8339);
#7247=LINE('',#17208,#8340);
#7248=LINE('',#17210,#8341);
#7249=LINE('',#17212,#8342);
#7250=LINE('',#17215,#8343);
#7251=LINE('',#17217,#8344);
#7252=LINE('',#17219,#8345);
#7253=LINE('',#17223,#8346);
#7254=LINE('',#17225,#8347);
#7255=LINE('',#17227,#8348);
#7256=LINE('',#17229,#8349);
#7257=LINE('',#17232,#8350);
#7258=LINE('',#17234,#8351);
#7259=LINE('',#17236,#8352);
#7260=LINE('',#17240,#8353);
#7261=LINE('',#17242,#8354);
#7262=LINE('',#17244,#8355);
#7263=LINE('',#17246,#8356);
#7264=LINE('',#17253,#8357);
#7265=LINE('',#17255,#8358);
#7266=LINE('',#17257,#8359);
#7267=LINE('',#17297,#8360);
#7268=LINE('',#17303,#8361);
#7269=LINE('',#17311,#8362);
#7270=LINE('',#17313,#8363);
#7271=LINE('',#17320,#8364);
#7272=LINE('',#17325,#8365);
#7273=LINE('',#17327,#8366);
#7274=LINE('',#17329,#8367);
#7275=LINE('',#17337,#8368);
#7276=LINE('',#17347,#8369);
#7277=LINE('',#17352,#8370);
#7278=LINE('',#17356,#8371);
#7279=LINE('',#17360,#8372);
#7280=LINE('',#17365,#8373);
#7281=LINE('',#17376,#8374);
#7282=LINE('',#17389,#8375);
#7283=LINE('',#17397,#8376);
#7284=LINE('',#17399,#8377);
#7285=LINE('',#17401,#8378);
#7286=LINE('',#17405,#8379);
#7287=LINE('',#17413,#8380);
#7288=LINE('',#17415,#8381);
#7289=LINE('',#17417,#8382);
#7290=LINE('',#17421,#8383);
#7291=LINE('',#17429,#8384);
#7292=LINE('',#17431,#8385);
#7293=LINE('',#17432,#8386);
#7294=LINE('',#17467,#8387);
#7295=LINE('',#17475,#8388);
#7296=LINE('',#17479,#8389);
#7297=LINE('',#17481,#8390);
#7298=LINE('',#17483,#8391);
#7299=LINE('',#17485,#8392);
#7300=LINE('',#17493,#8393);
#7301=LINE('',#17506,#8394);
#7302=LINE('',#17514,#8395);
#7303=LINE('',#17522,#8396);
#7304=LINE('',#17526,#8397);
#7305=LINE('',#17534,#8398);
#7306=LINE('',#17535,#8399);
#7307=LINE('',#17536,#8400);
#7308=LINE('',#17538,#8401);
#7309=LINE('',#17590,#8402);
#7310=LINE('',#17597,#8403);
#7311=LINE('',#17605,#8404);
#7312=LINE('',#17606,#8405);
#7313=LINE('',#17609,#8406);
#7314=LINE('',#17611,#8407);
#7315=LINE('',#17625,#8408);
#7316=LINE('',#17627,#8409);
#7317=LINE('',#17629,#8410);
#7318=LINE('',#17641,#8411);
#7319=LINE('',#17648,#8412);
#7320=LINE('',#17652,#8413);
#7321=LINE('',#17656,#8414);
#7322=LINE('',#17686,#8415);
#7323=LINE('',#17694,#8416);
#7324=LINE('',#17696,#8417);
#7325=LINE('',#17705,#8418);
#7326=LINE('',#17707,#8419);
#7327=LINE('',#17709,#8420);
#7328=LINE('',#17720,#8421);
#7329=LINE('',#17729,#8422);
#7330=LINE('',#17737,#8423);
#7331=LINE('',#17739,#8424);
#7332=LINE('',#17741,#8425);
#7333=LINE('',#17749,#8426);
#7334=LINE('',#17757,#8427);
#7335=LINE('',#17759,#8428);
#7336=LINE('',#17761,#8429);
#7337=LINE('',#17778,#8430);
#7338=LINE('',#17780,#8431);
#7339=LINE('',#17796,#8432);
#7340=LINE('',#17799,#8433);
#7341=LINE('',#17801,#8434);
#7342=LINE('',#17803,#8435);
#7343=LINE('',#17805,#8436);
#7344=LINE('',#17807,#8437);
#7345=LINE('',#17809,#8438);
#7346=LINE('',#17811,#8439);
#7347=LINE('',#17820,#8440);
#7348=LINE('',#17830,#8441);
#7349=LINE('',#17832,#8442);
#7350=LINE('',#17834,#8443);
#7351=LINE('',#17836,#8444);
#7352=LINE('',#17837,#8445);
#7353=LINE('',#17845,#8446);
#7354=LINE('',#17886,#8447);
#7355=LINE('',#17892,#8448);
#7356=LINE('',#17900,#8449);
#7357=LINE('',#17902,#8450);
#7358=LINE('',#17904,#8451);
#7359=LINE('',#17905,#8452);
#7360=LINE('',#17910,#8453);
#7361=LINE('',#17916,#8454);
#7362=LINE('',#17926,#8455);
#7363=LINE('',#17928,#8456);
#7364=LINE('',#17930,#8457);
#7365=LINE('',#17932,#8458);
#7366=LINE('',#17933,#8459);
#7367=LINE('',#17941,#8460);
#7368=LINE('',#17982,#8461);
#7369=LINE('',#17988,#8462);
#7370=LINE('',#17996,#8463);
#7371=LINE('',#17998,#8464);
#7372=LINE('',#18000,#8465);
#7373=LINE('',#18001,#8466);
#7374=LINE('',#18006,#8467);
#7375=LINE('',#18012,#8468);
#7376=LINE('',#18020,#8469);
#7377=LINE('',#18026,#8470);
#7378=LINE('',#18028,#8471);
#7379=LINE('',#18030,#8472);
#7380=LINE('',#18031,#8473);
#7381=LINE('',#18036,#8474);
#7382=LINE('',#18038,#8475);
#7383=LINE('',#18040,#8476);
#7384=LINE('',#18046,#8477);
#7385=LINE('',#18052,#8478);
#7386=LINE('',#18058,#8479);
#7387=LINE('',#18060,#8480);
#7388=LINE('',#18062,#8481);
#7389=LINE('',#18068,#8482);
#7390=LINE('',#18074,#8483);
#7391=LINE('',#18080,#8484);
#7392=LINE('',#18082,#8485);
#7393=LINE('',#18084,#8486);
#7394=LINE('',#18094,#8487);
#7395=LINE('',#18096,#8488);
#7396=LINE('',#18097,#8489);
#7397=LINE('',#18117,#8490);
#7398=LINE('',#18125,#8491);
#7399=LINE('',#18133,#8492);
#7400=LINE('',#18135,#8493);
#7401=LINE('',#18137,#8494);
#7402=LINE('',#18139,#8495);
#7403=LINE('',#18143,#8496);
#7404=LINE('',#18147,#8497);
#7405=LINE('',#18151,#8498);
#7406=LINE('',#18153,#8499);
#7407=LINE('',#18155,#8500);
#7408=LINE('',#18159,#8501);
#7409=LINE('',#18161,#8502);
#7410=LINE('',#18163,#8503);
#7411=LINE('',#18173,#8504);
#7412=LINE('',#18175,#8505);
#7413=LINE('',#18177,#8506);
#7414=LINE('',#18181,#8507);
#7415=LINE('',#18186,#8508);
#7416=LINE('',#18188,#8509);
#7417=LINE('',#18193,#8510);
#7418=LINE('',#18195,#8511);
#7419=LINE('',#18197,#8512);
#7420=LINE('',#18212,#8513);
#7421=LINE('',#18220,#8514);
#7422=LINE('',#18222,#8515);
#7423=LINE('',#18229,#8516);
#7424=LINE('',#18237,#8517);
#7425=LINE('',#18253,#8518);
#7426=LINE('',#18255,#8519);
#7427=LINE('',#18257,#8520);
#7428=LINE('',#18265,#8521);
#7429=LINE('',#18267,#8522);
#7430=LINE('',#18277,#8523);
#7431=LINE('',#18279,#8524);
#7432=LINE('',#18281,#8525);
#7433=LINE('',#18287,#8526);
#7434=LINE('',#18292,#8527);
#7435=LINE('',#18300,#8528);
#7436=LINE('',#18302,#8529);
#7437=LINE('',#18309,#8530);
#7438=LINE('',#18317,#8531);
#7439=LINE('',#18325,#8532);
#7440=LINE('',#18335,#8533);
#7441=LINE('',#18345,#8534);
#7442=LINE('',#18347,#8535);
#7443=LINE('',#18349,#8536);
#7444=LINE('',#18357,#8537);
#7445=LINE('',#18359,#8538);
#7446=LINE('',#18361,#8539);
#7447=LINE('',#18367,#8540);
#7448=LINE('',#18374,#8541);
#7449=LINE('',#18375,#8542);
#7450=LINE('',#18377,#8543);
#7451=LINE('',#18379,#8544);
#7452=LINE('',#18381,#8545);
#7453=LINE('',#18383,#8546);
#7454=LINE('',#18385,#8547);
#7455=LINE('',#18387,#8548);
#7456=VECTOR('',#11939,1.);
#7457=VECTOR('',#11942,1.);
#7458=VECTOR('',#11945,1.);
#7459=VECTOR('',#11952,1.);
#7460=VECTOR('',#11955,1.);
#7461=VECTOR('',#11962,1.);
#7462=VECTOR('',#11969,1.);
#7463=VECTOR('',#11972,1.);
#7464=VECTOR('',#11975,1.);
#7465=VECTOR('',#11978,1.);
#7466=VECTOR('',#11979,1.);
#7467=VECTOR('',#11982,1.);
#7468=VECTOR('',#11983,1.);
#7469=VECTOR('',#11984,1.);
#7470=VECTOR('',#11987,1.);
#7471=VECTOR('',#11988,1.);
#7472=VECTOR('',#11989,1.);
#7473=VECTOR('',#11992,1.);
#7474=VECTOR('',#11993,1.);
#7475=VECTOR('',#11994,1.);
#7476=VECTOR('',#11995,1.);
#7477=VECTOR('',#11996,1.);
#7478=VECTOR('',#11997,1.);
#7479=VECTOR('',#11998,1.);
#7480=VECTOR('',#11999,1.);
#7481=VECTOR('',#12000,1.);
#7482=VECTOR('',#12003,1.);
#7483=VECTOR('',#12004,1.);
#7484=VECTOR('',#12005,1.);
#7485=VECTOR('',#12006,1.);
#7486=VECTOR('',#12007,1.);
#7487=VECTOR('',#12008,1.);
#7488=VECTOR('',#12009,1.);
#7489=VECTOR('',#12010,1.);
#7490=VECTOR('',#12011,1.);
#7491=VECTOR('',#12012,1.);
#7492=VECTOR('',#12013,1.);
#7493=VECTOR('',#12014,1.);
#7494=VECTOR('',#12015,1.);
#7495=VECTOR('',#12016,1.);
#7496=VECTOR('',#12017,1.);
#7497=VECTOR('',#12018,1.);
#7498=VECTOR('',#12019,1.);
#7499=VECTOR('',#12020,1.);
#7500=VECTOR('',#12021,1.);
#7501=VECTOR('',#12022,1.);
#7502=VECTOR('',#12025,1.);
#7503=VECTOR('',#12026,1.);
#7504=VECTOR('',#12027,1.);
#7505=VECTOR('',#12028,1.);
#7506=VECTOR('',#12029,1.);
#7507=VECTOR('',#12030,1.);
#7508=VECTOR('',#12031,1.);
#7509=VECTOR('',#12032,1.);
#7510=VECTOR('',#12033,1.);
#7511=VECTOR('',#12034,1.);
#7512=VECTOR('',#12035,1.);
#7513=VECTOR('',#12036,1.);
#7514=VECTOR('',#12037,1.);
#7515=VECTOR('',#12038,1.);
#7516=VECTOR('',#12039,1.);
#7517=VECTOR('',#12040,1.);
#7518=VECTOR('',#12041,1.);
#7519=VECTOR('',#12042,1.);
#7520=VECTOR('',#12043,1.);
#7521=VECTOR('',#12044,1.);
#7522=VECTOR('',#12049,1.);
#7523=VECTOR('',#12052,1.);
#7524=VECTOR('',#12053,1.);
#7525=VECTOR('',#12054,1.);
#7526=VECTOR('',#12057,1.);
#7527=VECTOR('',#12060,1.);
#7528=VECTOR('',#12061,1.);
#7529=VECTOR('',#12062,1.);
#7530=VECTOR('',#12063,1.);
#7531=VECTOR('',#12064,1.);
#7532=VECTOR('',#12065,1.);
#7533=VECTOR('',#12066,1.);
#7534=VECTOR('',#12067,1.);
#7535=VECTOR('',#12068,1.);
#7536=VECTOR('',#12069,1.);
#7537=VECTOR('',#12070,1.);
#7538=VECTOR('',#12071,1.);
#7539=VECTOR('',#12072,1.);
#7540=VECTOR('',#12073,1.);
#7541=VECTOR('',#12074,1.);
#7542=VECTOR('',#12075,1.);
#7543=VECTOR('',#12076,1.);
#7544=VECTOR('',#12077,1.);
#7545=VECTOR('',#12078,1.);
#7546=VECTOR('',#12079,1.);
#7547=VECTOR('',#12080,1.);
#7548=VECTOR('',#12081,1.);
#7549=VECTOR('',#12082,1.);
#7550=VECTOR('',#12083,1.);
#7551=VECTOR('',#12084,1.);
#7552=VECTOR('',#12085,1.);
#7553=VECTOR('',#12086,1.);
#7554=VECTOR('',#12087,1.);
#7555=VECTOR('',#12088,1.);
#7556=VECTOR('',#12089,1.);
#7557=VECTOR('',#12090,1.);
#7558=VECTOR('',#12091,1.);
#7559=VECTOR('',#12092,1.);
#7560=VECTOR('',#12093,1.);
#7561=VECTOR('',#12094,1.);
#7562=VECTOR('',#12095,1.);
#7563=VECTOR('',#12096,1.);
#7564=VECTOR('',#12097,1.);
#7565=VECTOR('',#12098,1.);
#7566=VECTOR('',#12099,1.);
#7567=VECTOR('',#12100,1.);
#7568=VECTOR('',#12101,1.);
#7569=VECTOR('',#12102,1.);
#7570=VECTOR('',#12103,1.);
#7571=VECTOR('',#12104,1.);
#7572=VECTOR('',#12105,1.);
#7573=VECTOR('',#12106,1.);
#7574=VECTOR('',#12107,1.);
#7575=VECTOR('',#12108,1.);
#7576=VECTOR('',#12109,1.);
#7577=VECTOR('',#12110,1.);
#7578=VECTOR('',#12111,1.);
#7579=VECTOR('',#12112,1.);
#7580=VECTOR('',#12113,1.);
#7581=VECTOR('',#12114,1.);
#7582=VECTOR('',#12115,1.);
#7583=VECTOR('',#12116,1.);
#7584=VECTOR('',#12117,1.);
#7585=VECTOR('',#12118,1.);
#7586=VECTOR('',#12119,1.);
#7587=VECTOR('',#12120,1.);
#7588=VECTOR('',#12121,1.);
#7589=VECTOR('',#12122,1.);
#7590=VECTOR('',#12123,1.);
#7591=VECTOR('',#12124,1.);
#7592=VECTOR('',#12125,1.);
#7593=VECTOR('',#12126,1.);
#7594=VECTOR('',#12127,1.);
#7595=VECTOR('',#12128,1.);
#7596=VECTOR('',#12129,1.);
#7597=VECTOR('',#12130,1.);
#7598=VECTOR('',#12131,1.);
#7599=VECTOR('',#12132,1.);
#7600=VECTOR('',#12133,1.);
#7601=VECTOR('',#12134,1.);
#7602=VECTOR('',#12135,1.);
#7603=VECTOR('',#12136,1.);
#7604=VECTOR('',#12137,1.);
#7605=VECTOR('',#12138,1.);
#7606=VECTOR('',#12139,1.);
#7607=VECTOR('',#12140,1.);
#7608=VECTOR('',#12141,1.);
#7609=VECTOR('',#12142,1.);
#7610=VECTOR('',#12143,1.);
#7611=VECTOR('',#12144,1.);
#7612=VECTOR('',#12145,1.);
#7613=VECTOR('',#12146,1.);
#7614=VECTOR('',#12147,1.);
#7615=VECTOR('',#12148,1.);
#7616=VECTOR('',#12149,1.);
#7617=VECTOR('',#12150,1.);
#7618=VECTOR('',#12151,1.);
#7619=VECTOR('',#12152,1.);
#7620=VECTOR('',#12153,1.);
#7621=VECTOR('',#12154,1.);
#7622=VECTOR('',#12155,1.);
#7623=VECTOR('',#12156,1.);
#7624=VECTOR('',#12157,1.);
#7625=VECTOR('',#12158,1.);
#7626=VECTOR('',#12159,1.);
#7627=VECTOR('',#12160,1.);
#7628=VECTOR('',#12161,1.);
#7629=VECTOR('',#12162,1.);
#7630=VECTOR('',#12163,1.);
#7631=VECTOR('',#12164,1.);
#7632=VECTOR('',#12165,1.);
#7633=VECTOR('',#12166,1.);
#7634=VECTOR('',#12167,1.);
#7635=VECTOR('',#12168,1.);
#7636=VECTOR('',#12169,1.);
#7637=VECTOR('',#12170,1.);
#7638=VECTOR('',#12171,1.);
#7639=VECTOR('',#12172,1.);
#7640=VECTOR('',#12173,1.);
#7641=VECTOR('',#12174,1.);
#7642=VECTOR('',#12175,1.);
#7643=VECTOR('',#12176,1.);
#7644=VECTOR('',#12177,1.);
#7645=VECTOR('',#12178,1.);
#7646=VECTOR('',#12179,1.);
#7647=VECTOR('',#12184,1.);
#7648=VECTOR('',#12187,1.);
#7649=VECTOR('',#12192,1.);
#7650=VECTOR('',#12195,1.);
#7651=VECTOR('',#12196,1.);
#7652=VECTOR('',#12199,1.);
#7653=VECTOR('',#12202,1.);
#7654=VECTOR('',#12203,1.);
#7655=VECTOR('',#12204,1.);
#7656=VECTOR('',#12205,1.);
#7657=VECTOR('',#12206,1.);
#7658=VECTOR('',#12207,1.);
#7659=VECTOR('',#12208,1.);
#7660=VECTOR('',#12209,1.);
#7661=VECTOR('',#12210,1.);
#7662=VECTOR('',#12211,1.);
#7663=VECTOR('',#12212,1.);
#7664=VECTOR('',#12213,1.);
#7665=VECTOR('',#12214,1.);
#7666=VECTOR('',#12215,1.);
#7667=VECTOR('',#12216,1.);
#7668=VECTOR('',#12217,1.);
#7669=VECTOR('',#12218,1.);
#7670=VECTOR('',#12219,1.);
#7671=VECTOR('',#12220,1.);
#7672=VECTOR('',#12221,1.);
#7673=VECTOR('',#12222,1.);
#7674=VECTOR('',#12223,1.);
#7675=VECTOR('',#12224,1.);
#7676=VECTOR('',#12225,1.);
#7677=VECTOR('',#12226,1.);
#7678=VECTOR('',#12227,1.);
#7679=VECTOR('',#12228,1.);
#7680=VECTOR('',#12229,1.);
#7681=VECTOR('',#12230,1.);
#7682=VECTOR('',#12231,1.);
#7683=VECTOR('',#12232,1.);
#7684=VECTOR('',#12233,1.);
#7685=VECTOR('',#12234,1.);
#7686=VECTOR('',#12235,1.);
#7687=VECTOR('',#12236,1.);
#7688=VECTOR('',#12237,1.);
#7689=VECTOR('',#12238,1.);
#7690=VECTOR('',#12239,1.);
#7691=VECTOR('',#12240,1.);
#7692=VECTOR('',#12241,1.);
#7693=VECTOR('',#12242,1.);
#7694=VECTOR('',#12243,1.);
#7695=VECTOR('',#12244,1.);
#7696=VECTOR('',#12245,1.);
#7697=VECTOR('',#12246,1.);
#7698=VECTOR('',#12247,1.);
#7699=VECTOR('',#12248,1.);
#7700=VECTOR('',#12249,1.);
#7701=VECTOR('',#12250,1.);
#7702=VECTOR('',#12251,1.);
#7703=VECTOR('',#12252,1.);
#7704=VECTOR('',#12253,1.);
#7705=VECTOR('',#12254,1.);
#7706=VECTOR('',#12255,1.);
#7707=VECTOR('',#12256,1.);
#7708=VECTOR('',#12257,1.);
#7709=VECTOR('',#12258,1.);
#7710=VECTOR('',#12259,1.);
#7711=VECTOR('',#12260,1.);
#7712=VECTOR('',#12261,1.);
#7713=VECTOR('',#12262,1.);
#7714=VECTOR('',#12263,1.);
#7715=VECTOR('',#12264,1.);
#7716=VECTOR('',#12265,1.);
#7717=VECTOR('',#12266,1.);
#7718=VECTOR('',#12267,1.);
#7719=VECTOR('',#12268,1.);
#7720=VECTOR('',#12269,1.);
#7721=VECTOR('',#12270,1.);
#7722=VECTOR('',#12271,1.);
#7723=VECTOR('',#12272,1.);
#7724=VECTOR('',#12273,1.);
#7725=VECTOR('',#12274,1.);
#7726=VECTOR('',#12275,1.);
#7727=VECTOR('',#12276,1.);
#7728=VECTOR('',#12277,1.);
#7729=VECTOR('',#12278,1.);
#7730=VECTOR('',#12279,1.);
#7731=VECTOR('',#12280,1.);
#7732=VECTOR('',#12281,1.);
#7733=VECTOR('',#12282,1.);
#7734=VECTOR('',#12283,1.);
#7735=VECTOR('',#12284,1.);
#7736=VECTOR('',#12285,1.);
#7737=VECTOR('',#12286,1.);
#7738=VECTOR('',#12289,1.);
#7739=VECTOR('',#12290,1.);
#7740=VECTOR('',#12291,1.);
#7741=VECTOR('',#12294,1.);
#7742=VECTOR('',#12295,1.);
#7743=VECTOR('',#12298,1.);
#7744=VECTOR('',#12299,1.);
#7745=VECTOR('',#12302,1.);
#7746=VECTOR('',#12303,1.);
#7747=VECTOR('',#12306,1.);
#7748=VECTOR('',#12307,1.);
#7749=VECTOR('',#12310,1.);
#7750=VECTOR('',#12311,1.);
#7751=VECTOR('',#12314,1.);
#7752=VECTOR('',#12315,1.);
#7753=VECTOR('',#12318,1.);
#7754=VECTOR('',#12319,1.);
#7755=VECTOR('',#12322,1.);
#7756=VECTOR('',#12323,1.);
#7757=VECTOR('',#12326,1.);
#7758=VECTOR('',#12327,1.);
#7759=VECTOR('',#12330,1.);
#7760=VECTOR('',#12331,1.);
#7761=VECTOR('',#12334,1.);
#7762=VECTOR('',#12335,1.);
#7763=VECTOR('',#12338,1.);
#7764=VECTOR('',#12339,1.);
#7765=VECTOR('',#12342,1.);
#7766=VECTOR('',#12343,1.);
#7767=VECTOR('',#12346,1.);
#7768=VECTOR('',#12347,1.);
#7769=VECTOR('',#12350,1.);
#7770=VECTOR('',#12351,1.);
#7771=VECTOR('',#12354,1.);
#7772=VECTOR('',#12355,1.);
#7773=VECTOR('',#12358,1.);
#7774=VECTOR('',#12359,1.);
#7775=VECTOR('',#12362,1.);
#7776=VECTOR('',#12363,1.);
#7777=VECTOR('',#12366,1.);
#7778=VECTOR('',#12369,1.);
#7779=VECTOR('',#12370,1.);
#7780=VECTOR('',#12371,1.);
#7781=VECTOR('',#12372,1.);
#7782=VECTOR('',#12373,1.);
#7783=VECTOR('',#12374,1.);
#7784=VECTOR('',#12375,1.);
#7785=VECTOR('',#12376,1.);
#7786=VECTOR('',#12377,1.);
#7787=VECTOR('',#12378,1.);
#7788=VECTOR('',#12379,1.);
#7789=VECTOR('',#12380,1.);
#7790=VECTOR('',#12381,1.);
#7791=VECTOR('',#12382,1.);
#7792=VECTOR('',#12383,1.);
#7793=VECTOR('',#12384,1.);
#7794=VECTOR('',#12385,1.);
#7795=VECTOR('',#12386,1.);
#7796=VECTOR('',#12387,1.);
#7797=VECTOR('',#12388,1.);
#7798=VECTOR('',#12389,1.);
#7799=VECTOR('',#12390,1.);
#7800=VECTOR('',#12391,1.);
#7801=VECTOR('',#12392,1.);
#7802=VECTOR('',#12393,1.);
#7803=VECTOR('',#12394,1.);
#7804=VECTOR('',#12397,1.);
#7805=VECTOR('',#12398,1.);
#7806=VECTOR('',#12399,1.);
#7807=VECTOR('',#12400,1.);
#7808=VECTOR('',#12401,1.);
#7809=VECTOR('',#12402,1.);
#7810=VECTOR('',#12403,1.);
#7811=VECTOR('',#12404,1.);
#7812=VECTOR('',#12405,1.);
#7813=VECTOR('',#12406,1.);
#7814=VECTOR('',#12409,1.);
#7815=VECTOR('',#12410,1.);
#7816=VECTOR('',#12411,1.);
#7817=VECTOR('',#12412,1.);
#7818=VECTOR('',#12413,1.);
#7819=VECTOR('',#12414,1.);
#7820=VECTOR('',#12417,1.);
#7821=VECTOR('',#12418,1.);
#7822=VECTOR('',#12419,1.);
#7823=VECTOR('',#12420,1.);
#7824=VECTOR('',#12421,1.);
#7825=VECTOR('',#12422,1.);
#7826=VECTOR('',#12423,1.);
#7827=VECTOR('',#12424,1.);
#7828=VECTOR('',#12425,1.);
#7829=VECTOR('',#12426,1.);
#7830=VECTOR('',#12427,1.);
#7831=VECTOR('',#12428,1.);
#7832=VECTOR('',#12429,1.);
#7833=VECTOR('',#12430,1.);
#7834=VECTOR('',#12431,1.);
#7835=VECTOR('',#12432,1.);
#7836=VECTOR('',#12433,1.);
#7837=VECTOR('',#12434,1.);
#7838=VECTOR('',#12435,1.);
#7839=VECTOR('',#12436,1.);
#7840=VECTOR('',#12437,1.);
#7841=VECTOR('',#12438,1.);
#7842=VECTOR('',#12439,1.);
#7843=VECTOR('',#12440,1.);
#7844=VECTOR('',#12443,1.);
#7845=VECTOR('',#12444,1.);
#7846=VECTOR('',#12445,1.);
#7847=VECTOR('',#12446,1.);
#7848=VECTOR('',#12447,1.);
#7849=VECTOR('',#12448,1.);
#7850=VECTOR('',#12449,1.);
#7851=VECTOR('',#12450,1.);
#7852=VECTOR('',#12451,1.);
#7853=VECTOR('',#12452,1.);
#7854=VECTOR('',#12453,1.);
#7855=VECTOR('',#12454,1.);
#7856=VECTOR('',#12455,1.);
#7857=VECTOR('',#12456,1.);
#7858=VECTOR('',#12457,1.);
#7859=VECTOR('',#12458,1.);
#7860=VECTOR('',#12459,1.);
#7861=VECTOR('',#12460,1.);
#7862=VECTOR('',#12461,1.);
#7863=VECTOR('',#12462,1.);
#7864=VECTOR('',#12463,1.);
#7865=VECTOR('',#12464,1.);
#7866=VECTOR('',#12465,1.);
#7867=VECTOR('',#12466,1.);
#7868=VECTOR('',#12467,1.);
#7869=VECTOR('',#12468,1.);
#7870=VECTOR('',#12469,1.);
#7871=VECTOR('',#12470,1.);
#7872=VECTOR('',#12471,1.);
#7873=VECTOR('',#12472,1.);
#7874=VECTOR('',#12473,1.);
#7875=VECTOR('',#12474,1.);
#7876=VECTOR('',#12475,1.);
#7877=VECTOR('',#12476,1.);
#7878=VECTOR('',#12477,1.);
#7879=VECTOR('',#12478,1.);
#7880=VECTOR('',#12479,1.);
#7881=VECTOR('',#12480,1.);
#7882=VECTOR('',#12481,1.);
#7883=VECTOR('',#12482,1.);
#7884=VECTOR('',#12485,1.);
#7885=VECTOR('',#12486,1.);
#7886=VECTOR('',#12487,1.);
#7887=VECTOR('',#12488,1.);
#7888=VECTOR('',#12489,1.);
#7889=VECTOR('',#12490,1.);
#7890=VECTOR('',#12491,1.);
#7891=VECTOR('',#12492,1.);
#7892=VECTOR('',#12493,1.);
#7893=VECTOR('',#12494,1.);
#7894=VECTOR('',#12495,1.);
#7895=VECTOR('',#12496,1.);
#7896=VECTOR('',#12499,1.);
#7897=VECTOR('',#12500,1.);
#7898=VECTOR('',#12503,1.);
#7899=VECTOR('',#12506,1.);
#7900=VECTOR('',#12509,1.);
#7901=VECTOR('',#12512,1.);
#7902=VECTOR('',#12515,1.);
#7903=VECTOR('',#12518,1.);
#7904=VECTOR('',#12521,1.);
#7905=VECTOR('',#12524,1.);
#7906=VECTOR('',#12527,1.);
#7907=VECTOR('',#12530,1.);
#7908=VECTOR('',#12533,1.);
#7909=VECTOR('',#12536,1.);
#7910=VECTOR('',#12539,1.);
#7911=VECTOR('',#12542,1.);
#7912=VECTOR('',#12545,1.);
#7913=VECTOR('',#12548,1.);
#7914=VECTOR('',#12551,1.);
#7915=VECTOR('',#12554,1.);
#7916=VECTOR('',#12557,1.);
#7917=VECTOR('',#12560,1.);
#7918=VECTOR('',#12563,1.);
#7919=VECTOR('',#12566,1.);
#7920=VECTOR('',#12569,1.);
#7921=VECTOR('',#12572,1.);
#7922=VECTOR('',#12577,1.);
#7923=VECTOR('',#12578,1.);
#7924=VECTOR('',#12581,1.);
#7925=VECTOR('',#12584,1.);
#7926=VECTOR('',#12587,1.);
#7927=VECTOR('',#12590,1.);
#7928=VECTOR('',#12593,1.);
#7929=VECTOR('',#12596,1.);
#7930=VECTOR('',#12599,1.);
#7931=VECTOR('',#12602,1.);
#7932=VECTOR('',#12607,1.);
#7933=VECTOR('',#12608,1.);
#7934=VECTOR('',#12611,1.);
#7935=VECTOR('',#12614,1.);
#7936=VECTOR('',#12617,1.);
#7937=VECTOR('',#12620,1.);
#7938=VECTOR('',#12625,1.);
#7939=VECTOR('',#12626,1.);
#7940=VECTOR('',#12629,1.);
#7941=VECTOR('',#12632,1.);
#7942=VECTOR('',#12635,1.);
#7943=VECTOR('',#12638,1.);
#7944=VECTOR('',#12641,1.);
#7945=VECTOR('',#12644,1.);
#7946=VECTOR('',#12647,1.);
#7947=VECTOR('',#12650,1.);
#7948=VECTOR('',#12653,1.);
#7949=VECTOR('',#12656,1.);
#7950=VECTOR('',#12659,1.);
#7951=VECTOR('',#12662,1.);
#7952=VECTOR('',#12665,1.);
#7953=VECTOR('',#12668,1.);
#7954=VECTOR('',#12671,1.);
#7955=VECTOR('',#12674,1.);
#7956=VECTOR('',#12677,1.);
#7957=VECTOR('',#12680,1.);
#7958=VECTOR('',#12683,1.);
#7959=VECTOR('',#12686,1.);
#7960=VECTOR('',#12689,1.);
#7961=VECTOR('',#12692,1.);
#7962=VECTOR('',#12697,1.);
#7963=VECTOR('',#12698,1.);
#7964=VECTOR('',#12701,1.);
#7965=VECTOR('',#12704,1.);
#7966=VECTOR('',#12707,1.);
#7967=VECTOR('',#12710,1.);
#7968=VECTOR('',#12713,1.);
#7969=VECTOR('',#12716,1.);
#7970=VECTOR('',#12719,1.);
#7971=VECTOR('',#12722,1.);
#7972=VECTOR('',#12725,1.);
#7973=VECTOR('',#12728,1.);
#7974=VECTOR('',#12731,1.);
#7975=VECTOR('',#12734,1.);
#7976=VECTOR('',#12737,1.);
#7977=VECTOR('',#12740,1.);
#7978=VECTOR('',#12743,1.);
#7979=VECTOR('',#12746,1.);
#7980=VECTOR('',#12749,1.);
#7981=VECTOR('',#12752,1.);
#7982=VECTOR('',#12755,1.);
#7983=VECTOR('',#12758,1.);
#7984=VECTOR('',#12761,1.);
#7985=VECTOR('',#12764,1.);
#7986=VECTOR('',#12767,1.);
#7987=VECTOR('',#12770,1.);
#7988=VECTOR('',#12773,1.);
#7989=VECTOR('',#12776,1.);
#7990=VECTOR('',#12779,1.);
#7991=VECTOR('',#12782,1.);
#7992=VECTOR('',#12785,1.);
#7993=VECTOR('',#12788,1.);
#7994=VECTOR('',#12791,1.);
#7995=VECTOR('',#12794,1.);
#7996=VECTOR('',#12797,1.);
#7997=VECTOR('',#12800,1.);
#7998=VECTOR('',#12803,1.);
#7999=VECTOR('',#12806,1.);
#8000=VECTOR('',#12809,1.);
#8001=VECTOR('',#12812,1.);
#8002=VECTOR('',#12817,1.);
#8003=VECTOR('',#12818,1.);
#8004=VECTOR('',#12821,1.);
#8005=VECTOR('',#12824,1.);
#8006=VECTOR('',#12827,1.);
#8007=VECTOR('',#12830,1.);
#8008=VECTOR('',#12833,1.);
#8009=VECTOR('',#12836,1.);
#8010=VECTOR('',#12839,1.);
#8011=VECTOR('',#12842,1.);
#8012=VECTOR('',#12845,1.);
#8013=VECTOR('',#12848,1.);
#8014=VECTOR('',#12853,1.);
#8015=VECTOR('',#12854,1.);
#8016=VECTOR('',#12855,1.);
#8017=VECTOR('',#12858,1.);
#8018=VECTOR('',#12859,1.);
#8019=VECTOR('',#12862,1.);
#8020=VECTOR('',#12863,1.);
#8021=VECTOR('',#12866,1.);
#8022=VECTOR('',#12867,1.);
#8023=VECTOR('',#12870,1.);
#8024=VECTOR('',#12871,1.);
#8025=VECTOR('',#12874,1.);
#8026=VECTOR('',#12875,1.);
#8027=VECTOR('',#12878,1.);
#8028=VECTOR('',#12879,1.);
#8029=VECTOR('',#12882,1.);
#8030=VECTOR('',#12883,1.);
#8031=VECTOR('',#12886,1.);
#8032=VECTOR('',#12887,1.);
#8033=VECTOR('',#12890,1.);
#8034=VECTOR('',#12891,1.);
#8035=VECTOR('',#12894,1.);
#8036=VECTOR('',#12895,1.);
#8037=VECTOR('',#12898,1.);
#8038=VECTOR('',#12899,1.);
#8039=VECTOR('',#12902,1.);
#8040=VECTOR('',#12903,1.);
#8041=VECTOR('',#12906,1.);
#8042=VECTOR('',#12907,1.);
#8043=VECTOR('',#12910,1.);
#8044=VECTOR('',#12911,1.);
#8045=VECTOR('',#12914,1.);
#8046=VECTOR('',#12915,1.);
#8047=VECTOR('',#12918,1.);
#8048=VECTOR('',#12919,1.);
#8049=VECTOR('',#12922,1.);
#8050=VECTOR('',#12923,1.);
#8051=VECTOR('',#12926,1.);
#8052=VECTOR('',#12927,1.);
#8053=VECTOR('',#12930,1.);
#8054=VECTOR('',#12933,1.);
#8055=VECTOR('',#12934,1.);
#8056=VECTOR('',#12935,1.);
#8057=VECTOR('',#12936,1.);
#8058=VECTOR('',#12937,1.);
#8059=VECTOR('',#12938,1.);
#8060=VECTOR('',#12941,1.);
#8061=VECTOR('',#12942,1.);
#8062=VECTOR('',#12943,1.);
#8063=VECTOR('',#12944,1.);
#8064=VECTOR('',#12945,1.);
#8065=VECTOR('',#12946,1.);
#8066=VECTOR('',#12947,1.);
#8067=VECTOR('',#12948,1.);
#8068=VECTOR('',#12949,1.);
#8069=VECTOR('',#12950,1.);
#8070=VECTOR('',#12951,1.);
#8071=VECTOR('',#12952,1.);
#8072=VECTOR('',#12953,1.);
#8073=VECTOR('',#12954,1.);
#8074=VECTOR('',#12955,1.);
#8075=VECTOR('',#12956,1.);
#8076=VECTOR('',#12957,1.);
#8077=VECTOR('',#12958,1.);
#8078=VECTOR('',#12959,1.);
#8079=VECTOR('',#12960,1.);
#8080=VECTOR('',#12961,1.);
#8081=VECTOR('',#12962,1.);
#8082=VECTOR('',#12963,1.);
#8083=VECTOR('',#12964,1.);
#8084=VECTOR('',#12967,1.);
#8085=VECTOR('',#12968,1.);
#8086=VECTOR('',#12969,1.);
#8087=VECTOR('',#12970,1.);
#8088=VECTOR('',#12971,1.);
#8089=VECTOR('',#12972,1.);
#8090=VECTOR('',#12973,1.);
#8091=VECTOR('',#12974,1.);
#8092=VECTOR('',#12975,1.);
#8093=VECTOR('',#12976,1.);
#8094=VECTOR('',#12977,1.);
#8095=VECTOR('',#12978,1.);
#8096=VECTOR('',#12979,1.);
#8097=VECTOR('',#12980,1.);
#8098=VECTOR('',#12981,1.);
#8099=VECTOR('',#12982,1.);
#8100=VECTOR('',#12983,1.);
#8101=VECTOR('',#12984,1.);
#8102=VECTOR('',#12985,1.);
#8103=VECTOR('',#12986,1.);
#8104=VECTOR('',#12987,1.);
#8105=VECTOR('',#12988,1.);
#8106=VECTOR('',#12989,1.);
#8107=VECTOR('',#12990,1.);
#8108=VECTOR('',#12991,1.);
#8109=VECTOR('',#12992,1.);
#8110=VECTOR('',#12993,1.);
#8111=VECTOR('',#12994,1.);
#8112=VECTOR('',#12995,1.);
#8113=VECTOR('',#12996,1.);
#8114=VECTOR('',#12997,1.);
#8115=VECTOR('',#12998,1.);
#8116=VECTOR('',#12999,1.);
#8117=VECTOR('',#13000,1.);
#8118=VECTOR('',#13001,1.);
#8119=VECTOR('',#13002,1.);
#8120=VECTOR('',#13003,1.);
#8121=VECTOR('',#13004,1.);
#8122=VECTOR('',#13005,1.);
#8123=VECTOR('',#13006,1.);
#8124=VECTOR('',#13009,1.);
#8125=VECTOR('',#13010,1.);
#8126=VECTOR('',#13011,1.);
#8127=VECTOR('',#13012,1.);
#8128=VECTOR('',#13013,1.);
#8129=VECTOR('',#13014,1.);
#8130=VECTOR('',#13015,1.);
#8131=VECTOR('',#13016,1.);
#8132=VECTOR('',#13017,1.);
#8133=VECTOR('',#13018,1.);
#8134=VECTOR('',#13019,1.);
#8135=VECTOR('',#13020,1.);
#8136=VECTOR('',#13023,1.);
#8137=VECTOR('',#13024,1.);
#8138=VECTOR('',#13027,1.);
#8139=VECTOR('',#13030,1.);
#8140=VECTOR('',#13033,1.);
#8141=VECTOR('',#13036,1.);
#8142=VECTOR('',#13041,1.);
#8143=VECTOR('',#13042,1.);
#8144=VECTOR('',#13045,1.);
#8145=VECTOR('',#13048,1.);
#8146=VECTOR('',#13051,1.);
#8147=VECTOR('',#13054,1.);
#8148=VECTOR('',#13057,1.);
#8149=VECTOR('',#13060,1.);
#8150=VECTOR('',#13063,1.);
#8151=VECTOR('',#13066,1.);
#8152=VECTOR('',#13069,1.);
#8153=VECTOR('',#13072,1.);
#8154=VECTOR('',#13075,1.);
#8155=VECTOR('',#13078,1.);
#8156=VECTOR('',#13081,1.);
#8157=VECTOR('',#13084,1.);
#8158=VECTOR('',#13087,1.);
#8159=VECTOR('',#13090,1.);
#8160=VECTOR('',#13093,1.);
#8161=VECTOR('',#13096,1.);
#8162=VECTOR('',#13099,1.);
#8163=VECTOR('',#13102,1.);
#8164=VECTOR('',#13105,1.);
#8165=VECTOR('',#13108,1.);
#8166=VECTOR('',#13113,1.);
#8167=VECTOR('',#13114,1.);
#8168=VECTOR('',#13117,1.);
#8169=VECTOR('',#13120,1.);
#8170=VECTOR('',#13123,1.);
#8171=VECTOR('',#13126,1.);
#8172=VECTOR('',#13129,1.);
#8173=VECTOR('',#13132,1.);
#8174=VECTOR('',#13135,1.);
#8175=VECTOR('',#13138,1.);
#8176=VECTOR('',#13141,1.);
#8177=VECTOR('',#13144,1.);
#8178=VECTOR('',#13147,1.);
#8179=VECTOR('',#13150,1.);
#8180=VECTOR('',#13153,1.);
#8181=VECTOR('',#13156,1.);
#8182=VECTOR('',#13159,1.);
#8183=VECTOR('',#13162,1.);
#8184=VECTOR('',#13165,1.);
#8185=VECTOR('',#13168,1.);
#8186=VECTOR('',#13171,1.);
#8187=VECTOR('',#13174,1.);
#8188=VECTOR('',#13177,1.);
#8189=VECTOR('',#13180,1.);
#8190=VECTOR('',#13183,1.);
#8191=VECTOR('',#13186,1.);
#8192=VECTOR('',#13189,1.);
#8193=VECTOR('',#13192,1.);
#8194=VECTOR('',#13195,1.);
#8195=VECTOR('',#13198,1.);
#8196=VECTOR('',#13201,1.);
#8197=VECTOR('',#13204,1.);
#8198=VECTOR('',#13207,1.);
#8199=VECTOR('',#13210,1.);
#8200=VECTOR('',#13213,1.);
#8201=VECTOR('',#13216,1.);
#8202=VECTOR('',#13219,1.);
#8203=VECTOR('',#13222,1.);
#8204=VECTOR('',#13225,1.);
#8205=VECTOR('',#13228,1.);
#8206=VECTOR('',#13233,1.);
#8207=VECTOR('',#13234,1.);
#8208=VECTOR('',#13237,1.);
#8209=VECTOR('',#13240,1.);
#8210=VECTOR('',#13243,1.);
#8211=VECTOR('',#13246,1.);
#8212=VECTOR('',#13249,1.);
#8213=VECTOR('',#13252,1.);
#8214=VECTOR('',#13255,1.);
#8215=VECTOR('',#13258,1.);
#8216=VECTOR('',#13261,1.);
#8217=VECTOR('',#13264,1.);
#8218=VECTOR('',#13269,1.);
#8219=VECTOR('',#13270,1.);
#8220=VECTOR('',#13271,1.);
#8221=VECTOR('',#13274,1.);
#8222=VECTOR('',#13275,1.);
#8223=VECTOR('',#13278,1.);
#8224=VECTOR('',#13279,1.);
#8225=VECTOR('',#13284,1.);
#8226=VECTOR('',#13287,1.);
#8227=VECTOR('',#13288,1.);
#8228=VECTOR('',#13293,1.);
#8229=VECTOR('',#13296,1.);
#8230=VECTOR('',#13301,1.);
#8231=VECTOR('',#13302,1.);
#8232=VECTOR('',#13303,1.);
#8233=VECTOR('',#13306,1.);
#8234=VECTOR('',#13307,1.);
#8235=VECTOR('',#13310,1.);
#8236=VECTOR('',#13313,1.);
#8237=VECTOR('',#13316,1.);
#8238=VECTOR('',#13319,1.);
#8239=VECTOR('',#13322,1.);
#8240=VECTOR('',#13325,1.);
#8241=VECTOR('',#13328,1.);
#8242=VECTOR('',#13333,1.);
#8243=VECTOR('',#13344,1.);
#8244=VECTOR('',#13355,1.);
#8245=VECTOR('',#13356,1.);
#8246=VECTOR('',#13357,1.);
#8247=VECTOR('',#13358,1.);
#8248=VECTOR('',#13359,1.);
#8249=VECTOR('',#13360,1.);
#8250=VECTOR('',#13365,1.);
#8251=VECTOR('',#13368,1.);
#8252=VECTOR('',#13371,1.);
#8253=VECTOR('',#13374,1.);
#8254=VECTOR('',#13377,1.);
#8255=VECTOR('',#13380,1.);
#8256=VECTOR('',#13383,1.);
#8257=VECTOR('',#13386,1.);
#8258=VECTOR('',#13393,1.);
#8259=VECTOR('',#13396,1.);
#8260=VECTOR('',#13399,1.);
#8261=VECTOR('',#13408,1.);
#8262=VECTOR('',#13411,1.);
#8263=VECTOR('',#13418,1.);
#8264=VECTOR('',#13421,1.);
#8265=VECTOR('',#13424,1.);
#8266=VECTOR('',#13439,1.);
#8267=VECTOR('',#13442,1.);
#8268=VECTOR('',#13451,1.);
#8269=VECTOR('',#13454,1.);
#8270=VECTOR('',#13461,1.);
#8271=VECTOR('',#13464,1.);
#8272=VECTOR('',#13471,1.);
#8273=VECTOR('',#13474,1.);
#8274=VECTOR('',#13483,1.);
#8275=VECTOR('',#13484,1.);
#8276=VECTOR('',#13487,1.);
#8277=VECTOR('',#13506,1.);
#8278=VECTOR('',#13509,1.);
#8279=VECTOR('',#13510,1.);
#8280=VECTOR('',#13511,1.);
#8281=VECTOR('',#13512,1.);
#8282=VECTOR('',#13517,1.);
#8283=VECTOR('',#13522,1.);
#8284=VECTOR('',#13523,1.);
#8285=VECTOR('',#13528,1.);
#8286=VECTOR('',#13529,1.);
#8287=VECTOR('',#13534,1.);
#8288=VECTOR('',#13539,1.);
#8289=VECTOR('',#13540,1.);
#8290=VECTOR('',#13543,1.);
#8291=VECTOR('',#13544,1.);
#8292=VECTOR('',#13547,1.);
#8293=VECTOR('',#13552,1.);
#8294=VECTOR('',#13553,1.);
#8295=VECTOR('',#13556,1.);
#8296=VECTOR('',#13557,1.);
#8297=VECTOR('',#13560,1.);
#8298=VECTOR('',#13561,1.);
#8299=VECTOR('',#13566,1.);
#8300=VECTOR('',#13567,1.);
#8301=VECTOR('',#13570,1.);
#8302=VECTOR('',#13571,1.);
#8303=VECTOR('',#13574,1.);
#8304=VECTOR('',#13575,1.);
#8305=VECTOR('',#13580,1.);
#8306=VECTOR('',#13583,1.);
#8307=VECTOR('',#13584,1.);
#8308=VECTOR('',#13585,1.);
#8309=VECTOR('',#13592,1.);
#8310=VECTOR('',#13595,1.);
#8311=VECTOR('',#13598,1.);
#8312=VECTOR('',#13605,1.);
#8313=VECTOR('',#13608,1.);
#8314=VECTOR('',#13609,1.);
#8315=VECTOR('',#13612,1.);
#8316=VECTOR('',#13613,1.);
#8317=VECTOR('',#13616,1.);
#8318=VECTOR('',#13623,1.);
#8319=VECTOR('',#13626,1.);
#8320=VECTOR('',#13627,1.);
#8321=VECTOR('',#13630,1.);
#8322=VECTOR('',#13633,1.);
#8323=VECTOR('',#13640,1.);
#8324=VECTOR('',#13643,1.);
#8325=VECTOR('',#13644,1.);
#8326=VECTOR('',#13647,1.);
#8327=VECTOR('',#13650,1.);
#8328=VECTOR('',#13651,1.);
#8329=VECTOR('',#13652,1.);
#8330=VECTOR('',#13655,1.);
#8331=VECTOR('',#13656,1.);
#8332=VECTOR('',#13657,1.);
#8333=VECTOR('',#13660,1.);
#8334=VECTOR('',#13661,1.);
#8335=VECTOR('',#13662,1.);
#8336=VECTOR('',#13669,1.);
#8337=VECTOR('',#13670,1.);
#8338=VECTOR('',#13671,1.);
#8339=VECTOR('',#13676,1.);
#8340=VECTOR('',#13679,1.);
#8341=VECTOR('',#13680,1.);
#8342=VECTOR('',#13683,1.);
#8343=VECTOR('',#13688,1.);
#8344=VECTOR('',#13689,1.);
#8345=VECTOR('',#13690,1.);
#8346=VECTOR('',#13695,1.);
#8347=VECTOR('',#13698,1.);
#8348=VECTOR('',#13699,1.);
#8349=VECTOR('',#13702,1.);
#8350=VECTOR('',#13707,1.);
#8351=VECTOR('',#13708,1.);
#8352=VECTOR('',#13709,1.);
#8353=VECTOR('',#13714,1.);
#8354=VECTOR('',#13717,1.);
#8355=VECTOR('',#13718,1.);
#8356=VECTOR('',#13721,1.);
#8357=VECTOR('',#13730,1.);
#8358=VECTOR('',#13733,1.);
#8359=VECTOR('',#13734,1.);
#8360=VECTOR('',#13767,1.);
#8361=VECTOR('',#13776,1.);
#8362=VECTOR('',#13787,1.);
#8363=VECTOR('',#13788,1.);
#8364=VECTOR('',#13799,1.);
#8365=VECTOR('',#13806,1.);
#8366=VECTOR('',#13809,1.);
#8367=VECTOR('',#13810,1.);
#8368=VECTOR('',#13823,1.);
#8369=VECTOR('',#13838,1.);
#8370=VECTOR('',#13841,1.);
#8371=VECTOR('',#13846,1.);
#8372=VECTOR('',#13851,1.);
#8373=VECTOR('',#13854,1.);
#8374=VECTOR('',#13871,1.);
#8375=VECTOR('',#13892,1.);
#8376=VECTOR('',#13903,1.);
#8377=VECTOR('',#13906,1.);
#8378=VECTOR('',#13907,1.);
#8379=VECTOR('',#13912,1.);
#8380=VECTOR('',#13923,1.);
#8381=VECTOR('',#13926,1.);
#8382=VECTOR('',#13927,1.);
#8383=VECTOR('',#13932,1.);
#8384=VECTOR('',#13943,1.);
#8385=VECTOR('',#13946,1.);
#8386=VECTOR('',#13947,1.);
#8387=VECTOR('',#13966,1.);
#8388=VECTOR('',#13977,1.);
#8389=VECTOR('',#13980,1.);
#8390=VECTOR('',#13983,1.);
#8391=VECTOR('',#13984,1.);
#8392=VECTOR('',#13985,1.);
#8393=VECTOR('',#13998,1.);
#8394=VECTOR('',#14019,1.);
#8395=VECTOR('',#14030,1.);
#8396=VECTOR('',#14041,1.);
#8397=VECTOR('',#14044,1.);
#8398=VECTOR('',#14047,1.);
#8399=VECTOR('',#14048,1.);
#8400=VECTOR('',#14049,1.);
#8401=VECTOR('',#14052,1.);
#8402=VECTOR('',#14095,1.);
#8403=VECTOR('',#14108,1.);
#8404=VECTOR('',#14119,1.);
#8405=VECTOR('',#14120,1.);
#8406=VECTOR('',#14125,1.);
#8407=VECTOR('',#14126,1.);
#8408=VECTOR('',#14151,1.);
#8409=VECTOR('',#14154,1.);
#8410=VECTOR('',#14155,1.);
#8411=VECTOR('',#14178,1.);
#8412=VECTOR('',#14181,1.);
#8413=VECTOR('',#14186,1.);
#8414=VECTOR('',#14191,1.);
#8415=VECTOR('',#14232,1.);
#8416=VECTOR('',#14243,1.);
#8417=VECTOR('',#14244,1.);
#8418=VECTOR('',#14257,1.);
#8419=VECTOR('',#14260,1.);
#8420=VECTOR('',#14261,1.);
#8421=VECTOR('',#14282,1.);
#8422=VECTOR('',#14297,1.);
#8423=VECTOR('',#14308,1.);
#8424=VECTOR('',#14311,1.);
#8425=VECTOR('',#14312,1.);
#8426=VECTOR('',#14325,1.);
#8427=VECTOR('',#14336,1.);
#8428=VECTOR('',#14339,1.);
#8429=VECTOR('',#14340,1.);
#8430=VECTOR('',#14369,1.);
#8431=VECTOR('',#14370,1.);
#8432=VECTOR('',#14391,1.);
#8433=VECTOR('',#14392,1.);
#8434=VECTOR('',#14393,1.);
#8435=VECTOR('',#14394,1.);
#8436=VECTOR('',#14395,1.);
#8437=VECTOR('',#14396,1.);
#8438=VECTOR('',#14397,1.);
#8439=VECTOR('',#14398,1.);
#8440=VECTOR('',#14413,1.);
#8441=VECTOR('',#14426,1.);
#8442=VECTOR('',#14429,1.);
#8443=VECTOR('',#14430,1.);
#8444=VECTOR('',#14431,1.);
#8445=VECTOR('',#14432,1.);
#8446=VECTOR('',#14433,1.);
#8447=VECTOR('',#14446,1.);
#8448=VECTOR('',#14455,1.);
#8449=VECTOR('',#14466,1.);
#8450=VECTOR('',#14469,1.);
#8451=VECTOR('',#14470,1.);
#8452=VECTOR('',#14471,1.);
#8453=VECTOR('',#14478,1.);
#8454=VECTOR('',#14487,1.);
#8455=VECTOR('',#14500,1.);
#8456=VECTOR('',#14503,1.);
#8457=VECTOR('',#14504,1.);
#8458=VECTOR('',#14505,1.);
#8459=VECTOR('',#14506,1.);
#8460=VECTOR('',#14507,1.);
#8461=VECTOR('',#14520,1.);
#8462=VECTOR('',#14529,1.);
#8463=VECTOR('',#14540,1.);
#8464=VECTOR('',#14543,1.);
#8465=VECTOR('',#14544,1.);
#8466=VECTOR('',#14545,1.);
#8467=VECTOR('',#14552,1.);
#8468=VECTOR('',#14561,1.);
#8469=VECTOR('',#14572,1.);
#8470=VECTOR('',#14581,1.);
#8471=VECTOR('',#14584,1.);
#8472=VECTOR('',#14585,1.);
#8473=VECTOR('',#14586,1.);
#8474=VECTOR('',#14593,1.);
#8475=VECTOR('',#14596,1.);
#8476=VECTOR('',#14597,1.);
#8477=VECTOR('',#14608,1.);
#8478=VECTOR('',#14617,1.);
#8479=VECTOR('',#14626,1.);
#8480=VECTOR('',#14629,1.);
#8481=VECTOR('',#14630,1.);
#8482=VECTOR('',#14641,1.);
#8483=VECTOR('',#14650,1.);
#8484=VECTOR('',#14659,1.);
#8485=VECTOR('',#14662,1.);
#8486=VECTOR('',#14663,1.);
#8487=VECTOR('',#14678,1.);
#8488=VECTOR('',#14681,1.);
#8489=VECTOR('',#14682,1.);
#8490=VECTOR('',#14713,1.);
#8491=VECTOR('',#14724,1.);
#8492=VECTOR('',#14735,1.);
#8493=VECTOR('',#14738,1.);
#8494=VECTOR('',#14739,1.);
#8495=VECTOR('',#14740,1.);
#8496=VECTOR('',#14745,1.);
#8497=VECTOR('',#14750,1.);
#8498=VECTOR('',#14755,1.);
#8499=VECTOR('',#14758,1.);
#8500=VECTOR('',#14759,1.);
#8501=VECTOR('',#14764,1.);
#8502=VECTOR('',#14767,1.);
#8503=VECTOR('',#14768,1.);
#8504=VECTOR('',#14783,1.);
#8505=VECTOR('',#14786,1.);
#8506=VECTOR('',#14787,1.);
#8507=VECTOR('',#14792,1.);
#8508=VECTOR('',#14795,1.);
#8509=VECTOR('',#14796,1.);
#8510=VECTOR('',#14801,1.);
#8511=VECTOR('',#14802,1.);
#8512=VECTOR('',#14803,1.);
#8513=VECTOR('',#14830,1.);
#8514=VECTOR('',#14841,1.);
#8515=VECTOR('',#14842,1.);
#8516=VECTOR('',#14853,1.);
#8517=VECTOR('',#14864,1.);
#8518=VECTOR('',#14887,1.);
#8519=VECTOR('',#14890,1.);
#8520=VECTOR('',#14891,1.);
#8521=VECTOR('',#14904,1.);
#8522=VECTOR('',#14907,1.);
#8523=VECTOR('',#14922,1.);
#8524=VECTOR('',#14925,1.);
#8525=VECTOR('',#14926,1.);
#8526=VECTOR('',#14937,1.);
#8527=VECTOR('',#14944,1.);
#8528=VECTOR('',#14955,1.);
#8529=VECTOR('',#14956,1.);
#8530=VECTOR('',#14967,1.);
#8531=VECTOR('',#14978,1.);
#8532=VECTOR('',#14989,1.);
#8533=VECTOR('',#15004,1.);
#8534=VECTOR('',#15019,1.);
#8535=VECTOR('',#15022,1.);
#8536=VECTOR('',#15023,1.);
#8537=VECTOR('',#15036,1.);
#8538=VECTOR('',#15039,1.);
#8539=VECTOR('',#15040,1.);
#8540=VECTOR('',#15051,1.);
#8541=VECTOR('',#15064,1.);
#8542=VECTOR('',#15065,1.);
#8543=VECTOR('',#15068,1.);
#8544=VECTOR('',#15071,1.);
#8545=VECTOR('',#15074,1.);
#8546=VECTOR('',#15077,1.);
#8547=VECTOR('',#15080,1.);
#8548=VECTOR('',#15083,1.);
#8549=EDGE_LOOP('',(#766,#767,#768,#769,#770,#771,#772,#773));
#8550=EDGE_LOOP('',(#774,#775,#776,#777,#778,#779,#780,#781));
#8551=EDGE_LOOP('',(#782,#783,#784,#785,#786,#787,#788,#789));
#8552=EDGE_LOOP('',(#790,#791,#792,#793,#794,#795,#796,#797,#798,#799,#800,
#801));
#8553=EDGE_LOOP('',(#802,#803,#804,#805,#806,#807,#808,#809));
#8554=EDGE_LOOP('',(#810,#811,#812,#813,#814,#815,#816,#817,#818,#819,#820,
#821,#822,#823,#824,#825,#826,#827,#828,#829));
#8555=EDGE_LOOP('',(#830,#831,#832,#833,#834,#835,#836,#837,#838,#839,#840,
#841,#842,#843,#844,#845,#846,#847,#848,#849));
#8556=EDGE_LOOP('',(#850,#851,#852,#853));
#8557=EDGE_LOOP('',(#854,#855,#856,#857,#858,#859,#860));
#8558=EDGE_LOOP('',(#861,#862,#863,#864,#865,#866,#867,#868,#869,#870,#871,
#872,#873,#874,#875,#876,#877,#878,#879,#880,#881,#882,#883,#884,#885,#886));
#8559=EDGE_LOOP('',(#887,#888,#889,#890,#891,#892,#893,#894,#895,#896));
#8560=EDGE_LOOP('',(#897,#898,#899,#900,#901,#902));
#8561=EDGE_LOOP('',(#903,#904,#905,#906,#907,#908,#909,#910,#911,#912,#913,
#914,#915,#916,#917,#918,#919,#920,#921,#922,#923,#924,#925,#926));
#8562=EDGE_LOOP('',(#927,#928,#929,#930,#931,#932,#933,#934,#935,#936,#937,
#938,#939,#940,#941,#942,#943,#944,#945,#946,#947,#948,#949,#950,#951,#952,
#953,#954,#955,#956,#957,#958,#959,#960,#961,#962,#963,#964,#965,#966));
#8563=EDGE_LOOP('',(#967,#968,#969,#970,#971,#972,#973,#974,#975,#976,#977,
#978));
#8564=EDGE_LOOP('',(#979,#980,#981,#982));
#8565=EDGE_LOOP('',(#983,#984,#985,#986));
#8566=EDGE_LOOP('',(#987,#988,#989,#990,#991,#992,#993));
#8567=EDGE_LOOP('',(#994,#995,#996,#997,#998,#999));
#8568=EDGE_LOOP('',(#1000,#1001,#1002,#1003,#1004,#1005,#1006,#1007,#1008,
#1009,#1010,#1011,#1012,#1013,#1014,#1015,#1016,#1017,#1018,#1019,#1020,
#1021,#1022,#1023));
#8569=EDGE_LOOP('',(#1024,#1025,#1026,#1027,#1028,#1029,#1030,#1031,#1032,
#1033,#1034,#1035,#1036,#1037,#1038,#1039,#1040,#1041,#1042,#1043,#1044,
#1045,#1046,#1047,#1048,#1049,#1050,#1051,#1052,#1053,#1054,#1055,#1056,
#1057,#1058,#1059,#1060,#1061,#1062,#1063));
#8570=EDGE_LOOP('',(#1064,#1065,#1066,#1067,#1068,#1069,#1070,#1071,#1072,
#1073,#1074,#1075));
#8571=EDGE_LOOP('',(#1076,#1077,#1078,#1079));
#8572=EDGE_LOOP('',(#1080,#1081,#1082,#1083));
#8573=EDGE_LOOP('',(#1084,#1085,#1086,#1087));
#8574=EDGE_LOOP('',(#1088,#1089,#1090,#1091));
#8575=EDGE_LOOP('',(#1092,#1093,#1094,#1095));
#8576=EDGE_LOOP('',(#1096,#1097,#1098,#1099));
#8577=EDGE_LOOP('',(#1100,#1101,#1102,#1103));
#8578=EDGE_LOOP('',(#1104,#1105,#1106,#1107));
#8579=EDGE_LOOP('',(#1108,#1109,#1110,#1111));
#8580=EDGE_LOOP('',(#1112,#1113,#1114,#1115));
#8581=EDGE_LOOP('',(#1116,#1117,#1118,#1119));
#8582=EDGE_LOOP('',(#1120,#1121,#1122,#1123));
#8583=EDGE_LOOP('',(#1124,#1125,#1126,#1127));
#8584=EDGE_LOOP('',(#1128,#1129,#1130,#1131));
#8585=EDGE_LOOP('',(#1132,#1133,#1134,#1135));
#8586=EDGE_LOOP('',(#1136,#1137,#1138,#1139));
#8587=EDGE_LOOP('',(#1140,#1141,#1142,#1143));
#8588=EDGE_LOOP('',(#1144,#1145,#1146,#1147));
#8589=EDGE_LOOP('',(#1148,#1149,#1150,#1151));
#8590=EDGE_LOOP('',(#1152,#1153,#1154,#1155));
#8591=EDGE_LOOP('',(#1156,#1157,#1158,#1159,#1160,#1161,#1162,#1163,#1164,
#1165,#1166,#1167,#1168,#1169,#1170,#1171,#1172,#1173,#1174,#1175,#1176,
#1177,#1178,#1179,#1180,#1181));
#8592=EDGE_LOOP('',(#1182,#1183,#1184,#1185,#1186,#1187,#1188,#1189,#1190,
#1191));
#8593=EDGE_LOOP('',(#1192,#1193,#1194,#1195,#1196,#1197));
#8594=EDGE_LOOP('',(#1198,#1199,#1200,#1201,#1202,#1203,#1204,#1205,#1206,
#1207,#1208,#1209,#1210,#1211,#1212,#1213,#1214,#1215,#1216,#1217,#1218,
#1219,#1220,#1221));
#8595=EDGE_LOOP('',(#1222,#1223,#1224,#1225,#1226,#1227,#1228,#1229,#1230,
#1231,#1232,#1233,#1234,#1235,#1236,#1237,#1238,#1239,#1240,#1241));
#8596=EDGE_LOOP('',(#1242,#1243,#1244,#1245,#1246,#1247,#1248,#1249,#1250,
#1251,#1252,#1253,#1254,#1255,#1256,#1257,#1258,#1259,#1260,#1261,#1262,
#1263,#1264,#1265,#1266,#1267,#1268,#1269,#1270,#1271,#1272,#1273,#1274,
#1275,#1276,#1277,#1278,#1279,#1280,#1281));
#8597=EDGE_LOOP('',(#1282,#1283,#1284,#1285,#1286,#1287,#1288,#1289,#1290,
#1291,#1292,#1293));
#8598=EDGE_LOOP('',(#1294,#1295,#1296,#1297));
#8599=EDGE_LOOP('',(#1298,#1299,#1300,#1301));
#8600=EDGE_LOOP('',(#1302,#1303,#1304,#1305));
#8601=EDGE_LOOP('',(#1306,#1307,#1308,#1309));
#8602=EDGE_LOOP('',(#1310,#1311,#1312,#1313));
#8603=EDGE_LOOP('',(#1314,#1315,#1316,#1317));
#8604=EDGE_LOOP('',(#1318,#1319,#1320,#1321));
#8605=EDGE_LOOP('',(#1322,#1323,#1324,#1325));
#8606=EDGE_LOOP('',(#1326,#1327,#1328,#1329));
#8607=EDGE_LOOP('',(#1330,#1331,#1332,#1333));
#8608=EDGE_LOOP('',(#1334,#1335,#1336,#1337));
#8609=EDGE_LOOP('',(#1338,#1339,#1340,#1341));
#8610=EDGE_LOOP('',(#1342,#1343,#1344,#1345));
#8611=EDGE_LOOP('',(#1346,#1347,#1348,#1349));
#8612=EDGE_LOOP('',(#1350,#1351,#1352,#1353));
#8613=EDGE_LOOP('',(#1354,#1355,#1356,#1357));
#8614=EDGE_LOOP('',(#1358,#1359,#1360,#1361));
#8615=EDGE_LOOP('',(#1362,#1363,#1364,#1365));
#8616=EDGE_LOOP('',(#1366,#1367,#1368,#1369));
#8617=EDGE_LOOP('',(#1370,#1371,#1372,#1373));
#8618=EDGE_LOOP('',(#1374,#1375,#1376,#1377));
#8619=EDGE_LOOP('',(#1378,#1379,#1380,#1381));
#8620=EDGE_LOOP('',(#1382,#1383,#1384,#1385));
#8621=EDGE_LOOP('',(#1386,#1387,#1388,#1389));
#8622=EDGE_LOOP('',(#1390,#1391,#1392,#1393));
#8623=EDGE_LOOP('',(#1394,#1395,#1396,#1397));
#8624=EDGE_LOOP('',(#1398,#1399,#1400,#1401));
#8625=EDGE_LOOP('',(#1402,#1403,#1404,#1405));
#8626=EDGE_LOOP('',(#1406,#1407,#1408,#1409));
#8627=EDGE_LOOP('',(#1410,#1411,#1412,#1413));
#8628=EDGE_LOOP('',(#1414,#1415,#1416,#1417));
#8629=EDGE_LOOP('',(#1418,#1419,#1420,#1421));
#8630=EDGE_LOOP('',(#1422,#1423,#1424,#1425));
#8631=EDGE_LOOP('',(#1426,#1427,#1428,#1429));
#8632=EDGE_LOOP('',(#1430,#1431,#1432,#1433));
#8633=EDGE_LOOP('',(#1434,#1435,#1436,#1437));
#8634=EDGE_LOOP('',(#1438,#1439,#1440,#1441));
#8635=EDGE_LOOP('',(#1442,#1443,#1444,#1445));
#8636=EDGE_LOOP('',(#1446,#1447,#1448,#1449));
#8637=EDGE_LOOP('',(#1450,#1451,#1452,#1453));
#8638=EDGE_LOOP('',(#1454,#1455,#1456,#1457));
#8639=EDGE_LOOP('',(#1458,#1459,#1460,#1461));
#8640=EDGE_LOOP('',(#1462,#1463,#1464,#1465));
#8641=EDGE_LOOP('',(#1466,#1467,#1468,#1469));
#8642=EDGE_LOOP('',(#1470,#1471,#1472,#1473));
#8643=EDGE_LOOP('',(#1474,#1475,#1476,#1477));
#8644=EDGE_LOOP('',(#1478,#1479,#1480,#1481));
#8645=EDGE_LOOP('',(#1482,#1483,#1484,#1485));
#8646=EDGE_LOOP('',(#1486,#1487,#1488,#1489));
#8647=EDGE_LOOP('',(#1490,#1491,#1492,#1493));
#8648=EDGE_LOOP('',(#1494,#1495,#1496,#1497));
#8649=EDGE_LOOP('',(#1498,#1499,#1500,#1501));
#8650=EDGE_LOOP('',(#1502,#1503,#1504,#1505));
#8651=EDGE_LOOP('',(#1506,#1507,#1508,#1509));
#8652=EDGE_LOOP('',(#1510,#1511,#1512,#1513));
#8653=EDGE_LOOP('',(#1514,#1515,#1516,#1517));
#8654=EDGE_LOOP('',(#1518,#1519,#1520,#1521));
#8655=EDGE_LOOP('',(#1522,#1523,#1524,#1525));
#8656=EDGE_LOOP('',(#1526,#1527,#1528,#1529));
#8657=EDGE_LOOP('',(#1530,#1531,#1532,#1533));
#8658=EDGE_LOOP('',(#1534,#1535,#1536,#1537));
#8659=EDGE_LOOP('',(#1538,#1539,#1540,#1541));
#8660=EDGE_LOOP('',(#1542,#1543,#1544,#1545));
#8661=EDGE_LOOP('',(#1546,#1547,#1548,#1549));
#8662=EDGE_LOOP('',(#1550,#1551,#1552,#1553));
#8663=EDGE_LOOP('',(#1554,#1555,#1556,#1557));
#8664=EDGE_LOOP('',(#1558,#1559,#1560,#1561));
#8665=EDGE_LOOP('',(#1562,#1563,#1564,#1565));
#8666=EDGE_LOOP('',(#1566,#1567,#1568,#1569));
#8667=EDGE_LOOP('',(#1570,#1571,#1572,#1573));
#8668=EDGE_LOOP('',(#1574,#1575,#1576,#1577));
#8669=EDGE_LOOP('',(#1578,#1579,#1580,#1581));
#8670=EDGE_LOOP('',(#1582,#1583,#1584,#1585));
#8671=EDGE_LOOP('',(#1586,#1587,#1588,#1589));
#8672=EDGE_LOOP('',(#1590,#1591,#1592,#1593));
#8673=EDGE_LOOP('',(#1594,#1595,#1596,#1597));
#8674=EDGE_LOOP('',(#1598,#1599,#1600,#1601));
#8675=EDGE_LOOP('',(#1602,#1603,#1604,#1605));
#8676=EDGE_LOOP('',(#1606,#1607,#1608,#1609));
#8677=EDGE_LOOP('',(#1610,#1611,#1612,#1613));
#8678=EDGE_LOOP('',(#1614,#1615,#1616,#1617));
#8679=EDGE_LOOP('',(#1618,#1619,#1620,#1621));
#8680=EDGE_LOOP('',(#1622,#1623,#1624,#1625));
#8681=EDGE_LOOP('',(#1626,#1627,#1628,#1629));
#8682=EDGE_LOOP('',(#1630,#1631,#1632,#1633));
#8683=EDGE_LOOP('',(#1634,#1635,#1636,#1637));
#8684=EDGE_LOOP('',(#1638,#1639,#1640,#1641));
#8685=EDGE_LOOP('',(#1642,#1643,#1644,#1645));
#8686=EDGE_LOOP('',(#1646,#1647,#1648,#1649));
#8687=EDGE_LOOP('',(#1650,#1651,#1652,#1653));
#8688=EDGE_LOOP('',(#1654,#1655,#1656,#1657));
#8689=EDGE_LOOP('',(#1658,#1659,#1660,#1661));
#8690=EDGE_LOOP('',(#1662,#1663,#1664,#1665));
#8691=EDGE_LOOP('',(#1666,#1667,#1668,#1669));
#8692=EDGE_LOOP('',(#1670,#1671,#1672,#1673));
#8693=EDGE_LOOP('',(#1674,#1675,#1676,#1677));
#8694=EDGE_LOOP('',(#1678,#1679,#1680,#1681));
#8695=EDGE_LOOP('',(#1682,#1683,#1684,#1685));
#8696=EDGE_LOOP('',(#1686,#1687,#1688,#1689));
#8697=EDGE_LOOP('',(#1690,#1691,#1692,#1693));
#8698=EDGE_LOOP('',(#1694,#1695,#1696,#1697));
#8699=EDGE_LOOP('',(#1698,#1699,#1700,#1701));
#8700=EDGE_LOOP('',(#1702,#1703,#1704,#1705));
#8701=EDGE_LOOP('',(#1706,#1707,#1708,#1709));
#8702=EDGE_LOOP('',(#1710,#1711,#1712,#1713));
#8703=EDGE_LOOP('',(#1714,#1715,#1716,#1717));
#8704=EDGE_LOOP('',(#1718,#1719,#1720,#1721));
#8705=EDGE_LOOP('',(#1722,#1723,#1724,#1725));
#8706=EDGE_LOOP('',(#1726,#1727,#1728,#1729));
#8707=EDGE_LOOP('',(#1730,#1731,#1732,#1733));
#8708=EDGE_LOOP('',(#1734,#1735,#1736,#1737));
#8709=EDGE_LOOP('',(#1738,#1739,#1740,#1741));
#8710=EDGE_LOOP('',(#1742,#1743,#1744,#1745));
#8711=EDGE_LOOP('',(#1746,#1747,#1748,#1749));
#8712=EDGE_LOOP('',(#1750,#1751,#1752,#1753));
#8713=EDGE_LOOP('',(#1754,#1755,#1756,#1757));
#8714=EDGE_LOOP('',(#1758,#1759,#1760,#1761));
#8715=EDGE_LOOP('',(#1762,#1763,#1764,#1765));
#8716=EDGE_LOOP('',(#1766,#1767,#1768,#1769));
#8717=EDGE_LOOP('',(#1770,#1771,#1772,#1773));
#8718=EDGE_LOOP('',(#1774,#1775,#1776,#1777));
#8719=EDGE_LOOP('',(#1778,#1779,#1780,#1781));
#8720=EDGE_LOOP('',(#1782,#1783,#1784,#1785));
#8721=EDGE_LOOP('',(#1786,#1787,#1788,#1789));
#8722=EDGE_LOOP('',(#1790,#1791,#1792,#1793));
#8723=EDGE_LOOP('',(#1794,#1795,#1796,#1797));
#8724=EDGE_LOOP('',(#1798,#1799,#1800,#1801));
#8725=EDGE_LOOP('',(#1802,#1803,#1804,#1805));
#8726=EDGE_LOOP('',(#1806,#1807,#1808,#1809));
#8727=EDGE_LOOP('',(#1810,#1811,#1812,#1813));
#8728=EDGE_LOOP('',(#1814,#1815,#1816,#1817));
#8729=EDGE_LOOP('',(#1818,#1819,#1820,#1821));
#8730=EDGE_LOOP('',(#1822,#1823,#1824,#1825));
#8731=EDGE_LOOP('',(#1826,#1827,#1828,#1829));
#8732=EDGE_LOOP('',(#1830,#1831,#1832,#1833));
#8733=EDGE_LOOP('',(#1834,#1835,#1836,#1837));
#8734=EDGE_LOOP('',(#1838,#1839,#1840,#1841));
#8735=EDGE_LOOP('',(#1842,#1843,#1844,#1845));
#8736=EDGE_LOOP('',(#1846,#1847,#1848,#1849,#1850,#1851));
#8737=EDGE_LOOP('',(#1852,#1853,#1854,#1855,#1856,#1857,#1858,#1859,#1860,
#1861,#1862,#1863,#1864,#1865,#1866,#1867,#1868,#1869,#1870,#1871,#1872,
#1873,#1874,#1875));
#8738=EDGE_LOOP('',(#1876,#1877,#1878,#1879,#1880,#1881,#1882,#1883,#1884,
#1885,#1886,#1887,#1888,#1889,#1890,#1891,#1892,#1893,#1894,#1895));
#8739=EDGE_LOOP('',(#1896,#1897,#1898,#1899,#1900,#1901,#1902,#1903,#1904,
#1905,#1906,#1907,#1908,#1909,#1910,#1911,#1912,#1913,#1914,#1915,#1916,
#1917,#1918,#1919,#1920,#1921,#1922,#1923,#1924,#1925,#1926,#1927,#1928,
#1929,#1930,#1931,#1932,#1933,#1934,#1935));
#8740=EDGE_LOOP('',(#1936,#1937,#1938,#1939,#1940,#1941,#1942,#1943,#1944,
#1945,#1946,#1947));
#8741=EDGE_LOOP('',(#1948,#1949,#1950,#1951));
#8742=EDGE_LOOP('',(#1952,#1953,#1954,#1955));
#8743=EDGE_LOOP('',(#1956,#1957,#1958,#1959));
#8744=EDGE_LOOP('',(#1960,#1961,#1962,#1963));
#8745=EDGE_LOOP('',(#1964,#1965,#1966,#1967));
#8746=EDGE_LOOP('',(#1968,#1969,#1970,#1971));
#8747=EDGE_LOOP('',(#1972,#1973,#1974,#1975));
#8748=EDGE_LOOP('',(#1976,#1977,#1978,#1979));
#8749=EDGE_LOOP('',(#1980,#1981,#1982,#1983));
#8750=EDGE_LOOP('',(#1984,#1985,#1986,#1987));
#8751=EDGE_LOOP('',(#1988,#1989,#1990,#1991));
#8752=EDGE_LOOP('',(#1992,#1993,#1994,#1995));
#8753=EDGE_LOOP('',(#1996,#1997,#1998,#1999));
#8754=EDGE_LOOP('',(#2000,#2001,#2002,#2003));
#8755=EDGE_LOOP('',(#2004,#2005,#2006,#2007));
#8756=EDGE_LOOP('',(#2008,#2009,#2010,#2011));
#8757=EDGE_LOOP('',(#2012,#2013,#2014,#2015));
#8758=EDGE_LOOP('',(#2016,#2017,#2018,#2019));
#8759=EDGE_LOOP('',(#2020,#2021,#2022,#2023));
#8760=EDGE_LOOP('',(#2024,#2025,#2026,#2027));
#8761=EDGE_LOOP('',(#2028,#2029,#2030,#2031));
#8762=EDGE_LOOP('',(#2032,#2033,#2034,#2035));
#8763=EDGE_LOOP('',(#2036,#2037,#2038,#2039));
#8764=EDGE_LOOP('',(#2040,#2041,#2042,#2043));
#8765=EDGE_LOOP('',(#2044,#2045,#2046,#2047));
#8766=EDGE_LOOP('',(#2048,#2049,#2050,#2051));
#8767=EDGE_LOOP('',(#2052,#2053,#2054,#2055));
#8768=EDGE_LOOP('',(#2056,#2057,#2058,#2059));
#8769=EDGE_LOOP('',(#2060,#2061,#2062,#2063));
#8770=EDGE_LOOP('',(#2064,#2065,#2066,#2067));
#8771=EDGE_LOOP('',(#2068,#2069,#2070,#2071));
#8772=EDGE_LOOP('',(#2072,#2073,#2074,#2075));
#8773=EDGE_LOOP('',(#2076,#2077,#2078,#2079));
#8774=EDGE_LOOP('',(#2080,#2081,#2082,#2083));
#8775=EDGE_LOOP('',(#2084,#2085,#2086,#2087));
#8776=EDGE_LOOP('',(#2088,#2089,#2090,#2091));
#8777=EDGE_LOOP('',(#2092,#2093,#2094,#2095));
#8778=EDGE_LOOP('',(#2096,#2097,#2098,#2099));
#8779=EDGE_LOOP('',(#2100,#2101,#2102,#2103));
#8780=EDGE_LOOP('',(#2104,#2105,#2106,#2107));
#8781=EDGE_LOOP('',(#2108,#2109,#2110,#2111));
#8782=EDGE_LOOP('',(#2112,#2113,#2114,#2115));
#8783=EDGE_LOOP('',(#2116,#2117,#2118,#2119));
#8784=EDGE_LOOP('',(#2120,#2121,#2122,#2123));
#8785=EDGE_LOOP('',(#2124,#2125,#2126,#2127));
#8786=EDGE_LOOP('',(#2128,#2129,#2130,#2131));
#8787=EDGE_LOOP('',(#2132,#2133,#2134,#2135));
#8788=EDGE_LOOP('',(#2136,#2137,#2138,#2139));
#8789=EDGE_LOOP('',(#2140,#2141,#2142,#2143));
#8790=EDGE_LOOP('',(#2144,#2145,#2146,#2147));
#8791=EDGE_LOOP('',(#2148,#2149,#2150,#2151));
#8792=EDGE_LOOP('',(#2152,#2153,#2154,#2155));
#8793=EDGE_LOOP('',(#2156,#2157,#2158,#2159));
#8794=EDGE_LOOP('',(#2160,#2161,#2162,#2163));
#8795=EDGE_LOOP('',(#2164,#2165,#2166,#2167));
#8796=EDGE_LOOP('',(#2168,#2169,#2170,#2171));
#8797=EDGE_LOOP('',(#2172,#2173,#2174,#2175));
#8798=EDGE_LOOP('',(#2176,#2177,#2178,#2179));
#8799=EDGE_LOOP('',(#2180,#2181,#2182,#2183));
#8800=EDGE_LOOP('',(#2184,#2185,#2186,#2187));
#8801=EDGE_LOOP('',(#2188,#2189,#2190,#2191));
#8802=EDGE_LOOP('',(#2192,#2193,#2194,#2195));
#8803=EDGE_LOOP('',(#2196,#2197,#2198,#2199));
#8804=EDGE_LOOP('',(#2200,#2201,#2202,#2203));
#8805=EDGE_LOOP('',(#2204,#2205,#2206,#2207));
#8806=EDGE_LOOP('',(#2208,#2209,#2210,#2211));
#8807=EDGE_LOOP('',(#2212,#2213,#2214,#2215));
#8808=EDGE_LOOP('',(#2216,#2217,#2218,#2219));
#8809=EDGE_LOOP('',(#2220,#2221,#2222,#2223));
#8810=EDGE_LOOP('',(#2224,#2225,#2226,#2227));
#8811=EDGE_LOOP('',(#2228,#2229,#2230,#2231));
#8812=EDGE_LOOP('',(#2232,#2233,#2234,#2235));
#8813=EDGE_LOOP('',(#2236,#2237,#2238,#2239));
#8814=EDGE_LOOP('',(#2240,#2241,#2242,#2243));
#8815=EDGE_LOOP('',(#2244,#2245,#2246,#2247));
#8816=EDGE_LOOP('',(#2248,#2249,#2250,#2251));
#8817=EDGE_LOOP('',(#2252,#2253,#2254,#2255));
#8818=EDGE_LOOP('',(#2256,#2257,#2258,#2259));
#8819=EDGE_LOOP('',(#2260,#2261,#2262,#2263));
#8820=EDGE_LOOP('',(#2264,#2265,#2266,#2267));
#8821=EDGE_LOOP('',(#2268,#2269,#2270,#2271));
#8822=EDGE_LOOP('',(#2272,#2273,#2274,#2275));
#8823=EDGE_LOOP('',(#2276,#2277,#2278,#2279));
#8824=EDGE_LOOP('',(#2280,#2281,#2282,#2283));
#8825=EDGE_LOOP('',(#2284,#2285,#2286,#2287));
#8826=EDGE_LOOP('',(#2288,#2289,#2290,#2291));
#8827=EDGE_LOOP('',(#2292,#2293,#2294,#2295));
#8828=EDGE_LOOP('',(#2296,#2297,#2298,#2299));
#8829=EDGE_LOOP('',(#2300,#2301,#2302,#2303));
#8830=EDGE_LOOP('',(#2304,#2305,#2306,#2307,#2308,#2309,#2310));
#8831=EDGE_LOOP('',(#2311,#2312,#2313,#2314));
#8832=EDGE_LOOP('',(#2315,#2316,#2317,#2318));
#8833=EDGE_LOOP('',(#2319,#2320,#2321,#2322,#2323,#2324,#2325));
#8834=EDGE_LOOP('',(#2326,#2327,#2328,#2329));
#8835=EDGE_LOOP('',(#2330,#2331,#2332,#2333));
#8836=EDGE_LOOP('',(#2334,#2335,#2336,#2337));
#8837=EDGE_LOOP('',(#2338,#2339,#2340,#2341));
#8838=EDGE_LOOP('',(#2342,#2343,#2344,#2345));
#8839=EDGE_LOOP('',(#2346,#2347,#2348,#2349));
#8840=EDGE_LOOP('',(#2350,#2351,#2352,#2353));
#8841=EDGE_LOOP('',(#2354,#2355,#2356,#2357));
#8842=EDGE_LOOP('',(#2358,#2359,#2360,#2361));
#8843=EDGE_LOOP('',(#2362,#2363,#2364,#2365));
#8844=EDGE_LOOP('',(#2366,#2367,#2368,#2369));
#8845=EDGE_LOOP('',(#2370,#2371,#2372,#2373,#2374,#2375,#2376,#2377));
#8846=EDGE_LOOP('',(#2378,#2379,#2380,#2381));
#8847=EDGE_LOOP('',(#2382,#2383,#2384,#2385,#2386,#2387,#2388,#2389,#2390,
#2391,#2392,#2393,#2394,#2395,#2396,#2397));
#8848=EDGE_LOOP('',(#2398,#2399,#2400,#2401,#2402,#2403,#2404,#2405,#2406,
#2407));
#8849=EDGE_LOOP('',(#2408,#2409,#2410,#2411,#2412,#2413,#2414,#2415));
#8850=EDGE_LOOP('',(#2416,#2417,#2418,#2419,#2420,#2421,#2422,#2423));
#8851=EDGE_LOOP('',(#2424,#2425,#2426,#2427));
#8852=EDGE_LOOP('',(#2428,#2429));
#8853=EDGE_LOOP('',(#2430,#2431));
#8854=EDGE_LOOP('',(#2432,#2433,#2434,#2435));
#8855=EDGE_LOOP('',(#2436,#2437,#2438,#2439));
#8856=EDGE_LOOP('',(#2440,#2441));
#8857=EDGE_LOOP('',(#2442,#2443,#2444,#2445,#2446,#2447,#2448,#2449,#2450,
#2451,#2452,#2453,#2454,#2455,#2456,#2457,#2458,#2459));
#8858=EDGE_LOOP('',(#2460,#2461,#2462,#2463));
#8859=EDGE_LOOP('',(#2464,#2465,#2466,#2467));
#8860=EDGE_LOOP('',(#2468,#2469,#2470));
#8861=EDGE_LOOP('',(#2471,#2472,#2473,#2474));
#8862=EDGE_LOOP('',(#2475,#2476,#2477));
#8863=EDGE_LOOP('',(#2478,#2479,#2480,#2481));
#8864=EDGE_LOOP('',(#2482,#2483,#2484,#2485,#2486,#2487,#2488));
#8865=EDGE_LOOP('',(#2489,#2490,#2491,#2492,#2493,#2494));
#8866=EDGE_LOOP('',(#2495,#2496,#2497,#2498,#2499,#2500));
#8867=EDGE_LOOP('',(#2501,#2502,#2503,#2504,#2505,#2506));
#8868=EDGE_LOOP('',(#2507,#2508,#2509,#2510));
#8869=EDGE_LOOP('',(#2511,#2512,#2513,#2514,#2515,#2516,#2517,#2518,#2519,
#2520));
#8870=EDGE_LOOP('',(#2521,#2522,#2523,#2524,#2525,#2526,#2527,#2528,#2529,
#2530));
#8871=EDGE_LOOP('',(#2531,#2532,#2533,#2534,#2535,#2536,#2537,#2538,#2539,
#2540));
#8872=EDGE_LOOP('',(#2541,#2542,#2543,#2544));
#8873=EDGE_LOOP('',(#2545,#2546,#2547,#2548,#2549,#2550,#2551));
#8874=EDGE_LOOP('',(#2552,#2553,#2554,#2555));
#8875=EDGE_LOOP('',(#2556,#2557,#2558,#2559,#2560,#2561,#2562,#2563,#2564,
#2565,#2566,#2567,#2568,#2569,#2570,#2571,#2572,#2573,#2574,#2575,#2576,
#2577,#2578,#2579,#2580,#2581,#2582,#2583,#2584,#2585,#2586,#2587,#2588,
#2589,#2590,#2591));
#8876=EDGE_LOOP('',(#2592,#2593,#2594,#2595));
#8877=EDGE_LOOP('',(#2596,#2597,#2598,#2599));
#8878=EDGE_LOOP('',(#2600,#2601,#2602,#2603));
#8879=EDGE_LOOP('',(#2604,#2605));
#8880=EDGE_LOOP('',(#2606,#2607,#2608,#2609));
#8881=EDGE_LOOP('',(#2610,#2611,#2612,#2613));
#8882=EDGE_LOOP('',(#2614,#2615,#2616,#2617));
#8883=EDGE_LOOP('',(#2618,#2619,#2620,#2621));
#8884=EDGE_LOOP('',(#2622,#2623,#2624,#2625));
#8885=EDGE_LOOP('',(#2626,#2627,#2628,#2629));
#8886=EDGE_LOOP('',(#2630,#2631,#2632,#2633));
#8887=EDGE_LOOP('',(#2634,#2635,#2636,#2637));
#8888=EDGE_LOOP('',(#2638,#2639,#2640,#2641));
#8889=EDGE_LOOP('',(#2642,#2643,#2644,#2645));
#8890=EDGE_LOOP('',(#2646,#2647,#2648,#2649));
#8891=EDGE_LOOP('',(#2650,#2651,#2652,#2653));
#8892=EDGE_LOOP('',(#2654,#2655,#2656,#2657));
#8893=EDGE_LOOP('',(#2658,#2659,#2660,#2661));
#8894=EDGE_LOOP('',(#2662,#2663,#2664,#2665));
#8895=EDGE_LOOP('',(#2666,#2667,#2668,#2669));
#8896=EDGE_LOOP('',(#2670,#2671,#2672,#2673,#2674,#2675,#2676));
#8897=EDGE_LOOP('',(#2677,#2678,#2679,#2680));
#8898=EDGE_LOOP('',(#2681,#2682,#2683,#2684));
#8899=EDGE_LOOP('',(#2685,#2686,#2687,#2688));
#8900=EDGE_LOOP('',(#2689,#2690,#2691));
#8901=EDGE_LOOP('',(#2692,#2693,#2694,#2695));
#8902=EDGE_LOOP('',(#2696,#2697,#2698));
#8903=EDGE_LOOP('',(#2699,#2700,#2701,#2702));
#8904=EDGE_LOOP('',(#2703,#2704,#2705));
#8905=EDGE_LOOP('',(#2706,#2707,#2708,#2709));
#8906=EDGE_LOOP('',(#2710,#2711,#2712,#2713));
#8907=EDGE_LOOP('',(#2714,#2715,#2716,#2717));
#8908=EDGE_LOOP('',(#2718,#2719,#2720));
#8909=EDGE_LOOP('',(#2721,#2722,#2723,#2724));
#8910=EDGE_LOOP('',(#2725,#2726,#2727,#2728));
#8911=EDGE_LOOP('',(#2729,#2730,#2731,#2732));
#8912=EDGE_LOOP('',(#2733,#2734,#2735,#2736));
#8913=EDGE_LOOP('',(#2737,#2738,#2739,#2740));
#8914=EDGE_LOOP('',(#2741,#2742,#2743,#2744));
#8915=EDGE_LOOP('',(#2745,#2746,#2747,#2748));
#8916=EDGE_LOOP('',(#2749,#2750,#2751));
#8917=EDGE_LOOP('',(#2752,#2753,#2754,#2755));
#8918=EDGE_LOOP('',(#2756,#2757,#2758,#2759));
#8919=EDGE_LOOP('',(#2760,#2761,#2762,#2763));
#8920=EDGE_LOOP('',(#2764,#2765,#2766,#2767));
#8921=EDGE_LOOP('',(#2768,#2769,#2770,#2771));
#8922=EDGE_LOOP('',(#2772,#2773,#2774,#2775));
#8923=EDGE_LOOP('',(#2776,#2777,#2778,#2779));
#8924=EDGE_LOOP('',(#2780,#2781,#2782,#2783));
#8925=EDGE_LOOP('',(#2784,#2785,#2786,#2787));
#8926=EDGE_LOOP('',(#2788,#2789,#2790));
#8927=EDGE_LOOP('',(#2791,#2792,#2793,#2794));
#8928=EDGE_LOOP('',(#2795,#2796,#2797));
#8929=EDGE_LOOP('',(#2798,#2799,#2800,#2801));
#8930=EDGE_LOOP('',(#2802,#2803,#2804,#2805));
#8931=EDGE_LOOP('',(#2806,#2807,#2808,#2809));
#8932=EDGE_LOOP('',(#2810,#2811,#2812,#2813));
#8933=EDGE_LOOP('',(#2814,#2815,#2816,#2817));
#8934=EDGE_LOOP('',(#2818,#2819,#2820,#2821));
#8935=EDGE_LOOP('',(#2822,#2823,#2824,#2825));
#8936=EDGE_LOOP('',(#2826,#2827,#2828,#2829));
#8937=EDGE_LOOP('',(#2830,#2831,#2832,#2833));
#8938=EDGE_LOOP('',(#2834,#2835,#2836));
#8939=EDGE_LOOP('',(#2837,#2838,#2839,#2840));
#8940=EDGE_LOOP('',(#2841,#2842,#2843,#2844,#2845,#2846,#2847));
#8941=EDGE_LOOP('',(#2848,#2849,#2850,#2851));
#8942=EDGE_LOOP('',(#2852,#2853,#2854));
#8943=EDGE_LOOP('',(#2855,#2856,#2857,#2858));
#8944=EDGE_LOOP('',(#2859,#2860,#2861));
#8945=EDGE_LOOP('',(#2862,#2863,#2864,#2865));
#8946=EDGE_LOOP('',(#2866,#2867,#2868));
#8947=EDGE_LOOP('',(#2869,#2870,#2871,#2872));
#8948=EDGE_LOOP('',(#2873,#2874,#2875,#2876));
#8949=EDGE_LOOP('',(#2877,#2878,#2879,#2880));
#8950=EDGE_LOOP('',(#2881,#2882,#2883,#2884));
#8951=EDGE_LOOP('',(#2885,#2886,#2887,#2888));
#8952=EDGE_LOOP('',(#2889,#2890,#2891,#2892));
#8953=EDGE_LOOP('',(#2893,#2894,#2895,#2896));
#8954=EDGE_LOOP('',(#2897,#2898,#2899,#2900));
#8955=EDGE_LOOP('',(#2901,#2902,#2903,#2904));
#8956=EDGE_LOOP('',(#2905,#2906,#2907,#2908));
#8957=EDGE_LOOP('',(#2909,#2910,#2911,#2912));
#8958=EDGE_LOOP('',(#2913,#2914,#2915));
#8959=EDGE_LOOP('',(#2916,#2917,#2918,#2919));
#8960=EDGE_LOOP('',(#2920,#2921,#2922,#2923,#2924,#2925,#2926));
#8961=EDGE_LOOP('',(#2927,#2928,#2929,#2930));
#8962=EDGE_LOOP('',(#2931,#2932,#2933));
#8963=EDGE_LOOP('',(#2934,#2935,#2936,#2937));
#8964=EDGE_LOOP('',(#2938,#2939,#2940));
#8965=EDGE_LOOP('',(#2941,#2942,#2943,#2944));
#8966=EDGE_LOOP('',(#2945,#2946,#2947,#2948));
#8967=EDGE_LOOP('',(#2949,#2950,#2951,#2952));
#8968=EDGE_LOOP('',(#2953,#2954,#2955));
#8969=EDGE_LOOP('',(#2956,#2957,#2958,#2959));
#8970=EDGE_LOOP('',(#2960,#2961,#2962));
#8971=EDGE_LOOP('',(#2963,#2964,#2965,#2966));
#8972=EDGE_LOOP('',(#2967,#2968,#2969,#2970));
#8973=EDGE_LOOP('',(#2971,#2972,#2973,#2974));
#8974=EDGE_LOOP('',(#2975,#2976,#2977,#2978));
#8975=EDGE_LOOP('',(#2979,#2980,#2981,#2982));
#8976=EDGE_LOOP('',(#2983,#2984,#2985,#2986));
#8977=EDGE_LOOP('',(#2987,#2988,#2989));
#8978=EDGE_LOOP('',(#2990,#2991,#2992,#2993));
#8979=EDGE_LOOP('',(#2994,#2995,#2996,#2997));
#8980=EDGE_LOOP('',(#2998,#2999,#3000,#3001));
#8981=EDGE_LOOP('',(#3002,#3003,#3004,#3005));
#8982=EDGE_LOOP('',(#3006,#3007,#3008));
#8983=EDGE_LOOP('',(#3009,#3010,#3011,#3012));
#8984=EDGE_LOOP('',(#3013,#3014,#3015,#3016));
#8985=EDGE_LOOP('',(#3017,#3018,#3019));
#8986=EDGE_LOOP('',(#3020,#3021,#3022,#3023));
#8987=EDGE_LOOP('',(#3024,#3025,#3026,#3027));
#8988=EDGE_LOOP('',(#3028,#3029,#3030,#3031));
#8989=EDGE_LOOP('',(#3032,#3033,#3034));
#8990=EDGE_LOOP('',(#3035,#3036,#3037,#3038));
#8991=EDGE_LOOP('',(#3039,#3040,#3041,#3042));
#8992=EDGE_LOOP('',(#3043,#3044,#3045,#3046));
#8993=EDGE_LOOP('',(#3047,#3048,#3049,#3050));
#8994=EDGE_LOOP('',(#3051,#3052,#3053,#3054,#3055,#3056,#3057));
#8995=EDGE_LOOP('',(#3058,#3059,#3060,#3061));
#8996=EDGE_LOOP('',(#3062,#3063,#3064,#3065));
#8997=EDGE_LOOP('',(#3066,#3067,#3068,#3069));
#8998=EDGE_LOOP('',(#3070,#3071,#3072));
#8999=EDGE_LOOP('',(#3073,#3074,#3075,#3076));
#9000=EDGE_LOOP('',(#3077,#3078,#3079,#3080));
#9001=EDGE_LOOP('',(#3081,#3082,#3083,#3084));
#9002=EDGE_LOOP('',(#3085,#3086,#3087));
#9003=EDGE_LOOP('',(#3088,#3089,#3090,#3091));
#9004=EDGE_LOOP('',(#3092,#3093,#3094,#3095));
#9005=EDGE_LOOP('',(#3096,#3097,#3098,#3099));
#9006=EDGE_LOOP('',(#3100,#3101,#3102));
#9007=EDGE_LOOP('',(#3103,#3104,#3105,#3106));
#9008=EDGE_LOOP('',(#3107,#3108,#3109,#3110));
#9009=EDGE_LOOP('',(#3111,#3112,#3113));
#9010=EDGE_LOOP('',(#3114,#3115,#3116,#3117));
#9011=EDGE_LOOP('',(#3118,#3119,#3120,#3121));
#9012=EDGE_LOOP('',(#3122,#3123,#3124,#3125));
#9013=EDGE_LOOP('',(#3126,#3127,#3128,#3129));
#9014=EDGE_LOOP('',(#3130,#3131,#3132,#3133));
#9015=EDGE_LOOP('',(#3134,#3135,#3136,#3137));
#9016=EDGE_LOOP('',(#3138,#3139,#3140,#3141));
#9017=EDGE_LOOP('',(#3142,#3143,#3144,#3145));
#9018=EDGE_LOOP('',(#3146,#3147,#3148));
#9019=EDGE_LOOP('',(#3149,#3150,#3151,#3152));
#9020=EDGE_LOOP('',(#3153,#3154,#3155,#3156));
#9021=EDGE_LOOP('',(#3157,#3158,#3159,#3160));
#9022=EDGE_LOOP('',(#3161,#3162,#3163));
#9023=EDGE_LOOP('',(#3164,#3165,#3166,#3167));
#9024=EDGE_LOOP('',(#3168,#3169,#3170,#3171));
#9025=EDGE_LOOP('',(#3172,#3173,#3174,#3175));
#9026=EDGE_LOOP('',(#3176,#3177,#3178,#3179));
#9027=EDGE_LOOP('',(#3180,#3181,#3182,#3183));
#9028=EDGE_LOOP('',(#3184,#3185,#3186));
#9029=EDGE_LOOP('',(#3187,#3188,#3189,#3190));
#9030=EDGE_LOOP('',(#3191,#3192,#3193,#3194));
#9031=EDGE_LOOP('',(#3195,#3196,#3197,#3198));
#9032=EDGE_LOOP('',(#3199,#3200,#3201,#3202));
#9033=EDGE_LOOP('',(#3203,#3204,#3205,#3206));
#9034=EDGE_LOOP('',(#3207,#3208,#3209,#3210));
#9035=EDGE_LOOP('',(#3211,#3212,#3213,#3214));
#9036=EDGE_LOOP('',(#3215,#3216,#3217));
#9037=EDGE_LOOP('',(#3218,#3219,#3220,#3221));
#9038=EDGE_LOOP('',(#3222,#3223,#3224,#3225));
#9039=EDGE_LOOP('',(#3226,#3227,#3228,#3229));
#9040=EDGE_LOOP('',(#3230,#3231,#3232,#3233));
#9041=EDGE_LOOP('',(#3234));
#9042=EDGE_LOOP('',(#3235,#3236));
#9043=EDGE_LOOP('',(#3237));
#9044=EDGE_LOOP('',(#3238,#3239,#3240,#3241,#3242,#3243,#3244,#3245));
#9045=EDGE_LOOP('',(#3246,#3247,#3248,#3249));
#9046=EDGE_LOOP('',(#3250,#3251,#3252));
#9047=EDGE_LOOP('',(#3253,#3254,#3255,#3256));
#9048=EDGE_LOOP('',(#3257,#3258,#3259));
#9049=EDGE_LOOP('',(#3260,#3261,#3262,#3263));
#9050=EDGE_LOOP('',(#3264,#3265,#3266,#3267,#3268,#3269,#3270,#3271));
#9051=EDGE_LOOP('',(#3272,#3273,#3274,#3275));
#9052=EDGE_LOOP('',(#3276,#3277,#3278,#3279));
#9053=EDGE_LOOP('',(#3280,#3281,#3282,#3283));
#9054=EDGE_LOOP('',(#3284,#3285,#3286,#3287));
#9055=EDGE_LOOP('',(#3288,#3289,#3290,#3291));
#9056=EDGE_LOOP('',(#3292,#3293,#3294,#3295));
#9057=EDGE_LOOP('',(#3296,#3297,#3298,#3299));
#9058=EDGE_LOOP('',(#3300,#3301,#3302,#3303));
#9059=EDGE_LOOP('',(#3304,#3305,#3306,#3307));
#9060=EDGE_LOOP('',(#3308,#3309,#3310,#3311,#3312,#3313,#3314,#3315));
#9061=EDGE_LOOP('',(#3316,#3317,#3318,#3319));
#9062=EDGE_LOOP('',(#3320,#3321,#3322,#3323));
#9063=EDGE_LOOP('',(#3324,#3325,#3326));
#9064=EDGE_LOOP('',(#3327,#3328,#3329,#3330));
#9065=EDGE_LOOP('',(#3331,#3332,#3333));
#9066=EDGE_LOOP('',(#3334,#3335,#3336,#3337));
#9067=EDGE_LOOP('',(#3338,#3339,#3340,#3341,#3342,#3343,#3344,#3345));
#9068=EDGE_LOOP('',(#3346,#3347,#3348,#3349));
#9069=EDGE_LOOP('',(#3350,#3351,#3352,#3353));
#9070=EDGE_LOOP('',(#3354,#3355,#3356,#3357));
#9071=EDGE_LOOP('',(#3358,#3359,#3360,#3361));
#9072=EDGE_LOOP('',(#3362,#3363,#3364,#3365));
#9073=EDGE_LOOP('',(#3366,#3367,#3368,#3369));
#9074=EDGE_LOOP('',(#3370,#3371,#3372,#3373));
#9075=EDGE_LOOP('',(#3374,#3375,#3376,#3377));
#9076=EDGE_LOOP('',(#3378,#3379,#3380,#3381));
#9077=EDGE_LOOP('',(#3382,#3383,#3384,#3385,#3386,#3387,#3388,#3389));
#9078=EDGE_LOOP('',(#3390,#3391,#3392,#3393));
#9079=EDGE_LOOP('',(#3394,#3395,#3396,#3397));
#9080=EDGE_LOOP('',(#3398,#3399,#3400));
#9081=EDGE_LOOP('',(#3401,#3402,#3403,#3404));
#9082=EDGE_LOOP('',(#3405,#3406,#3407));
#9083=EDGE_LOOP('',(#3408,#3409,#3410,#3411));
#9084=EDGE_LOOP('',(#3412,#3413,#3414,#3415));
#9085=EDGE_LOOP('',(#3416,#3417,#3418,#3419));
#9086=EDGE_LOOP('',(#3420,#3421,#3422,#3423,#3424,#3425,#3426,#3427));
#9087=EDGE_LOOP('',(#3428,#3429,#3430,#3431));
#9088=EDGE_LOOP('',(#3432,#3433,#3434,#3435));
#9089=EDGE_LOOP('',(#3436,#3437,#3438,#3439));
#9090=EDGE_LOOP('',(#3440,#3441,#3442,#3443));
#9091=EDGE_LOOP('',(#3444,#3445,#3446));
#9092=EDGE_LOOP('',(#3447,#3448,#3449,#3450));
#9093=EDGE_LOOP('',(#3451,#3452,#3453));
#9094=EDGE_LOOP('',(#3454,#3455,#3456,#3457));
#9095=EDGE_LOOP('',(#3458,#3459,#3460,#3461));
#9096=EDGE_LOOP('',(#3462,#3463,#3464,#3465));
#9097=EDGE_LOOP('',(#3466,#3467,#3468,#3469));
#9098=EDGE_LOOP('',(#3470,#3471,#3472,#3473));
#9099=EDGE_LOOP('',(#3474,#3475,#3476,#3477));
#9100=EDGE_LOOP('',(#3478,#3479,#3480));
#9101=EDGE_LOOP('',(#3481,#3482,#3483,#3484));
#9102=EDGE_LOOP('',(#3485,#3486,#3487));
#9103=EDGE_LOOP('',(#3488,#3489,#3490,#3491));
#9104=EDGE_LOOP('',(#3492,#3493,#3494,#3495));
#9105=EDGE_LOOP('',(#3496,#3497,#3498,#3499));
#9106=EDGE_LOOP('',(#3500,#3501,#3502,#3503));
#9107=EDGE_LOOP('',(#3504,#3505,#3506,#3507));
#9108=EDGE_LOOP('',(#3508,#3509,#3510,#3511));
#9109=EDGE_LOOP('',(#3512,#3513,#3514));
#9110=EDGE_LOOP('',(#3515,#3516,#3517,#3518));
#9111=EDGE_LOOP('',(#3519,#3520,#3521,#3522));
#9112=EDGE_LOOP('',(#3523,#3524,#3525,#3526));
#9113=EDGE_LOOP('',(#3527,#3528,#3529,#3530));
#9114=EDGE_LOOP('',(#3531,#3532,#3533));
#9115=EDGE_LOOP('',(#3534,#3535,#3536,#3537));
#9116=EDGE_LOOP('',(#3538,#3539,#3540,#3541));
#9117=EDGE_LOOP('',(#3542,#3543,#3544,#3545));
#9118=EDGE_LOOP('',(#3546,#3547,#3548,#3549));
#9119=EDGE_LOOP('',(#3550,#3551,#3552,#3553));
#9120=EDGE_LOOP('',(#3554,#3555,#3556,#3557));
#9121=EDGE_LOOP('',(#3558,#3559,#3560,#3561));
#9122=EDGE_LOOP('',(#3562,#3563,#3564,#3565));
#9123=EDGE_LOOP('',(#3566,#3567,#3568,#3569));
#9124=EDGE_LOOP('',(#3570,#3571,#3572,#3573));
#9125=EDGE_LOOP('',(#3574,#3575,#3576,#3577));
#9126=EDGE_LOOP('',(#3578,#3579,#3580,#3581));
#9127=EDGE_LOOP('',(#3582,#3583,#3584,#3585));
#9128=EDGE_LOOP('',(#3586,#3587,#3588,#3589));
#9129=EDGE_LOOP('',(#3590,#3591,#3592,#3593));
#9130=EDGE_LOOP('',(#3594,#3595,#3596,#3597));
#9131=EDGE_LOOP('',(#3598,#3599,#3600));
#9132=EDGE_LOOP('',(#3601,#3602,#3603,#3604));
#9133=EDGE_LOOP('',(#3605,#3606,#3607,#3608));
#9134=EDGE_LOOP('',(#3609,#3610,#3611,#3612));
#9135=EDGE_LOOP('',(#3613,#3614,#3615,#3616));
#9136=EDGE_LOOP('',(#3617,#3618,#3619,#3620));
#9137=EDGE_LOOP('',(#3621,#3622,#3623));
#9138=EDGE_LOOP('',(#3624,#3625,#3626));
#9139=EDGE_LOOP('',(#3627,#3628,#3629,#3630));
#9140=EDGE_LOOP('',(#3631,#3632,#3633));
#9141=EDGE_LOOP('',(#3634,#3635,#3636,#3637));
#9142=EDGE_LOOP('',(#3638,#3639,#3640,#3641));
#9143=EDGE_LOOP('',(#3642,#3643,#3644));
#9144=EDGE_LOOP('',(#3645,#3646,#3647,#3648));
#9145=EDGE_LOOP('',(#3649,#3650,#3651,#3652));
#9146=EDGE_LOOP('',(#3653,#3654,#3655,#3656));
#9147=EDGE_LOOP('',(#3657,#3658,#3659,#3660));
#9148=EDGE_LOOP('',(#3661,#3662,#3663,#3664));
#9149=EDGE_LOOP('',(#3665,#3666,#3667,#3668));
#9150=EDGE_LOOP('',(#3669,#3670,#3671,#3672));
#9151=EDGE_LOOP('',(#3673,#3674,#3675,#3676));
#9152=EDGE_LOOP('',(#3677,#3678,#3679,#3680));
#9153=EDGE_LOOP('',(#3681,#3682,#3683,#3684));
#9154=EDGE_LOOP('',(#3685,#3686,#3687,#3688));
#9155=EDGE_LOOP('',(#3689,#3690,#3691));
#9156=EDGE_LOOP('',(#3692,#3693,#3694,#3695));
#9157=EDGE_LOOP('',(#3696,#3697,#3698,#3699));
#9158=EDGE_LOOP('',(#3700,#3701,#3702,#3703));
#9159=EDGE_LOOP('',(#3704,#3705,#3706));
#9160=EDGE_LOOP('',(#3707,#3708,#3709,#3710));
#9161=EDGE_LOOP('',(#3711,#3712,#3713,#3714));
#9162=EDGE_LOOP('',(#3715,#3716,#3717,#3718));
#9163=EDGE_LOOP('',(#3719,#3720,#3721));
#9164=EDGE_LOOP('',(#3722,#3723,#3724,#3725));
#9165=EDGE_LOOP('',(#3726,#3727,#3728,#3729));
#9166=EDGE_LOOP('',(#3730,#3731,#3732,#3733));
#9167=EDGE_LOOP('',(#3734,#3735,#3736));
#9168=EDGE_LOOP('',(#3737,#3738,#3739,#3740));
#9169=EDGE_LOOP('',(#3741,#3742,#3743,#3744));
#9170=EDGE_LOOP('',(#3745,#3746,#3747,#3748));
#9171=EDGE_LOOP('',(#3749,#3750,#3751,#3752));
#9172=EDGE_LOOP('',(#3753,#3754,#3755,#3756));
#9173=EDGE_LOOP('',(#3757,#3758,#3759,#3760));
#9174=EDGE_LOOP('',(#3761,#3762,#3763,#3764));
#9175=EDGE_LOOP('',(#3765,#3766,#3767,#3768));
#9176=EDGE_LOOP('',(#3769,#3770,#3771,#3772));
#9177=EDGE_LOOP('',(#3773,#3774,#3775,#3776));
#9178=EDGE_LOOP('',(#3777,#3778,#3779,#3780));
#9179=EDGE_LOOP('',(#3781,#3782,#3783));
#9180=EDGE_LOOP('',(#3784,#3785,#3786,#3787));
#9181=EDGE_LOOP('',(#3788,#3789,#3790,#3791));
#9182=EDGE_LOOP('',(#3792,#3793,#3794,#3795));
#9183=EDGE_LOOP('',(#3796,#3797,#3798));
#9184=EDGE_LOOP('',(#3799,#3800,#3801,#3802));
#9185=EDGE_LOOP('',(#3803,#3804,#3805,#3806));
#9186=EDGE_LOOP('',(#3807,#3808,#3809,#3810));
#9187=EDGE_LOOP('',(#3811,#3812,#3813));
#9188=EDGE_LOOP('',(#3814,#3815,#3816,#3817));
#9189=EDGE_LOOP('',(#3818,#3819,#3820,#3821));
#9190=EDGE_LOOP('',(#3822,#3823,#3824,#3825));
#9191=EDGE_LOOP('',(#3826,#3827,#3828,#3829));
#9192=EDGE_LOOP('',(#3830));
#9193=EDGE_LOOP('',(#3831));
#9194=EDGE_LOOP('',(#3832,#3833,#3834,#3835));
#9195=EDGE_LOOP('',(#3836,#3837,#3838,#3839));
#9196=EDGE_LOOP('',(#3840,#3841,#3842,#3843));
#9197=EDGE_LOOP('',(#3844,#3845,#3846,#3847));
#9198=EDGE_LOOP('',(#3848,#3849,#3850,#3851));
#9199=EDGE_LOOP('',(#3852,#3853,#3854,#3855));
#9200=EDGE_LOOP('',(#3856,#3857,#3858,#3859));
#9201=EDGE_LOOP('',(#3860,#3861,#3862,#3863));
#9202=FACE_BOUND('',#8549,.T.);
#9203=FACE_BOUND('',#8550,.T.);
#9204=FACE_BOUND('',#8551,.T.);
#9205=FACE_BOUND('',#8552,.T.);
#9206=FACE_BOUND('',#8553,.T.);
#9207=FACE_BOUND('',#8554,.T.);
#9208=FACE_BOUND('',#8555,.T.);
#9209=FACE_BOUND('',#8556,.T.);
#9210=FACE_BOUND('',#8557,.T.);
#9211=FACE_BOUND('',#8558,.T.);
#9212=FACE_BOUND('',#8559,.T.);
#9213=FACE_BOUND('',#8560,.T.);
#9214=FACE_BOUND('',#8561,.T.);
#9215=FACE_BOUND('',#8562,.T.);
#9216=FACE_BOUND('',#8563,.T.);
#9217=FACE_BOUND('',#8564,.T.);
#9218=FACE_BOUND('',#8565,.T.);
#9219=FACE_BOUND('',#8566,.T.);
#9220=FACE_BOUND('',#8567,.T.);
#9221=FACE_BOUND('',#8568,.T.);
#9222=FACE_BOUND('',#8569,.T.);
#9223=FACE_BOUND('',#8570,.T.);
#9224=FACE_BOUND('',#8571,.T.);
#9225=FACE_BOUND('',#8572,.T.);
#9226=FACE_BOUND('',#8573,.T.);
#9227=FACE_BOUND('',#8574,.T.);
#9228=FACE_BOUND('',#8575,.T.);
#9229=FACE_BOUND('',#8576,.T.);
#9230=FACE_BOUND('',#8577,.T.);
#9231=FACE_BOUND('',#8578,.T.);
#9232=FACE_BOUND('',#8579,.T.);
#9233=FACE_BOUND('',#8580,.T.);
#9234=FACE_BOUND('',#8581,.T.);
#9235=FACE_BOUND('',#8582,.T.);
#9236=FACE_BOUND('',#8583,.T.);
#9237=FACE_BOUND('',#8584,.T.);
#9238=FACE_BOUND('',#8585,.T.);
#9239=FACE_BOUND('',#8586,.T.);
#9240=FACE_BOUND('',#8587,.T.);
#9241=FACE_BOUND('',#8588,.T.);
#9242=FACE_BOUND('',#8589,.T.);
#9243=FACE_BOUND('',#8590,.T.);
#9244=FACE_BOUND('',#8591,.T.);
#9245=FACE_BOUND('',#8592,.T.);
#9246=FACE_BOUND('',#8593,.T.);
#9247=FACE_BOUND('',#8594,.T.);
#9248=FACE_BOUND('',#8595,.T.);
#9249=FACE_BOUND('',#8596,.T.);
#9250=FACE_BOUND('',#8597,.T.);
#9251=FACE_BOUND('',#8598,.T.);
#9252=FACE_BOUND('',#8599,.T.);
#9253=FACE_BOUND('',#8600,.T.);
#9254=FACE_BOUND('',#8601,.T.);
#9255=FACE_BOUND('',#8602,.T.);
#9256=FACE_BOUND('',#8603,.T.);
#9257=FACE_BOUND('',#8604,.T.);
#9258=FACE_BOUND('',#8605,.T.);
#9259=FACE_BOUND('',#8606,.T.);
#9260=FACE_BOUND('',#8607,.T.);
#9261=FACE_BOUND('',#8608,.T.);
#9262=FACE_BOUND('',#8609,.T.);
#9263=FACE_BOUND('',#8610,.T.);
#9264=FACE_BOUND('',#8611,.T.);
#9265=FACE_BOUND('',#8612,.T.);
#9266=FACE_BOUND('',#8613,.T.);
#9267=FACE_BOUND('',#8614,.T.);
#9268=FACE_BOUND('',#8615,.T.);
#9269=FACE_BOUND('',#8616,.T.);
#9270=FACE_BOUND('',#8617,.T.);
#9271=FACE_BOUND('',#8618,.T.);
#9272=FACE_BOUND('',#8619,.T.);
#9273=FACE_BOUND('',#8620,.T.);
#9274=FACE_BOUND('',#8621,.T.);
#9275=FACE_BOUND('',#8622,.T.);
#9276=FACE_BOUND('',#8623,.T.);
#9277=FACE_BOUND('',#8624,.T.);
#9278=FACE_BOUND('',#8625,.T.);
#9279=FACE_BOUND('',#8626,.T.);
#9280=FACE_BOUND('',#8627,.T.);
#9281=FACE_BOUND('',#8628,.T.);
#9282=FACE_BOUND('',#8629,.T.);
#9283=FACE_BOUND('',#8630,.T.);
#9284=FACE_BOUND('',#8631,.T.);
#9285=FACE_BOUND('',#8632,.T.);
#9286=FACE_BOUND('',#8633,.T.);
#9287=FACE_BOUND('',#8634,.T.);
#9288=FACE_BOUND('',#8635,.T.);
#9289=FACE_BOUND('',#8636,.T.);
#9290=FACE_BOUND('',#8637,.T.);
#9291=FACE_BOUND('',#8638,.T.);
#9292=FACE_BOUND('',#8639,.T.);
#9293=FACE_BOUND('',#8640,.T.);
#9294=FACE_BOUND('',#8641,.T.);
#9295=FACE_BOUND('',#8642,.T.);
#9296=FACE_BOUND('',#8643,.T.);
#9297=FACE_BOUND('',#8644,.T.);
#9298=FACE_BOUND('',#8645,.T.);
#9299=FACE_BOUND('',#8646,.T.);
#9300=FACE_BOUND('',#8647,.T.);
#9301=FACE_BOUND('',#8648,.T.);
#9302=FACE_BOUND('',#8649,.T.);
#9303=FACE_BOUND('',#8650,.T.);
#9304=FACE_BOUND('',#8651,.T.);
#9305=FACE_BOUND('',#8652,.T.);
#9306=FACE_BOUND('',#8653,.T.);
#9307=FACE_BOUND('',#8654,.T.);
#9308=FACE_BOUND('',#8655,.T.);
#9309=FACE_BOUND('',#8656,.T.);
#9310=FACE_BOUND('',#8657,.T.);
#9311=FACE_BOUND('',#8658,.T.);
#9312=FACE_BOUND('',#8659,.T.);
#9313=FACE_BOUND('',#8660,.T.);
#9314=FACE_BOUND('',#8661,.T.);
#9315=FACE_BOUND('',#8662,.T.);
#9316=FACE_BOUND('',#8663,.T.);
#9317=FACE_BOUND('',#8664,.T.);
#9318=FACE_BOUND('',#8665,.T.);
#9319=FACE_BOUND('',#8666,.T.);
#9320=FACE_BOUND('',#8667,.T.);
#9321=FACE_BOUND('',#8668,.T.);
#9322=FACE_BOUND('',#8669,.T.);
#9323=FACE_BOUND('',#8670,.T.);
#9324=FACE_BOUND('',#8671,.T.);
#9325=FACE_BOUND('',#8672,.T.);
#9326=FACE_BOUND('',#8673,.T.);
#9327=FACE_BOUND('',#8674,.T.);
#9328=FACE_BOUND('',#8675,.T.);
#9329=FACE_BOUND('',#8676,.T.);
#9330=FACE_BOUND('',#8677,.T.);
#9331=FACE_BOUND('',#8678,.T.);
#9332=FACE_BOUND('',#8679,.T.);
#9333=FACE_BOUND('',#8680,.T.);
#9334=FACE_BOUND('',#8681,.T.);
#9335=FACE_BOUND('',#8682,.T.);
#9336=FACE_BOUND('',#8683,.T.);
#9337=FACE_BOUND('',#8684,.T.);
#9338=FACE_BOUND('',#8685,.T.);
#9339=FACE_BOUND('',#8686,.T.);
#9340=FACE_BOUND('',#8687,.T.);
#9341=FACE_BOUND('',#8688,.T.);
#9342=FACE_BOUND('',#8689,.T.);
#9343=FACE_BOUND('',#8690,.T.);
#9344=FACE_BOUND('',#8691,.T.);
#9345=FACE_BOUND('',#8692,.T.);
#9346=FACE_BOUND('',#8693,.T.);
#9347=FACE_BOUND('',#8694,.T.);
#9348=FACE_BOUND('',#8695,.T.);
#9349=FACE_BOUND('',#8696,.T.);
#9350=FACE_BOUND('',#8697,.T.);
#9351=FACE_BOUND('',#8698,.T.);
#9352=FACE_BOUND('',#8699,.T.);
#9353=FACE_BOUND('',#8700,.T.);
#9354=FACE_BOUND('',#8701,.T.);
#9355=FACE_BOUND('',#8702,.T.);
#9356=FACE_BOUND('',#8703,.T.);
#9357=FACE_BOUND('',#8704,.T.);
#9358=FACE_BOUND('',#8705,.T.);
#9359=FACE_BOUND('',#8706,.T.);
#9360=FACE_BOUND('',#8707,.T.);
#9361=FACE_BOUND('',#8708,.T.);
#9362=FACE_BOUND('',#8709,.T.);
#9363=FACE_BOUND('',#8710,.T.);
#9364=FACE_BOUND('',#8711,.T.);
#9365=FACE_BOUND('',#8712,.T.);
#9366=FACE_BOUND('',#8713,.T.);
#9367=FACE_BOUND('',#8714,.T.);
#9368=FACE_BOUND('',#8715,.T.);
#9369=FACE_BOUND('',#8716,.T.);
#9370=FACE_BOUND('',#8717,.T.);
#9371=FACE_BOUND('',#8718,.T.);
#9372=FACE_BOUND('',#8719,.T.);
#9373=FACE_BOUND('',#8720,.T.);
#9374=FACE_BOUND('',#8721,.T.);
#9375=FACE_BOUND('',#8722,.T.);
#9376=FACE_BOUND('',#8723,.T.);
#9377=FACE_BOUND('',#8724,.T.);
#9378=FACE_BOUND('',#8725,.T.);
#9379=FACE_BOUND('',#8726,.T.);
#9380=FACE_BOUND('',#8727,.T.);
#9381=FACE_BOUND('',#8728,.T.);
#9382=FACE_BOUND('',#8729,.T.);
#9383=FACE_BOUND('',#8730,.T.);
#9384=FACE_BOUND('',#8731,.T.);
#9385=FACE_BOUND('',#8732,.T.);
#9386=FACE_BOUND('',#8733,.T.);
#9387=FACE_BOUND('',#8734,.T.);
#9388=FACE_BOUND('',#8735,.T.);
#9389=FACE_BOUND('',#8736,.T.);
#9390=FACE_BOUND('',#8737,.T.);
#9391=FACE_BOUND('',#8738,.T.);
#9392=FACE_BOUND('',#8739,.T.);
#9393=FACE_BOUND('',#8740,.T.);
#9394=FACE_BOUND('',#8741,.T.);
#9395=FACE_BOUND('',#8742,.T.);
#9396=FACE_BOUND('',#8743,.T.);
#9397=FACE_BOUND('',#8744,.T.);
#9398=FACE_BOUND('',#8745,.T.);
#9399=FACE_BOUND('',#8746,.T.);
#9400=FACE_BOUND('',#8747,.T.);
#9401=FACE_BOUND('',#8748,.T.);
#9402=FACE_BOUND('',#8749,.T.);
#9403=FACE_BOUND('',#8750,.T.);
#9404=FACE_BOUND('',#8751,.T.);
#9405=FACE_BOUND('',#8752,.T.);
#9406=FACE_BOUND('',#8753,.T.);
#9407=FACE_BOUND('',#8754,.T.);
#9408=FACE_BOUND('',#8755,.T.);
#9409=FACE_BOUND('',#8756,.T.);
#9410=FACE_BOUND('',#8757,.T.);
#9411=FACE_BOUND('',#8758,.T.);
#9412=FACE_BOUND('',#8759,.T.);
#9413=FACE_BOUND('',#8760,.T.);
#9414=FACE_BOUND('',#8761,.T.);
#9415=FACE_BOUND('',#8762,.T.);
#9416=FACE_BOUND('',#8763,.T.);
#9417=FACE_BOUND('',#8764,.T.);
#9418=FACE_BOUND('',#8765,.T.);
#9419=FACE_BOUND('',#8766,.T.);
#9420=FACE_BOUND('',#8767,.T.);
#9421=FACE_BOUND('',#8768,.T.);
#9422=FACE_BOUND('',#8769,.T.);
#9423=FACE_BOUND('',#8770,.T.);
#9424=FACE_BOUND('',#8771,.T.);
#9425=FACE_BOUND('',#8772,.T.);
#9426=FACE_BOUND('',#8773,.T.);
#9427=FACE_BOUND('',#8774,.T.);
#9428=FACE_BOUND('',#8775,.T.);
#9429=FACE_BOUND('',#8776,.T.);
#9430=FACE_BOUND('',#8777,.T.);
#9431=FACE_BOUND('',#8778,.T.);
#9432=FACE_BOUND('',#8779,.T.);
#9433=FACE_BOUND('',#8780,.T.);
#9434=FACE_BOUND('',#8781,.T.);
#9435=FACE_BOUND('',#8782,.T.);
#9436=FACE_BOUND('',#8783,.T.);
#9437=FACE_BOUND('',#8784,.T.);
#9438=FACE_BOUND('',#8785,.T.);
#9439=FACE_BOUND('',#8786,.T.);
#9440=FACE_BOUND('',#8787,.T.);
#9441=FACE_BOUND('',#8788,.T.);
#9442=FACE_BOUND('',#8789,.T.);
#9443=FACE_BOUND('',#8790,.T.);
#9444=FACE_BOUND('',#8791,.T.);
#9445=FACE_BOUND('',#8792,.T.);
#9446=FACE_BOUND('',#8793,.T.);
#9447=FACE_BOUND('',#8794,.T.);
#9448=FACE_BOUND('',#8795,.T.);
#9449=FACE_BOUND('',#8796,.T.);
#9450=FACE_BOUND('',#8797,.T.);
#9451=FACE_BOUND('',#8798,.T.);
#9452=FACE_BOUND('',#8799,.T.);
#9453=FACE_BOUND('',#8800,.T.);
#9454=FACE_BOUND('',#8801,.T.);
#9455=FACE_BOUND('',#8802,.T.);
#9456=FACE_BOUND('',#8803,.T.);
#9457=FACE_BOUND('',#8804,.T.);
#9458=FACE_BOUND('',#8805,.T.);
#9459=FACE_BOUND('',#8806,.T.);
#9460=FACE_BOUND('',#8807,.T.);
#9461=FACE_BOUND('',#8808,.T.);
#9462=FACE_BOUND('',#8809,.T.);
#9463=FACE_BOUND('',#8810,.T.);
#9464=FACE_BOUND('',#8811,.T.);
#9465=FACE_BOUND('',#8812,.T.);
#9466=FACE_BOUND('',#8813,.T.);
#9467=FACE_BOUND('',#8814,.T.);
#9468=FACE_BOUND('',#8815,.T.);
#9469=FACE_BOUND('',#8816,.T.);
#9470=FACE_BOUND('',#8817,.T.);
#9471=FACE_BOUND('',#8818,.T.);
#9472=FACE_BOUND('',#8819,.T.);
#9473=FACE_BOUND('',#8820,.T.);
#9474=FACE_BOUND('',#8821,.T.);
#9475=FACE_BOUND('',#8822,.T.);
#9476=FACE_BOUND('',#8823,.T.);
#9477=FACE_BOUND('',#8824,.T.);
#9478=FACE_BOUND('',#8825,.T.);
#9479=FACE_BOUND('',#8826,.T.);
#9480=FACE_BOUND('',#8827,.T.);
#9481=FACE_BOUND('',#8828,.T.);
#9482=FACE_BOUND('',#8829,.T.);
#9483=FACE_BOUND('',#8830,.T.);
#9484=FACE_BOUND('',#8831,.T.);
#9485=FACE_BOUND('',#8832,.T.);
#9486=FACE_BOUND('',#8833,.T.);
#9487=FACE_BOUND('',#8834,.T.);
#9488=FACE_BOUND('',#8835,.T.);
#9489=FACE_BOUND('',#8836,.T.);
#9490=FACE_BOUND('',#8837,.T.);
#9491=FACE_BOUND('',#8838,.T.);
#9492=FACE_BOUND('',#8839,.T.);
#9493=FACE_BOUND('',#8840,.T.);
#9494=FACE_BOUND('',#8841,.T.);
#9495=FACE_BOUND('',#8842,.T.);
#9496=FACE_BOUND('',#8843,.T.);
#9497=FACE_BOUND('',#8844,.T.);
#9498=FACE_BOUND('',#8845,.T.);
#9499=FACE_BOUND('',#8846,.T.);
#9500=FACE_BOUND('',#8847,.T.);
#9501=FACE_BOUND('',#8848,.T.);
#9502=FACE_BOUND('',#8849,.T.);
#9503=FACE_BOUND('',#8850,.T.);
#9504=FACE_BOUND('',#8851,.T.);
#9505=FACE_BOUND('',#8852,.T.);
#9506=FACE_BOUND('',#8853,.T.);
#9507=FACE_BOUND('',#8854,.T.);
#9508=FACE_BOUND('',#8855,.T.);
#9509=FACE_BOUND('',#8856,.T.);
#9510=FACE_BOUND('',#8857,.T.);
#9511=FACE_BOUND('',#8858,.T.);
#9512=FACE_BOUND('',#8859,.T.);
#9513=FACE_BOUND('',#8860,.T.);
#9514=FACE_BOUND('',#8861,.T.);
#9515=FACE_BOUND('',#8862,.T.);
#9516=FACE_BOUND('',#8863,.T.);
#9517=FACE_BOUND('',#8864,.T.);
#9518=FACE_BOUND('',#8865,.T.);
#9519=FACE_BOUND('',#8866,.T.);
#9520=FACE_BOUND('',#8867,.T.);
#9521=FACE_BOUND('',#8868,.T.);
#9522=FACE_BOUND('',#8869,.T.);
#9523=FACE_BOUND('',#8870,.T.);
#9524=FACE_BOUND('',#8871,.T.);
#9525=FACE_BOUND('',#8872,.T.);
#9526=FACE_BOUND('',#8873,.T.);
#9527=FACE_BOUND('',#8874,.T.);
#9528=FACE_BOUND('',#8875,.T.);
#9529=FACE_BOUND('',#8876,.T.);
#9530=FACE_BOUND('',#8877,.T.);
#9531=FACE_BOUND('',#8878,.T.);
#9532=FACE_BOUND('',#8879,.T.);
#9533=FACE_BOUND('',#8880,.T.);
#9534=FACE_BOUND('',#8881,.T.);
#9535=FACE_BOUND('',#8882,.T.);
#9536=FACE_BOUND('',#8883,.T.);
#9537=FACE_BOUND('',#8884,.T.);
#9538=FACE_BOUND('',#8885,.T.);
#9539=FACE_BOUND('',#8886,.T.);
#9540=FACE_BOUND('',#8887,.T.);
#9541=FACE_BOUND('',#8888,.T.);
#9542=FACE_BOUND('',#8889,.T.);
#9543=FACE_BOUND('',#8890,.T.);
#9544=FACE_BOUND('',#8891,.T.);
#9545=FACE_BOUND('',#8892,.T.);
#9546=FACE_BOUND('',#8893,.T.);
#9547=FACE_BOUND('',#8894,.T.);
#9548=FACE_BOUND('',#8895,.T.);
#9549=FACE_BOUND('',#8896,.T.);
#9550=FACE_BOUND('',#8897,.T.);
#9551=FACE_BOUND('',#8898,.T.);
#9552=FACE_BOUND('',#8899,.T.);
#9553=FACE_BOUND('',#8900,.T.);
#9554=FACE_BOUND('',#8901,.T.);
#9555=FACE_BOUND('',#8902,.T.);
#9556=FACE_BOUND('',#8903,.T.);
#9557=FACE_BOUND('',#8904,.T.);
#9558=FACE_BOUND('',#8905,.T.);
#9559=FACE_BOUND('',#8906,.T.);
#9560=FACE_BOUND('',#8907,.T.);
#9561=FACE_BOUND('',#8908,.T.);
#9562=FACE_BOUND('',#8909,.T.);
#9563=FACE_BOUND('',#8910,.T.);
#9564=FACE_BOUND('',#8911,.T.);
#9565=FACE_BOUND('',#8912,.T.);
#9566=FACE_BOUND('',#8913,.T.);
#9567=FACE_BOUND('',#8914,.T.);
#9568=FACE_BOUND('',#8915,.T.);
#9569=FACE_BOUND('',#8916,.T.);
#9570=FACE_BOUND('',#8917,.T.);
#9571=FACE_BOUND('',#8918,.T.);
#9572=FACE_BOUND('',#8919,.T.);
#9573=FACE_BOUND('',#8920,.T.);
#9574=FACE_BOUND('',#8921,.T.);
#9575=FACE_BOUND('',#8922,.T.);
#9576=FACE_BOUND('',#8923,.T.);
#9577=FACE_BOUND('',#8924,.T.);
#9578=FACE_BOUND('',#8925,.T.);
#9579=FACE_BOUND('',#8926,.T.);
#9580=FACE_BOUND('',#8927,.T.);
#9581=FACE_BOUND('',#8928,.T.);
#9582=FACE_BOUND('',#8929,.T.);
#9583=FACE_BOUND('',#8930,.T.);
#9584=FACE_BOUND('',#8931,.T.);
#9585=FACE_BOUND('',#8932,.T.);
#9586=FACE_BOUND('',#8933,.T.);
#9587=FACE_BOUND('',#8934,.T.);
#9588=FACE_BOUND('',#8935,.T.);
#9589=FACE_BOUND('',#8936,.T.);
#9590=FACE_BOUND('',#8937,.T.);
#9591=FACE_BOUND('',#8938,.T.);
#9592=FACE_BOUND('',#8939,.T.);
#9593=FACE_BOUND('',#8940,.T.);
#9594=FACE_BOUND('',#8941,.T.);
#9595=FACE_BOUND('',#8942,.T.);
#9596=FACE_BOUND('',#8943,.T.);
#9597=FACE_BOUND('',#8944,.T.);
#9598=FACE_BOUND('',#8945,.T.);
#9599=FACE_BOUND('',#8946,.T.);
#9600=FACE_BOUND('',#8947,.T.);
#9601=FACE_BOUND('',#8948,.T.);
#9602=FACE_BOUND('',#8949,.T.);
#9603=FACE_BOUND('',#8950,.T.);
#9604=FACE_BOUND('',#8951,.T.);
#9605=FACE_BOUND('',#8952,.T.);
#9606=FACE_BOUND('',#8953,.T.);
#9607=FACE_BOUND('',#8954,.T.);
#9608=FACE_BOUND('',#8955,.T.);
#9609=FACE_BOUND('',#8956,.T.);
#9610=FACE_BOUND('',#8957,.T.);
#9611=FACE_BOUND('',#8958,.T.);
#9612=FACE_BOUND('',#8959,.T.);
#9613=FACE_BOUND('',#8960,.T.);
#9614=FACE_BOUND('',#8961,.T.);
#9615=FACE_BOUND('',#8962,.T.);
#9616=FACE_BOUND('',#8963,.T.);
#9617=FACE_BOUND('',#8964,.T.);
#9618=FACE_BOUND('',#8965,.T.);
#9619=FACE_BOUND('',#8966,.T.);
#9620=FACE_BOUND('',#8967,.T.);
#9621=FACE_BOUND('',#8968,.T.);
#9622=FACE_BOUND('',#8969,.T.);
#9623=FACE_BOUND('',#8970,.T.);
#9624=FACE_BOUND('',#8971,.T.);
#9625=FACE_BOUND('',#8972,.T.);
#9626=FACE_BOUND('',#8973,.T.);
#9627=FACE_BOUND('',#8974,.T.);
#9628=FACE_BOUND('',#8975,.T.);
#9629=FACE_BOUND('',#8976,.T.);
#9630=FACE_BOUND('',#8977,.T.);
#9631=FACE_BOUND('',#8978,.T.);
#9632=FACE_BOUND('',#8979,.T.);
#9633=FACE_BOUND('',#8980,.T.);
#9634=FACE_BOUND('',#8981,.T.);
#9635=FACE_BOUND('',#8982,.T.);
#9636=FACE_BOUND('',#8983,.T.);
#9637=FACE_BOUND('',#8984,.T.);
#9638=FACE_BOUND('',#8985,.T.);
#9639=FACE_BOUND('',#8986,.T.);
#9640=FACE_BOUND('',#8987,.T.);
#9641=FACE_BOUND('',#8988,.T.);
#9642=FACE_BOUND('',#8989,.T.);
#9643=FACE_BOUND('',#8990,.T.);
#9644=FACE_BOUND('',#8991,.T.);
#9645=FACE_BOUND('',#8992,.T.);
#9646=FACE_BOUND('',#8993,.T.);
#9647=FACE_BOUND('',#8994,.T.);
#9648=FACE_BOUND('',#8995,.T.);
#9649=FACE_BOUND('',#8996,.T.);
#9650=FACE_BOUND('',#8997,.T.);
#9651=FACE_BOUND('',#8998,.T.);
#9652=FACE_BOUND('',#8999,.T.);
#9653=FACE_BOUND('',#9000,.T.);
#9654=FACE_BOUND('',#9001,.T.);
#9655=FACE_BOUND('',#9002,.T.);
#9656=FACE_BOUND('',#9003,.T.);
#9657=FACE_BOUND('',#9004,.T.);
#9658=FACE_BOUND('',#9005,.T.);
#9659=FACE_BOUND('',#9006,.T.);
#9660=FACE_BOUND('',#9007,.T.);
#9661=FACE_BOUND('',#9008,.T.);
#9662=FACE_BOUND('',#9009,.T.);
#9663=FACE_BOUND('',#9010,.T.);
#9664=FACE_BOUND('',#9011,.T.);
#9665=FACE_BOUND('',#9012,.T.);
#9666=FACE_BOUND('',#9013,.T.);
#9667=FACE_BOUND('',#9014,.T.);
#9668=FACE_BOUND('',#9015,.T.);
#9669=FACE_BOUND('',#9016,.T.);
#9670=FACE_BOUND('',#9017,.T.);
#9671=FACE_BOUND('',#9018,.T.);
#9672=FACE_BOUND('',#9019,.T.);
#9673=FACE_BOUND('',#9020,.T.);
#9674=FACE_BOUND('',#9021,.T.);
#9675=FACE_BOUND('',#9022,.T.);
#9676=FACE_BOUND('',#9023,.T.);
#9677=FACE_BOUND('',#9024,.T.);
#9678=FACE_BOUND('',#9025,.T.);
#9679=FACE_BOUND('',#9026,.T.);
#9680=FACE_BOUND('',#9027,.T.);
#9681=FACE_BOUND('',#9028,.T.);
#9682=FACE_BOUND('',#9029,.T.);
#9683=FACE_BOUND('',#9030,.T.);
#9684=FACE_BOUND('',#9031,.T.);
#9685=FACE_BOUND('',#9032,.T.);
#9686=FACE_BOUND('',#9033,.T.);
#9687=FACE_BOUND('',#9034,.T.);
#9688=FACE_BOUND('',#9035,.T.);
#9689=FACE_BOUND('',#9036,.T.);
#9690=FACE_BOUND('',#9037,.T.);
#9691=FACE_BOUND('',#9038,.T.);
#9692=FACE_BOUND('',#9039,.T.);
#9693=FACE_BOUND('',#9040,.T.);
#9694=FACE_BOUND('',#9041,.T.);
#9695=FACE_BOUND('',#9042,.T.);
#9696=FACE_BOUND('',#9043,.T.);
#9697=FACE_BOUND('',#9044,.T.);
#9698=FACE_BOUND('',#9045,.T.);
#9699=FACE_BOUND('',#9046,.T.);
#9700=FACE_BOUND('',#9047,.T.);
#9701=FACE_BOUND('',#9048,.T.);
#9702=FACE_BOUND('',#9049,.T.);
#9703=FACE_BOUND('',#9050,.T.);
#9704=FACE_BOUND('',#9051,.T.);
#9705=FACE_BOUND('',#9052,.T.);
#9706=FACE_BOUND('',#9053,.T.);
#9707=FACE_BOUND('',#9054,.T.);
#9708=FACE_BOUND('',#9055,.T.);
#9709=FACE_BOUND('',#9056,.T.);
#9710=FACE_BOUND('',#9057,.T.);
#9711=FACE_BOUND('',#9058,.T.);
#9712=FACE_BOUND('',#9059,.T.);
#9713=FACE_BOUND('',#9060,.T.);
#9714=FACE_BOUND('',#9061,.T.);
#9715=FACE_BOUND('',#9062,.T.);
#9716=FACE_BOUND('',#9063,.T.);
#9717=FACE_BOUND('',#9064,.T.);
#9718=FACE_BOUND('',#9065,.T.);
#9719=FACE_BOUND('',#9066,.T.);
#9720=FACE_BOUND('',#9067,.T.);
#9721=FACE_BOUND('',#9068,.T.);
#9722=FACE_BOUND('',#9069,.T.);
#9723=FACE_BOUND('',#9070,.T.);
#9724=FACE_BOUND('',#9071,.T.);
#9725=FACE_BOUND('',#9072,.T.);
#9726=FACE_BOUND('',#9073,.T.);
#9727=FACE_BOUND('',#9074,.T.);
#9728=FACE_BOUND('',#9075,.T.);
#9729=FACE_BOUND('',#9076,.T.);
#9730=FACE_BOUND('',#9077,.T.);
#9731=FACE_BOUND('',#9078,.T.);
#9732=FACE_BOUND('',#9079,.T.);
#9733=FACE_BOUND('',#9080,.T.);
#9734=FACE_BOUND('',#9081,.T.);
#9735=FACE_BOUND('',#9082,.T.);
#9736=FACE_BOUND('',#9083,.T.);
#9737=FACE_BOUND('',#9084,.T.);
#9738=FACE_BOUND('',#9085,.T.);
#9739=FACE_BOUND('',#9086,.T.);
#9740=FACE_BOUND('',#9087,.T.);
#9741=FACE_BOUND('',#9088,.T.);
#9742=FACE_BOUND('',#9089,.T.);
#9743=FACE_BOUND('',#9090,.T.);
#9744=FACE_BOUND('',#9091,.T.);
#9745=FACE_BOUND('',#9092,.T.);
#9746=FACE_BOUND('',#9093,.T.);
#9747=FACE_BOUND('',#9094,.T.);
#9748=FACE_BOUND('',#9095,.T.);
#9749=FACE_BOUND('',#9096,.T.);
#9750=FACE_BOUND('',#9097,.T.);
#9751=FACE_BOUND('',#9098,.T.);
#9752=FACE_BOUND('',#9099,.T.);
#9753=FACE_BOUND('',#9100,.T.);
#9754=FACE_BOUND('',#9101,.T.);
#9755=FACE_BOUND('',#9102,.T.);
#9756=FACE_BOUND('',#9103,.T.);
#9757=FACE_BOUND('',#9104,.T.);
#9758=FACE_BOUND('',#9105,.T.);
#9759=FACE_BOUND('',#9106,.T.);
#9760=FACE_BOUND('',#9107,.T.);
#9761=FACE_BOUND('',#9108,.T.);
#9762=FACE_BOUND('',#9109,.T.);
#9763=FACE_BOUND('',#9110,.T.);
#9764=FACE_BOUND('',#9111,.T.);
#9765=FACE_BOUND('',#9112,.T.);
#9766=FACE_BOUND('',#9113,.T.);
#9767=FACE_BOUND('',#9114,.T.);
#9768=FACE_BOUND('',#9115,.T.);
#9769=FACE_BOUND('',#9116,.T.);
#9770=FACE_BOUND('',#9117,.T.);
#9771=FACE_BOUND('',#9118,.T.);
#9772=FACE_BOUND('',#9119,.T.);
#9773=FACE_BOUND('',#9120,.T.);
#9774=FACE_BOUND('',#9121,.T.);
#9775=FACE_BOUND('',#9122,.T.);
#9776=FACE_BOUND('',#9123,.T.);
#9777=FACE_BOUND('',#9124,.T.);
#9778=FACE_BOUND('',#9125,.T.);
#9779=FACE_BOUND('',#9126,.T.);
#9780=FACE_BOUND('',#9127,.T.);
#9781=FACE_BOUND('',#9128,.T.);
#9782=FACE_BOUND('',#9129,.T.);
#9783=FACE_BOUND('',#9130,.T.);
#9784=FACE_BOUND('',#9131,.T.);
#9785=FACE_BOUND('',#9132,.T.);
#9786=FACE_BOUND('',#9133,.T.);
#9787=FACE_BOUND('',#9134,.T.);
#9788=FACE_BOUND('',#9135,.T.);
#9789=FACE_BOUND('',#9136,.T.);
#9790=FACE_BOUND('',#9137,.T.);
#9791=FACE_BOUND('',#9138,.T.);
#9792=FACE_BOUND('',#9139,.T.);
#9793=FACE_BOUND('',#9140,.T.);
#9794=FACE_BOUND('',#9141,.T.);
#9795=FACE_BOUND('',#9142,.T.);
#9796=FACE_BOUND('',#9143,.T.);
#9797=FACE_BOUND('',#9144,.T.);
#9798=FACE_BOUND('',#9145,.T.);
#9799=FACE_BOUND('',#9146,.T.);
#9800=FACE_BOUND('',#9147,.T.);
#9801=FACE_BOUND('',#9148,.T.);
#9802=FACE_BOUND('',#9149,.T.);
#9803=FACE_BOUND('',#9150,.T.);
#9804=FACE_BOUND('',#9151,.T.);
#9805=FACE_BOUND('',#9152,.T.);
#9806=FACE_BOUND('',#9153,.T.);
#9807=FACE_BOUND('',#9154,.T.);
#9808=FACE_BOUND('',#9155,.T.);
#9809=FACE_BOUND('',#9156,.T.);
#9810=FACE_BOUND('',#9157,.T.);
#9811=FACE_BOUND('',#9158,.T.);
#9812=FACE_BOUND('',#9159,.T.);
#9813=FACE_BOUND('',#9160,.T.);
#9814=FACE_BOUND('',#9161,.T.);
#9815=FACE_BOUND('',#9162,.T.);
#9816=FACE_BOUND('',#9163,.T.);
#9817=FACE_BOUND('',#9164,.T.);
#9818=FACE_BOUND('',#9165,.T.);
#9819=FACE_BOUND('',#9166,.T.);
#9820=FACE_BOUND('',#9167,.T.);
#9821=FACE_BOUND('',#9168,.T.);
#9822=FACE_BOUND('',#9169,.T.);
#9823=FACE_BOUND('',#9170,.T.);
#9824=FACE_BOUND('',#9171,.T.);
#9825=FACE_BOUND('',#9172,.T.);
#9826=FACE_BOUND('',#9173,.T.);
#9827=FACE_BOUND('',#9174,.T.);
#9828=FACE_BOUND('',#9175,.T.);
#9829=FACE_BOUND('',#9176,.T.);
#9830=FACE_BOUND('',#9177,.T.);
#9831=FACE_BOUND('',#9178,.T.);
#9832=FACE_BOUND('',#9179,.T.);
#9833=FACE_BOUND('',#9180,.T.);
#9834=FACE_BOUND('',#9181,.T.);
#9835=FACE_BOUND('',#9182,.T.);
#9836=FACE_BOUND('',#9183,.T.);
#9837=FACE_BOUND('',#9184,.T.);
#9838=FACE_BOUND('',#9185,.T.);
#9839=FACE_BOUND('',#9186,.T.);
#9840=FACE_BOUND('',#9187,.T.);
#9841=FACE_BOUND('',#9188,.T.);
#9842=FACE_BOUND('',#9189,.T.);
#9843=FACE_BOUND('',#9190,.T.);
#9844=FACE_BOUND('',#9191,.T.);
#9845=FACE_BOUND('',#9192,.T.);
#9846=FACE_BOUND('',#9193,.T.);
#9847=FACE_BOUND('',#9194,.T.);
#9848=FACE_BOUND('',#9195,.T.);
#9849=FACE_BOUND('',#9196,.T.);
#9850=FACE_BOUND('',#9197,.T.);
#9851=FACE_BOUND('',#9198,.T.);
#9852=FACE_BOUND('',#9199,.T.);
#9853=FACE_BOUND('',#9200,.T.);
#9854=FACE_BOUND('',#9201,.T.);
#9855=PLANE('',#10907);
#9856=PLANE('',#10926);
#9857=PLANE('',#10927);
#9858=PLANE('',#10928);
#9859=PLANE('',#10933);
#9860=PLANE('',#10936);
#9861=PLANE('',#10941);
#9862=PLANE('',#10942);
#9863=PLANE('',#10943);
#9864=PLANE('',#10944);
#9865=PLANE('',#10945);
#9866=PLANE('',#10946);
#9867=PLANE('',#10947);
#9868=PLANE('',#10948);
#9869=PLANE('',#10949);
#9870=PLANE('',#10950);
#9871=PLANE('',#10951);
#9872=PLANE('',#10952);
#9873=PLANE('',#10953);
#9874=PLANE('',#10954);
#9875=PLANE('',#10955);
#9876=PLANE('',#10956);
#9877=PLANE('',#10957);
#9878=PLANE('',#10958);
#9879=PLANE('',#10959);
#9880=PLANE('',#10960);
#9881=PLANE('',#10961);
#9882=PLANE('',#10962);
#9883=PLANE('',#10963);
#9884=PLANE('',#10964);
#9885=PLANE('',#10965);
#9886=PLANE('',#10966);
#9887=PLANE('',#10967);
#9888=PLANE('',#10968);
#9889=PLANE('',#10969);
#9890=PLANE('',#10970);
#9891=PLANE('',#10971);
#9892=PLANE('',#10972);
#9893=PLANE('',#10973);
#9894=PLANE('',#10974);
#9895=PLANE('',#10975);
#9896=PLANE('',#10976);
#9897=PLANE('',#10977);
#9898=PLANE('',#10978);
#9899=PLANE('',#10979);
#9900=PLANE('',#10980);
#9901=PLANE('',#10981);
#9902=PLANE('',#10982);
#9903=PLANE('',#10983);
#9904=PLANE('',#10984);
#9905=PLANE('',#10985);
#9906=PLANE('',#10986);
#9907=PLANE('',#10987);
#9908=PLANE('',#10988);
#9909=PLANE('',#10989);
#9910=PLANE('',#10990);
#9911=PLANE('',#10991);
#9912=PLANE('',#10992);
#9913=PLANE('',#10993);
#9914=PLANE('',#10994);
#9915=PLANE('',#10995);
#9916=PLANE('',#10996);
#9917=PLANE('',#10997);
#9918=PLANE('',#10998);
#9919=PLANE('',#10999);
#9920=PLANE('',#11000);
#9921=PLANE('',#11001);
#9922=PLANE('',#11002);
#9923=PLANE('',#11003);
#9924=PLANE('',#11004);
#9925=PLANE('',#11005);
#9926=PLANE('',#11006);
#9927=PLANE('',#11007);
#9928=PLANE('',#11008);
#9929=PLANE('',#11009);
#9930=PLANE('',#11010);
#9931=PLANE('',#11011);
#9932=PLANE('',#11012);
#9933=PLANE('',#11013);
#9934=PLANE('',#11014);
#9935=PLANE('',#11015);
#9936=PLANE('',#11016);
#9937=PLANE('',#11017);
#9938=PLANE('',#11018);
#9939=PLANE('',#11019);
#9940=PLANE('',#11020);
#9941=PLANE('',#11021);
#9942=PLANE('',#11022);
#9943=PLANE('',#11023);
#9944=PLANE('',#11024);
#9945=PLANE('',#11025);
#9946=PLANE('',#11026);
#9947=PLANE('',#11027);
#9948=PLANE('',#11028);
#9949=PLANE('',#11029);
#9950=PLANE('',#11030);
#9951=PLANE('',#11031);
#9952=PLANE('',#11032);
#9953=PLANE('',#11033);
#9954=PLANE('',#11034);
#9955=PLANE('',#11035);
#9956=PLANE('',#11036);
#9957=PLANE('',#11037);
#9958=PLANE('',#11038);
#9959=PLANE('',#11039);
#9960=PLANE('',#11040);
#9961=PLANE('',#11041);
#9962=PLANE('',#11042);
#9963=PLANE('',#11043);
#9964=PLANE('',#11044);
#9965=PLANE('',#11045);
#9966=PLANE('',#11046);
#9967=PLANE('',#11047);
#9968=PLANE('',#11048);
#9969=PLANE('',#11049);
#9970=PLANE('',#11050);
#9971=PLANE('',#11051);
#9972=PLANE('',#11052);
#9973=PLANE('',#11053);
#9974=PLANE('',#11054);
#9975=PLANE('',#11055);
#9976=PLANE('',#11056);
#9977=PLANE('',#11057);
#9978=PLANE('',#11058);
#9979=PLANE('',#11059);
#9980=PLANE('',#11060);
#9981=PLANE('',#11061);
#9982=PLANE('',#11062);
#9983=PLANE('',#11063);
#9984=PLANE('',#11064);
#9985=PLANE('',#11065);
#9986=PLANE('',#11066);
#9987=PLANE('',#11067);
#9988=PLANE('',#11068);
#9989=PLANE('',#11069);
#9990=PLANE('',#11070);
#9991=PLANE('',#11071);
#9992=PLANE('',#11072);
#9993=PLANE('',#11073);
#9994=PLANE('',#11074);
#9995=PLANE('',#11075);
#9996=PLANE('',#11076);
#9997=PLANE('',#11077);
#9998=PLANE('',#11078);
#9999=PLANE('',#11079);
#10000=PLANE('',#11080);
#10001=PLANE('',#11081);
#10002=PLANE('',#11082);
#10003=PLANE('',#11083);
#10004=PLANE('',#11084);
#10005=PLANE('',#11085);
#10006=PLANE('',#11086);
#10007=PLANE('',#11087);
#10008=PLANE('',#11088);
#10009=PLANE('',#11089);
#10010=PLANE('',#11090);
#10011=PLANE('',#11091);
#10012=PLANE('',#11092);
#10013=PLANE('',#11093);
#10014=PLANE('',#11094);
#10015=PLANE('',#11095);
#10016=PLANE('',#11096);
#10017=PLANE('',#11097);
#10018=PLANE('',#11098);
#10019=PLANE('',#11099);
#10020=PLANE('',#11100);
#10021=PLANE('',#11101);
#10022=PLANE('',#11102);
#10023=PLANE('',#11103);
#10024=PLANE('',#11104);
#10025=PLANE('',#11105);
#10026=PLANE('',#11106);
#10027=PLANE('',#11107);
#10028=PLANE('',#11108);
#10029=PLANE('',#11109);
#10030=PLANE('',#11110);
#10031=PLANE('',#11111);
#10032=PLANE('',#11112);
#10033=PLANE('',#11113);
#10034=PLANE('',#11114);
#10035=PLANE('',#11115);
#10036=PLANE('',#11116);
#10037=PLANE('',#11117);
#10038=PLANE('',#11118);
#10039=PLANE('',#11119);
#10040=PLANE('',#11120);
#10041=PLANE('',#11121);
#10042=PLANE('',#11122);
#10043=PLANE('',#11123);
#10044=PLANE('',#11124);
#10045=PLANE('',#11125);
#10046=PLANE('',#11126);
#10047=PLANE('',#11127);
#10048=PLANE('',#11128);
#10049=PLANE('',#11129);
#10050=PLANE('',#11130);
#10051=PLANE('',#11131);
#10052=PLANE('',#11132);
#10053=PLANE('',#11133);
#10054=PLANE('',#11134);
#10055=PLANE('',#11135);
#10056=PLANE('',#11136);
#10057=PLANE('',#11137);
#10058=PLANE('',#11138);
#10059=PLANE('',#11139);
#10060=PLANE('',#11140);
#10061=PLANE('',#11141);
#10062=PLANE('',#11142);
#10063=PLANE('',#11143);
#10064=PLANE('',#11144);
#10065=PLANE('',#11145);
#10066=PLANE('',#11146);
#10067=PLANE('',#11147);
#10068=PLANE('',#11148);
#10069=PLANE('',#11149);
#10070=PLANE('',#11150);
#10071=PLANE('',#11151);
#10072=PLANE('',#11152);
#10073=PLANE('',#11153);
#10074=PLANE('',#11154);
#10075=PLANE('',#11155);
#10076=PLANE('',#11156);
#10077=PLANE('',#11157);
#10078=PLANE('',#11158);
#10079=PLANE('',#11159);
#10080=PLANE('',#11160);
#10081=PLANE('',#11161);
#10082=PLANE('',#11162);
#10083=PLANE('',#11163);
#10084=PLANE('',#11164);
#10085=PLANE('',#11165);
#10086=PLANE('',#11166);
#10087=PLANE('',#11167);
#10088=PLANE('',#11168);
#10089=PLANE('',#11169);
#10090=PLANE('',#11170);
#10091=PLANE('',#11171);
#10092=PLANE('',#11172);
#10093=PLANE('',#11173);
#10094=PLANE('',#11174);
#10095=PLANE('',#11175);
#10096=PLANE('',#11176);
#10097=PLANE('',#11177);
#10098=PLANE('',#11178);
#10099=PLANE('',#11179);
#10100=PLANE('',#11180);
#10101=PLANE('',#11181);
#10102=PLANE('',#11182);
#10103=PLANE('',#11183);
#10104=PLANE('',#11184);
#10105=PLANE('',#11185);
#10106=PLANE('',#11186);
#10107=PLANE('',#11187);
#10108=PLANE('',#11188);
#10109=PLANE('',#11189);
#10110=PLANE('',#11190);
#10111=PLANE('',#11191);
#10112=PLANE('',#11192);
#10113=PLANE('',#11193);
#10114=PLANE('',#11196);
#10115=PLANE('',#11199);
#10116=PLANE('',#11200);
#10117=PLANE('',#11201);
#10118=PLANE('',#11202);
#10119=PLANE('',#11203);
#10120=PLANE('',#11206);
#10121=PLANE('',#11208);
#10122=PLANE('',#11210);
#10123=PLANE('',#11221);
#10124=PLANE('',#11232);
#10125=PLANE('',#11238);
#10126=PLANE('',#11242);
#10127=PLANE('',#11249);
#10128=PLANE('',#11256);
#10129=PLANE('',#11281);
#10130=PLANE('',#11290);
#10131=PLANE('',#11294);
#10132=PLANE('',#11298);
#10133=PLANE('',#11304);
#10134=PLANE('',#11308);
#10135=PLANE('',#11332);
#10136=PLANE('',#11335);
#10137=PLANE('',#11336);
#10138=PLANE('',#11337);
#10139=PLANE('',#11338);
#10140=PLANE('',#11341);
#10141=PLANE('',#11342);
#10142=PLANE('',#11343);
#10143=PLANE('',#11344);
#10144=PLANE('',#11347);
#10145=PLANE('',#11348);
#10146=PLANE('',#11349);
#10147=PLANE('',#11353);
#10148=PLANE('',#11384);
#10149=PLANE('',#11387);
#10150=PLANE('',#11430);
#10151=PLANE('',#11438);
#10152=PLANE('',#11446);
#10153=PLANE('',#11462);
#10154=PLANE('',#11490);
#10155=PLANE('',#11524);
#10156=PLANE('',#11525);
#10157=PLANE('',#11538);
#10158=PLANE('',#11550);
#10159=PLANE('',#11586);
#10160=PLANE('',#11597);
#10161=PLANE('',#11609);
#10162=PLANE('',#11621);
#10163=PLANE('',#11641);
#10164=PLANE('',#11644);
#10165=PLANE('',#11659);
#10166=PLANE('',#11675);
#10167=PLANE('',#11689);
#10168=PLANE('',#11705);
#10169=PLANE('',#11722);
#10170=PLANE('',#11726);
#10171=PLANE('',#11736);
#10172=PLANE('',#11740);
#10173=PLANE('',#11750);
#10174=PLANE('',#11754);
#10175=PLANE('',#11762);
#10176=PLANE('',#11788);
#10177=PLANE('',#11795);
#10178=PLANE('',#11798);
#10179=PLANE('',#11806);
#10180=PLANE('',#11808);
#10181=PLANE('',#11810);
#10182=PLANE('',#11851);
#10183=PLANE('',#11866);
#10184=PLANE('',#11872);
#10185=PLANE('',#11909);
#10186=PLANE('',#11916);
#10187=PLANE('',#11922);
#10188=PLANE('',#11927);
#10189=PLANE('',#11928);
#10190=PLANE('',#11929);
#10191=PLANE('',#11930);
#10192=PLANE('',#11931);
#10193=PLANE('',#11932);
#10194=PLANE('',#11933);
#10195=PLANE('',#11934);
#10196=ADVANCED_FACE('',(#9202,#9203,#9204,#9205,#9206),#9855,.T.);
#10197=ADVANCED_FACE('',(#9207),#9856,.F.);
#10198=ADVANCED_FACE('',(#9208),#9857,.F.);
#10199=ADVANCED_FACE('',(#9209,#9210,#9211,#9212,#9213,#9214,#9215,#9216),
#9858,.F.);
#10200=ADVANCED_FACE('',(#9217),#9859,.F.);
#10201=ADVANCED_FACE('',(#9218,#9219,#9220,#9221,#9222,#9223),#9860,.F.);
#10202=ADVANCED_FACE('',(#9224),#9861,.T.);
#10203=ADVANCED_FACE('',(#9225),#9862,.T.);
#10204=ADVANCED_FACE('',(#9226),#9863,.T.);
#10205=ADVANCED_FACE('',(#9227),#9864,.T.);
#10206=ADVANCED_FACE('',(#9228),#9865,.T.);
#10207=ADVANCED_FACE('',(#9229),#9866,.T.);
#10208=ADVANCED_FACE('',(#9230),#9867,.T.);
#10209=ADVANCED_FACE('',(#9231),#9868,.T.);
#10210=ADVANCED_FACE('',(#9232),#9869,.T.);
#10211=ADVANCED_FACE('',(#9233),#9870,.T.);
#10212=ADVANCED_FACE('',(#9234),#9871,.T.);
#10213=ADVANCED_FACE('',(#9235),#9872,.T.);
#10214=ADVANCED_FACE('',(#9236),#9873,.T.);
#10215=ADVANCED_FACE('',(#9237),#9874,.T.);
#10216=ADVANCED_FACE('',(#9238),#9875,.T.);
#10217=ADVANCED_FACE('',(#9239),#9876,.T.);
#10218=ADVANCED_FACE('',(#9240),#9877,.T.);
#10219=ADVANCED_FACE('',(#9241),#9878,.T.);
#10220=ADVANCED_FACE('',(#9242),#9879,.T.);
#10221=ADVANCED_FACE('',(#9243),#9880,.T.);
#10222=ADVANCED_FACE('',(#9244),#9881,.T.);
#10223=ADVANCED_FACE('',(#9245),#9882,.T.);
#10224=ADVANCED_FACE('',(#9246),#9883,.T.);
#10225=ADVANCED_FACE('',(#9247,#9248),#9884,.T.);
#10226=ADVANCED_FACE('',(#9249),#9885,.T.);
#10227=ADVANCED_FACE('',(#9250),#9886,.T.);
#10228=ADVANCED_FACE('',(#9251),#9887,.T.);
#10229=ADVANCED_FACE('',(#9252),#9888,.T.);
#10230=ADVANCED_FACE('',(#9253),#9889,.T.);
#10231=ADVANCED_FACE('',(#9254),#9890,.T.);
#10232=ADVANCED_FACE('',(#9255),#9891,.T.);
#10233=ADVANCED_FACE('',(#9256),#9892,.T.);
#10234=ADVANCED_FACE('',(#9257),#9893,.T.);
#10235=ADVANCED_FACE('',(#9258),#9894,.T.);
#10236=ADVANCED_FACE('',(#9259),#9895,.T.);
#10237=ADVANCED_FACE('',(#9260),#9896,.T.);
#10238=ADVANCED_FACE('',(#9261),#9897,.T.);
#10239=ADVANCED_FACE('',(#9262),#9898,.T.);
#10240=ADVANCED_FACE('',(#9263),#9899,.T.);
#10241=ADVANCED_FACE('',(#9264),#9900,.T.);
#10242=ADVANCED_FACE('',(#9265),#9901,.T.);
#10243=ADVANCED_FACE('',(#9266),#9902,.T.);
#10244=ADVANCED_FACE('',(#9267),#9903,.T.);
#10245=ADVANCED_FACE('',(#9268),#9904,.T.);
#10246=ADVANCED_FACE('',(#9269),#9905,.T.);
#10247=ADVANCED_FACE('',(#9270),#9906,.T.);
#10248=ADVANCED_FACE('',(#9271),#9907,.T.);
#10249=ADVANCED_FACE('',(#9272),#9908,.T.);
#10250=ADVANCED_FACE('',(#9273),#9909,.T.);
#10251=ADVANCED_FACE('',(#9274),#9910,.T.);
#10252=ADVANCED_FACE('',(#9275),#9911,.T.);
#10253=ADVANCED_FACE('',(#9276),#9912,.T.);
#10254=ADVANCED_FACE('',(#9277),#9913,.T.);
#10255=ADVANCED_FACE('',(#9278),#9914,.T.);
#10256=ADVANCED_FACE('',(#9279),#9915,.T.);
#10257=ADVANCED_FACE('',(#9280),#9916,.T.);
#10258=ADVANCED_FACE('',(#9281),#9917,.T.);
#10259=ADVANCED_FACE('',(#9282),#9918,.T.);
#10260=ADVANCED_FACE('',(#9283),#9919,.T.);
#10261=ADVANCED_FACE('',(#9284),#9920,.T.);
#10262=ADVANCED_FACE('',(#9285),#9921,.T.);
#10263=ADVANCED_FACE('',(#9286),#9922,.T.);
#10264=ADVANCED_FACE('',(#9287),#9923,.T.);
#10265=ADVANCED_FACE('',(#9288),#9924,.T.);
#10266=ADVANCED_FACE('',(#9289),#9925,.T.);
#10267=ADVANCED_FACE('',(#9290),#9926,.T.);
#10268=ADVANCED_FACE('',(#9291),#9927,.T.);
#10269=ADVANCED_FACE('',(#9292),#9928,.T.);
#10270=ADVANCED_FACE('',(#9293),#9929,.T.);
#10271=ADVANCED_FACE('',(#9294),#9930,.T.);
#10272=ADVANCED_FACE('',(#9295),#9931,.T.);
#10273=ADVANCED_FACE('',(#9296),#9932,.T.);
#10274=ADVANCED_FACE('',(#9297),#9933,.T.);
#10275=ADVANCED_FACE('',(#9298),#9934,.T.);
#10276=ADVANCED_FACE('',(#9299),#9935,.T.);
#10277=ADVANCED_FACE('',(#9300),#9936,.T.);
#10278=ADVANCED_FACE('',(#9301),#9937,.T.);
#10279=ADVANCED_FACE('',(#9302),#9938,.T.);
#10280=ADVANCED_FACE('',(#9303),#9939,.T.);
#10281=ADVANCED_FACE('',(#9304),#9940,.T.);
#10282=ADVANCED_FACE('',(#9305),#9941,.T.);
#10283=ADVANCED_FACE('',(#9306),#9942,.T.);
#10284=ADVANCED_FACE('',(#9307),#9943,.T.);
#10285=ADVANCED_FACE('',(#9308),#9944,.T.);
#10286=ADVANCED_FACE('',(#9309),#9945,.T.);
#10287=ADVANCED_FACE('',(#9310),#9946,.T.);
#10288=ADVANCED_FACE('',(#9311),#9947,.T.);
#10289=ADVANCED_FACE('',(#9312),#9948,.T.);
#10290=ADVANCED_FACE('',(#9313),#9949,.T.);
#10291=ADVANCED_FACE('',(#9314),#9950,.T.);
#10292=ADVANCED_FACE('',(#9315),#9951,.T.);
#10293=ADVANCED_FACE('',(#9316),#9952,.T.);
#10294=ADVANCED_FACE('',(#9317),#9953,.T.);
#10295=ADVANCED_FACE('',(#9318),#9954,.T.);
#10296=ADVANCED_FACE('',(#9319),#9955,.T.);
#10297=ADVANCED_FACE('',(#9320),#9956,.T.);
#10298=ADVANCED_FACE('',(#9321),#9957,.T.);
#10299=ADVANCED_FACE('',(#9322),#9958,.T.);
#10300=ADVANCED_FACE('',(#9323),#9959,.T.);
#10301=ADVANCED_FACE('',(#9324),#9960,.T.);
#10302=ADVANCED_FACE('',(#9325),#9961,.T.);
#10303=ADVANCED_FACE('',(#9326),#9962,.T.);
#10304=ADVANCED_FACE('',(#9327),#9963,.T.);
#10305=ADVANCED_FACE('',(#9328),#9964,.T.);
#10306=ADVANCED_FACE('',(#9329),#9965,.T.);
#10307=ADVANCED_FACE('',(#9330),#9966,.T.);
#10308=ADVANCED_FACE('',(#9331),#9967,.T.);
#10309=ADVANCED_FACE('',(#9332),#9968,.T.);
#10310=ADVANCED_FACE('',(#9333),#9969,.T.);
#10311=ADVANCED_FACE('',(#9334),#9970,.T.);
#10312=ADVANCED_FACE('',(#9335),#9971,.T.);
#10313=ADVANCED_FACE('',(#9336),#9972,.T.);
#10314=ADVANCED_FACE('',(#9337),#9973,.T.);
#10315=ADVANCED_FACE('',(#9338),#9974,.T.);
#10316=ADVANCED_FACE('',(#9339),#9975,.T.);
#10317=ADVANCED_FACE('',(#9340),#9976,.T.);
#10318=ADVANCED_FACE('',(#9341),#9977,.T.);
#10319=ADVANCED_FACE('',(#9342),#9978,.T.);
#10320=ADVANCED_FACE('',(#9343),#9979,.T.);
#10321=ADVANCED_FACE('',(#9344),#9980,.T.);
#10322=ADVANCED_FACE('',(#9345),#9981,.T.);
#10323=ADVANCED_FACE('',(#9346),#9982,.T.);
#10324=ADVANCED_FACE('',(#9347),#9983,.T.);
#10325=ADVANCED_FACE('',(#9348),#9984,.T.);
#10326=ADVANCED_FACE('',(#9349),#9985,.T.);
#10327=ADVANCED_FACE('',(#9350),#9986,.T.);
#10328=ADVANCED_FACE('',(#9351),#9987,.T.);
#10329=ADVANCED_FACE('',(#9352),#9988,.T.);
#10330=ADVANCED_FACE('',(#9353),#9989,.T.);
#10331=ADVANCED_FACE('',(#9354),#9990,.T.);
#10332=ADVANCED_FACE('',(#9355),#9991,.T.);
#10333=ADVANCED_FACE('',(#9356),#9992,.T.);
#10334=ADVANCED_FACE('',(#9357),#9993,.T.);
#10335=ADVANCED_FACE('',(#9358),#9994,.T.);
#10336=ADVANCED_FACE('',(#9359),#9995,.T.);
#10337=ADVANCED_FACE('',(#9360),#9996,.T.);
#10338=ADVANCED_FACE('',(#9361),#9997,.T.);
#10339=ADVANCED_FACE('',(#9362),#9998,.T.);
#10340=ADVANCED_FACE('',(#9363),#9999,.T.);
#10341=ADVANCED_FACE('',(#9364),#10000,.T.);
#10342=ADVANCED_FACE('',(#9365),#10001,.T.);
#10343=ADVANCED_FACE('',(#9366),#10002,.T.);
#10344=ADVANCED_FACE('',(#9367),#10003,.T.);
#10345=ADVANCED_FACE('',(#9368),#10004,.T.);
#10346=ADVANCED_FACE('',(#9369),#10005,.T.);
#10347=ADVANCED_FACE('',(#9370),#10006,.T.);
#10348=ADVANCED_FACE('',(#9371),#10007,.T.);
#10349=ADVANCED_FACE('',(#9372),#10008,.T.);
#10350=ADVANCED_FACE('',(#9373),#10009,.T.);
#10351=ADVANCED_FACE('',(#9374),#10010,.T.);
#10352=ADVANCED_FACE('',(#9375),#10011,.T.);
#10353=ADVANCED_FACE('',(#9376),#10012,.T.);
#10354=ADVANCED_FACE('',(#9377),#10013,.T.);
#10355=ADVANCED_FACE('',(#9378),#10014,.T.);
#10356=ADVANCED_FACE('',(#9379),#10015,.T.);
#10357=ADVANCED_FACE('',(#9380),#10016,.T.);
#10358=ADVANCED_FACE('',(#9381),#10017,.T.);
#10359=ADVANCED_FACE('',(#9382),#10018,.T.);
#10360=ADVANCED_FACE('',(#9383),#10019,.T.);
#10361=ADVANCED_FACE('',(#9384),#10020,.T.);
#10362=ADVANCED_FACE('',(#9385),#10021,.T.);
#10363=ADVANCED_FACE('',(#9386),#10022,.T.);
#10364=ADVANCED_FACE('',(#9387),#10023,.T.);
#10365=ADVANCED_FACE('',(#9388),#10024,.T.);
#10366=ADVANCED_FACE('',(#9389),#10025,.T.);
#10367=ADVANCED_FACE('',(#9390,#9391),#10026,.T.);
#10368=ADVANCED_FACE('',(#9392),#10027,.T.);
#10369=ADVANCED_FACE('',(#9393),#10028,.T.);
#10370=ADVANCED_FACE('',(#9394),#10029,.T.);
#10371=ADVANCED_FACE('',(#9395),#10030,.T.);
#10372=ADVANCED_FACE('',(#9396),#10031,.T.);
#10373=ADVANCED_FACE('',(#9397),#10032,.T.);
#10374=ADVANCED_FACE('',(#9398),#10033,.T.);
#10375=ADVANCED_FACE('',(#9399),#10034,.T.);
#10376=ADVANCED_FACE('',(#9400),#10035,.T.);
#10377=ADVANCED_FACE('',(#9401),#10036,.T.);
#10378=ADVANCED_FACE('',(#9402),#10037,.T.);
#10379=ADVANCED_FACE('',(#9403),#10038,.T.);
#10380=ADVANCED_FACE('',(#9404),#10039,.T.);
#10381=ADVANCED_FACE('',(#9405),#10040,.T.);
#10382=ADVANCED_FACE('',(#9406),#10041,.T.);
#10383=ADVANCED_FACE('',(#9407),#10042,.T.);
#10384=ADVANCED_FACE('',(#9408),#10043,.T.);
#10385=ADVANCED_FACE('',(#9409),#10044,.T.);
#10386=ADVANCED_FACE('',(#9410),#10045,.T.);
#10387=ADVANCED_FACE('',(#9411),#10046,.T.);
#10388=ADVANCED_FACE('',(#9412),#10047,.T.);
#10389=ADVANCED_FACE('',(#9413),#10048,.T.);
#10390=ADVANCED_FACE('',(#9414),#10049,.T.);
#10391=ADVANCED_FACE('',(#9415),#10050,.T.);
#10392=ADVANCED_FACE('',(#9416),#10051,.T.);
#10393=ADVANCED_FACE('',(#9417),#10052,.T.);
#10394=ADVANCED_FACE('',(#9418),#10053,.T.);
#10395=ADVANCED_FACE('',(#9419),#10054,.T.);
#10396=ADVANCED_FACE('',(#9420),#10055,.T.);
#10397=ADVANCED_FACE('',(#9421),#10056,.T.);
#10398=ADVANCED_FACE('',(#9422),#10057,.T.);
#10399=ADVANCED_FACE('',(#9423),#10058,.T.);
#10400=ADVANCED_FACE('',(#9424),#10059,.T.);
#10401=ADVANCED_FACE('',(#9425),#10060,.T.);
#10402=ADVANCED_FACE('',(#9426),#10061,.T.);
#10403=ADVANCED_FACE('',(#9427),#10062,.T.);
#10404=ADVANCED_FACE('',(#9428),#10063,.T.);
#10405=ADVANCED_FACE('',(#9429),#10064,.T.);
#10406=ADVANCED_FACE('',(#9430),#10065,.T.);
#10407=ADVANCED_FACE('',(#9431),#10066,.T.);
#10408=ADVANCED_FACE('',(#9432),#10067,.T.);
#10409=ADVANCED_FACE('',(#9433),#10068,.T.);
#10410=ADVANCED_FACE('',(#9434),#10069,.T.);
#10411=ADVANCED_FACE('',(#9435),#10070,.T.);
#10412=ADVANCED_FACE('',(#9436),#10071,.T.);
#10413=ADVANCED_FACE('',(#9437),#10072,.T.);
#10414=ADVANCED_FACE('',(#9438),#10073,.T.);
#10415=ADVANCED_FACE('',(#9439),#10074,.T.);
#10416=ADVANCED_FACE('',(#9440),#10075,.T.);
#10417=ADVANCED_FACE('',(#9441),#10076,.T.);
#10418=ADVANCED_FACE('',(#9442),#10077,.T.);
#10419=ADVANCED_FACE('',(#9443),#10078,.T.);
#10420=ADVANCED_FACE('',(#9444),#10079,.T.);
#10421=ADVANCED_FACE('',(#9445),#10080,.T.);
#10422=ADVANCED_FACE('',(#9446),#10081,.T.);
#10423=ADVANCED_FACE('',(#9447),#10082,.T.);
#10424=ADVANCED_FACE('',(#9448),#10083,.T.);
#10425=ADVANCED_FACE('',(#9449),#10084,.T.);
#10426=ADVANCED_FACE('',(#9450),#10085,.T.);
#10427=ADVANCED_FACE('',(#9451),#10086,.T.);
#10428=ADVANCED_FACE('',(#9452),#10087,.T.);
#10429=ADVANCED_FACE('',(#9453),#10088,.T.);
#10430=ADVANCED_FACE('',(#9454),#10089,.T.);
#10431=ADVANCED_FACE('',(#9455),#10090,.T.);
#10432=ADVANCED_FACE('',(#9456),#10091,.T.);
#10433=ADVANCED_FACE('',(#9457),#10092,.T.);
#10434=ADVANCED_FACE('',(#9458),#10093,.T.);
#10435=ADVANCED_FACE('',(#9459),#10094,.T.);
#10436=ADVANCED_FACE('',(#9460),#10095,.T.);
#10437=ADVANCED_FACE('',(#9461),#10096,.T.);
#10438=ADVANCED_FACE('',(#9462),#10097,.T.);
#10439=ADVANCED_FACE('',(#9463),#10098,.T.);
#10440=ADVANCED_FACE('',(#9464),#10099,.T.);
#10441=ADVANCED_FACE('',(#9465),#10100,.T.);
#10442=ADVANCED_FACE('',(#9466),#10101,.T.);
#10443=ADVANCED_FACE('',(#9467),#10102,.T.);
#10444=ADVANCED_FACE('',(#9468),#10103,.T.);
#10445=ADVANCED_FACE('',(#9469),#10104,.T.);
#10446=ADVANCED_FACE('',(#9470),#10105,.T.);
#10447=ADVANCED_FACE('',(#9471),#10106,.T.);
#10448=ADVANCED_FACE('',(#9472),#10107,.T.);
#10449=ADVANCED_FACE('',(#9473),#10108,.T.);
#10450=ADVANCED_FACE('',(#9474),#10109,.T.);
#10451=ADVANCED_FACE('',(#9475),#10110,.T.);
#10452=ADVANCED_FACE('',(#9476),#10111,.T.);
#10453=ADVANCED_FACE('',(#9477),#10112,.T.);
#10454=ADVANCED_FACE('',(#9478),#10113,.T.);
#10455=ADVANCED_FACE('',(#9479),#196,.T.);
#10456=ADVANCED_FACE('',(#9480),#10114,.T.);
#10457=ADVANCED_FACE('',(#9481),#197,.F.);
#10458=ADVANCED_FACE('',(#9482),#10115,.T.);
#10459=ADVANCED_FACE('',(#9483),#10116,.T.);
#10460=ADVANCED_FACE('',(#9484),#10117,.F.);
#10461=ADVANCED_FACE('',(#9485),#10118,.F.);
#10462=ADVANCED_FACE('',(#9486),#10119,.F.);
#10463=ADVANCED_FACE('',(#9487),#10120,.F.);
#10464=ADVANCED_FACE('',(#9488),#198,.F.);
#10465=ADVANCED_FACE('',(#9489),#10121,.F.);
#10466=ADVANCED_FACE('',(#9490),#199,.T.);
#10467=ADVANCED_FACE('',(#9491),#10122,.F.);
#10468=ADVANCED_FACE('',(#9492),#200,.F.);
#10469=ADVANCED_FACE('',(#9493),#69,.F.);
#10470=ADVANCED_FACE('',(#9494),#201,.F.);
#10471=ADVANCED_FACE('',(#9495),#70,.F.);
#10472=ADVANCED_FACE('',(#9496),#71,.T.);
#10473=ADVANCED_FACE('',(#9497),#72,.F.);
#10474=ADVANCED_FACE('',(#9498),#10123,.T.);
#10475=ADVANCED_FACE('',(#9499),#202,.F.);
#10476=ADVANCED_FACE('',(#9500),#203,.T.);
#10477=ADVANCED_FACE('',(#9501),#10124,.T.);
#10478=ADVANCED_FACE('',(#9502),#10125,.T.);
#10479=ADVANCED_FACE('',(#9503),#10126,.T.);
#10480=ADVANCED_FACE('',(#9504),#204,.T.);
#10481=ADVANCED_FACE('',(#9505,#9506),#10127,.T.);
#10482=ADVANCED_FACE('',(#9507),#205,.T.);
#10483=ADVANCED_FACE('',(#9508),#206,.T.);
#10484=ADVANCED_FACE('',(#9509,#9510),#10128,.T.);
#10485=ADVANCED_FACE('',(#9511),#207,.T.);
#10486=ADVANCED_FACE('',(#9512),#208,.T.);
#10487=ADVANCED_FACE('',(#9513),#15,.T.);
#10488=ADVANCED_FACE('',(#9514),#73,.T.);
#10489=ADVANCED_FACE('',(#9515),#16,.T.);
#10490=ADVANCED_FACE('',(#9516),#209,.T.);
#10491=ADVANCED_FACE('',(#9517),#10129,.T.);
#10492=ADVANCED_FACE('',(#9518),#210,.F.);
#10493=ADVANCED_FACE('',(#9519),#211,.F.);
#10494=ADVANCED_FACE('',(#9520),#212,.F.);
#10495=ADVANCED_FACE('',(#9521),#213,.F.);
#10496=ADVANCED_FACE('',(#9522),#10130,.T.);
#10497=ADVANCED_FACE('',(#9523),#10131,.T.);
#10498=ADVANCED_FACE('',(#9524),#10132,.T.);
#10499=ADVANCED_FACE('',(#9525),#214,.F.);
#10500=ADVANCED_FACE('',(#9526),#10133,.T.);
#10501=ADVANCED_FACE('',(#9527),#215,.T.);
#10502=ADVANCED_FACE('',(#9528,#9529,#9530,#9531,#9532),#10134,.T.);
#10503=ADVANCED_FACE('',(#9533),#10135,.F.);
#10504=ADVANCED_FACE('',(#9534),#216,.T.);
#10505=ADVANCED_FACE('',(#9535),#10136,.F.);
#10506=ADVANCED_FACE('',(#9536),#10137,.F.);
#10507=ADVANCED_FACE('',(#9537),#10138,.T.);
#10508=ADVANCED_FACE('',(#9538),#10139,.F.);
#10509=ADVANCED_FACE('',(#9539),#217,.T.);
#10510=ADVANCED_FACE('',(#9540),#10140,.F.);
#10511=ADVANCED_FACE('',(#9541),#10141,.F.);
#10512=ADVANCED_FACE('',(#9542),#10142,.T.);
#10513=ADVANCED_FACE('',(#9543),#10143,.F.);
#10514=ADVANCED_FACE('',(#9544),#218,.T.);
#10515=ADVANCED_FACE('',(#9545),#10144,.F.);
#10516=ADVANCED_FACE('',(#9546),#10145,.F.);
#10517=ADVANCED_FACE('',(#9547),#10146,.T.);
#10518=ADVANCED_FACE('',(#9548),#219,.T.);
#10519=ADVANCED_FACE('',(#9549),#10147,.T.);
#10520=ADVANCED_FACE('',(#9550),#74,.T.);
#10521=ADVANCED_FACE('',(#9551),#12,.T.);
#10522=ADVANCED_FACE('',(#9552),#75,.T.);
#10523=ADVANCED_FACE('',(#9553),#17,.T.);
#10524=ADVANCED_FACE('',(#9554),#76,.T.);
#10525=ADVANCED_FACE('',(#9555),#18,.T.);
#10526=ADVANCED_FACE('',(#9556),#220,.T.);
#10527=ADVANCED_FACE('',(#9557),#19,.T.);
#10528=ADVANCED_FACE('',(#9558),#221,.T.);
#10529=ADVANCED_FACE('',(#9559),#77,.F.);
#10530=ADVANCED_FACE('',(#9560),#222,.F.);
#10531=ADVANCED_FACE('',(#9561),#20,.F.);
#10532=ADVANCED_FACE('',(#9562),#223,.F.);
#10533=ADVANCED_FACE('',(#9563),#78,.T.);
#10534=ADVANCED_FACE('',(#9564),#224,.T.);
#10535=ADVANCED_FACE('',(#9565),#10148,.T.);
#10536=ADVANCED_FACE('',(#9566),#225,.T.);
#10537=ADVANCED_FACE('',(#9567),#10149,.T.);
#10538=ADVANCED_FACE('',(#9568),#226,.F.);
#10539=ADVANCED_FACE('',(#9569),#21,.F.);
#10540=ADVANCED_FACE('',(#9570),#227,.F.);
#10541=ADVANCED_FACE('',(#9571),#79,.T.);
#10542=ADVANCED_FACE('',(#9572),#80,.T.);
#10543=ADVANCED_FACE('',(#9573),#228,.T.);
#10544=ADVANCED_FACE('',(#9574),#229,.T.);
#10545=ADVANCED_FACE('',(#9575),#230,.T.);
#10546=ADVANCED_FACE('',(#9576),#81,.T.);
#10547=ADVANCED_FACE('',(#9577),#82,.T.);
#10548=ADVANCED_FACE('',(#9578),#231,.F.);
#10549=ADVANCED_FACE('',(#9579),#22,.F.);
#10550=ADVANCED_FACE('',(#9580),#83,.F.);
#10551=ADVANCED_FACE('',(#9581),#23,.F.);
#10552=ADVANCED_FACE('',(#9582),#232,.F.);
#10553=ADVANCED_FACE('',(#9583),#84,.T.);
#10554=ADVANCED_FACE('',(#9584),#233,.T.);
#10555=ADVANCED_FACE('',(#9585),#10150,.T.);
#10556=ADVANCED_FACE('',(#9586),#234,.F.);
#10557=ADVANCED_FACE('',(#9587),#85,.T.);
#10558=ADVANCED_FACE('',(#9588),#235,.T.);
#10559=ADVANCED_FACE('',(#9589),#10151,.T.);
#10560=ADVANCED_FACE('',(#9590),#236,.T.);
#10561=ADVANCED_FACE('',(#9591),#24,.T.);
#10562=ADVANCED_FACE('',(#9592),#237,.T.);
#10563=ADVANCED_FACE('',(#9593),#10152,.T.);
#10564=ADVANCED_FACE('',(#9594),#86,.T.);
#10565=ADVANCED_FACE('',(#9595),#25,.T.);
#10566=ADVANCED_FACE('',(#9596),#87,.T.);
#10567=ADVANCED_FACE('',(#9597),#26,.T.);
#10568=ADVANCED_FACE('',(#9598),#238,.T.);
#10569=ADVANCED_FACE('',(#9599),#27,.T.);
#10570=ADVANCED_FACE('',(#9600),#239,.T.);
#10571=ADVANCED_FACE('',(#9601),#10153,.T.);
#10572=ADVANCED_FACE('',(#9602),#240,.T.);
#10573=ADVANCED_FACE('',(#9603),#88,.T.);
#10574=ADVANCED_FACE('',(#9604),#241,.T.);
#10575=ADVANCED_FACE('',(#9605),#89,.T.);
#10576=ADVANCED_FACE('',(#9606),#90,.T.);
#10577=ADVANCED_FACE('',(#9607),#91,.T.);
#10578=ADVANCED_FACE('',(#9608),#242,.T.);
#10579=ADVANCED_FACE('',(#9609),#92,.T.);
#10580=ADVANCED_FACE('',(#9610),#243,.T.);
#10581=ADVANCED_FACE('',(#9611),#28,.T.);
#10582=ADVANCED_FACE('',(#9612),#244,.T.);
#10583=ADVANCED_FACE('',(#9613),#10154,.T.);
#10584=ADVANCED_FACE('',(#9614),#245,.T.);
#10585=ADVANCED_FACE('',(#9615),#29,.T.);
#10586=ADVANCED_FACE('',(#9616),#93,.T.);
#10587=ADVANCED_FACE('',(#9617),#30,.T.);
#10588=ADVANCED_FACE('',(#9618),#94,.T.);
#10589=ADVANCED_FACE('',(#9619),#13,.T.);
#10590=ADVANCED_FACE('',(#9620),#95,.T.);
#10591=ADVANCED_FACE('',(#9621),#31,.T.);
#10592=ADVANCED_FACE('',(#9622),#96,.T.);
#10593=ADVANCED_FACE('',(#9623),#32,.T.);
#10594=ADVANCED_FACE('',(#9624),#246,.T.);
#10595=ADVANCED_FACE('',(#9625),#247,.T.);
#10596=ADVANCED_FACE('',(#9626),#248,.T.);
#10597=ADVANCED_FACE('',(#9627),#249,.F.);
#10598=ADVANCED_FACE('',(#9628),#97,.F.);
#10599=ADVANCED_FACE('',(#9629),#250,.F.);
#10600=ADVANCED_FACE('',(#9630),#33,.F.);
#10601=ADVANCED_FACE('',(#9631),#251,.F.);
#10602=ADVANCED_FACE('',(#9632),#10155,.T.);
#10603=ADVANCED_FACE('',(#9633),#10156,.T.);
#10604=ADVANCED_FACE('',(#9634),#252,.F.);
#10605=ADVANCED_FACE('',(#9635),#34,.F.);
#10606=ADVANCED_FACE('',(#9636),#253,.F.);
#10607=ADVANCED_FACE('',(#9637),#98,.F.);
#10608=ADVANCED_FACE('',(#9638),#35,.F.);
#10609=ADVANCED_FACE('',(#9639),#254,.F.);
#10610=ADVANCED_FACE('',(#9640),#10157,.T.);
#10611=ADVANCED_FACE('',(#9641),#255,.F.);
#10612=ADVANCED_FACE('',(#9642),#36,.F.);
#10613=ADVANCED_FACE('',(#9643),#256,.F.);
#10614=ADVANCED_FACE('',(#9644),#257,.F.);
#10615=ADVANCED_FACE('',(#9645),#99,.F.);
#10616=ADVANCED_FACE('',(#9646),#258,.F.);
#10617=ADVANCED_FACE('',(#9647),#10158,.T.);
#10618=ADVANCED_FACE('',(#9648),#259,.T.);
#10619=ADVANCED_FACE('',(#9649),#260,.T.);
#10620=ADVANCED_FACE('',(#9650),#261,.T.);
#10621=ADVANCED_FACE('',(#9651),#37,.T.);
#10622=ADVANCED_FACE('',(#9652),#100,.T.);
#10623=ADVANCED_FACE('',(#9653),#14,.T.);
#10624=ADVANCED_FACE('',(#9654),#101,.T.);
#10625=ADVANCED_FACE('',(#9655),#38,.T.);
#10626=ADVANCED_FACE('',(#9656),#262,.F.);
#10627=ADVANCED_FACE('',(#9657),#102,.F.);
#10628=ADVANCED_FACE('',(#9658),#263,.F.);
#10629=ADVANCED_FACE('',(#9659),#39,.F.);
#10630=ADVANCED_FACE('',(#9660),#264,.F.);
#10631=ADVANCED_FACE('',(#9661),#265,.F.);
#10632=ADVANCED_FACE('',(#9662),#40,.F.);
#10633=ADVANCED_FACE('',(#9663),#266,.F.);
#10634=ADVANCED_FACE('',(#9664),#103,.T.);
#10635=ADVANCED_FACE('',(#9665),#267,.T.);
#10636=ADVANCED_FACE('',(#9666),#10159,.T.);
#10637=ADVANCED_FACE('',(#9667),#268,.F.);
#10638=ADVANCED_FACE('',(#9668),#104,.F.);
#10639=ADVANCED_FACE('',(#9669),#269,.F.);
#10640=ADVANCED_FACE('',(#9670),#270,.T.);
#10641=ADVANCED_FACE('',(#9671),#41,.T.);
#10642=ADVANCED_FACE('',(#9672),#271,.T.);
#10643=ADVANCED_FACE('',(#9673),#10160,.T.);
#10644=ADVANCED_FACE('',(#9674),#105,.F.);
#10645=ADVANCED_FACE('',(#9675),#42,.F.);
#10646=ADVANCED_FACE('',(#9676),#272,.F.);
#10647=ADVANCED_FACE('',(#9677),#106,.T.);
#10648=ADVANCED_FACE('',(#9678),#273,.T.);
#10649=ADVANCED_FACE('',(#9679),#10161,.T.);
#10650=ADVANCED_FACE('',(#9680),#274,.F.);
#10651=ADVANCED_FACE('',(#9681),#43,.F.);
#10652=ADVANCED_FACE('',(#9682),#275,.F.);
#10653=ADVANCED_FACE('',(#9683),#107,.T.);
#10654=ADVANCED_FACE('',(#9684),#276,.T.);
#10655=ADVANCED_FACE('',(#9685),#10162,.T.);
#10656=ADVANCED_FACE('',(#9686),#277,.F.);
#10657=ADVANCED_FACE('',(#9687),#108,.F.);
#10658=ADVANCED_FACE('',(#9688),#278,.T.);
#10659=ADVANCED_FACE('',(#9689),#44,.T.);
#10660=ADVANCED_FACE('',(#9690),#109,.F.);
#10661=ADVANCED_FACE('',(#9691),#110,.F.);
#10662=ADVANCED_FACE('',(#9692),#279,.T.);
#10663=ADVANCED_FACE('',(#9693),#111,.T.);
#10664=ADVANCED_FACE('',(#9694,#9695),#10163,.T.);
#10665=ADVANCED_FACE('',(#9696,#9697),#10164,.T.);
#10666=ADVANCED_FACE('',(#9698),#280,.T.);
#10667=ADVANCED_FACE('',(#9699),#45,.T.);
#10668=ADVANCED_FACE('',(#9700),#281,.T.);
#10669=ADVANCED_FACE('',(#9701),#46,.T.);
#10670=ADVANCED_FACE('',(#9702),#282,.T.);
#10671=ADVANCED_FACE('',(#9703),#10165,.T.);
#10672=ADVANCED_FACE('',(#9704),#283,.F.);
#10673=ADVANCED_FACE('',(#9705),#112,.F.);
#10674=ADVANCED_FACE('',(#9706),#113,.T.);
#10675=ADVANCED_FACE('',(#9707),#114,.F.);
#10676=ADVANCED_FACE('',(#9708),#284,.F.);
#10677=ADVANCED_FACE('',(#9709),#115,.F.);
#10678=ADVANCED_FACE('',(#9710),#285,.F.);
#10679=ADVANCED_FACE('',(#9711),#116,.T.);
#10680=ADVANCED_FACE('',(#9712),#286,.T.);
#10681=ADVANCED_FACE('',(#9713),#10166,.T.);
#10682=ADVANCED_FACE('',(#9714),#287,.F.);
#10683=ADVANCED_FACE('',(#9715),#288,.T.);
#10684=ADVANCED_FACE('',(#9716),#47,.T.);
#10685=ADVANCED_FACE('',(#9717),#289,.T.);
#10686=ADVANCED_FACE('',(#9718),#48,.T.);
#10687=ADVANCED_FACE('',(#9719),#290,.T.);
#10688=ADVANCED_FACE('',(#9720),#10167,.T.);
#10689=ADVANCED_FACE('',(#9721),#291,.F.);
#10690=ADVANCED_FACE('',(#9722),#117,.F.);
#10691=ADVANCED_FACE('',(#9723),#118,.T.);
#10692=ADVANCED_FACE('',(#9724),#119,.F.);
#10693=ADVANCED_FACE('',(#9725),#292,.F.);
#10694=ADVANCED_FACE('',(#9726),#120,.F.);
#10695=ADVANCED_FACE('',(#9727),#293,.F.);
#10696=ADVANCED_FACE('',(#9728),#121,.T.);
#10697=ADVANCED_FACE('',(#9729),#294,.T.);
#10698=ADVANCED_FACE('',(#9730),#10168,.T.);
#10699=ADVANCED_FACE('',(#9731),#295,.F.);
#10700=ADVANCED_FACE('',(#9732),#296,.T.);
#10701=ADVANCED_FACE('',(#9733),#49,.T.);
#10702=ADVANCED_FACE('',(#9734),#297,.T.);
#10703=ADVANCED_FACE('',(#9735),#50,.T.);
#10704=ADVANCED_FACE('',(#9736),#298,.T.);
#10705=ADVANCED_FACE('',(#9737),#122,.T.);
#10706=ADVANCED_FACE('',(#9738),#299,.F.);
#10707=ADVANCED_FACE('',(#9739),#10169,.T.);
#10708=ADVANCED_FACE('',(#9740),#300,.F.);
#10709=ADVANCED_FACE('',(#9741),#301,.T.);
#10710=ADVANCED_FACE('',(#9742),#10170,.T.);
#10711=ADVANCED_FACE('',(#9743),#302,.T.);
#10712=ADVANCED_FACE('',(#9744),#51,.T.);
#10713=ADVANCED_FACE('',(#9745),#303,.T.);
#10714=ADVANCED_FACE('',(#9746),#52,.T.);
#10715=ADVANCED_FACE('',(#9747),#304,.T.);
#10716=ADVANCED_FACE('',(#9748),#10171,.T.);
#10717=ADVANCED_FACE('',(#9749),#305,.F.);
#10718=ADVANCED_FACE('',(#9750),#306,.T.);
#10719=ADVANCED_FACE('',(#9751),#10172,.T.);
#10720=ADVANCED_FACE('',(#9752),#307,.T.);
#10721=ADVANCED_FACE('',(#9753),#53,.T.);
#10722=ADVANCED_FACE('',(#9754),#308,.T.);
#10723=ADVANCED_FACE('',(#9755),#54,.T.);
#10724=ADVANCED_FACE('',(#9756),#309,.T.);
#10725=ADVANCED_FACE('',(#9757),#10173,.T.);
#10726=ADVANCED_FACE('',(#9758),#310,.F.);
#10727=ADVANCED_FACE('',(#9759),#311,.T.);
#10728=ADVANCED_FACE('',(#9760),#10174,.T.);
#10729=ADVANCED_FACE('',(#9761),#312,.T.);
#10730=ADVANCED_FACE('',(#9762),#55,.T.);
#10731=ADVANCED_FACE('',(#9763),#313,.T.);
#10732=ADVANCED_FACE('',(#9764),#10175,.T.);
#10733=ADVANCED_FACE('',(#9765),#314,.T.);
#10734=ADVANCED_FACE('',(#9766),#315,.T.);
#10735=ADVANCED_FACE('',(#9767),#56,.T.);
#10736=ADVANCED_FACE('',(#9768),#123,.T.);
#10737=ADVANCED_FACE('',(#9769),#124,.T.);
#10738=ADVANCED_FACE('',(#9770),#125,.T.);
#10739=ADVANCED_FACE('',(#9771),#316,.T.);
#10740=ADVANCED_FACE('',(#9772),#126,.T.);
#10741=ADVANCED_FACE('',(#9773),#317,.T.);
#10742=ADVANCED_FACE('',(#9774),#127,.T.);
#10743=ADVANCED_FACE('',(#9775),#318,.T.);
#10744=ADVANCED_FACE('',(#9776),#10176,.F.);
#10745=ADVANCED_FACE('',(#9777),#319,.F.);
#10746=ADVANCED_FACE('',(#9778),#320,.T.);
#10747=ADVANCED_FACE('',(#9779),#321,.F.);
#10748=ADVANCED_FACE('',(#9780),#10177,.F.);
#10749=ADVANCED_FACE('',(#9781),#322,.F.);
#10750=ADVANCED_FACE('',(#9782),#10178,.F.);
#10751=ADVANCED_FACE('',(#9783),#323,.F.);
#10752=ADVANCED_FACE('',(#9784),#57,.F.);
#10753=ADVANCED_FACE('',(#9785),#324,.F.);
#10754=ADVANCED_FACE('',(#9786),#10179,.T.);
#10755=ADVANCED_FACE('',(#9787),#10180,.T.);
#10756=ADVANCED_FACE('',(#9788),#10181,.T.);
#10757=ADVANCED_FACE('',(#9789),#128,.F.);
#10758=ADVANCED_FACE('',(#9790),#58,.F.);
#10759=ADVANCED_FACE('',(#9791),#59,.F.);
#10760=ADVANCED_FACE('',(#9792),#325,.F.);
#10761=ADVANCED_FACE('',(#9793),#60,.F.);
#10762=ADVANCED_FACE('',(#9794),#326,.F.);
#10763=ADVANCED_FACE('',(#9795),#327,.F.);
#10764=ADVANCED_FACE('',(#9796),#61,.F.);
#10765=ADVANCED_FACE('',(#9797),#328,.F.);
#10766=ADVANCED_FACE('',(#9798),#129,.T.);
#10767=ADVANCED_FACE('',(#9799),#329,.T.);
#10768=ADVANCED_FACE('',(#9800),#130,.T.);
#10769=ADVANCED_FACE('',(#9801),#330,.T.);
#10770=ADVANCED_FACE('',(#9802),#131,.T.);
#10771=ADVANCED_FACE('',(#9803),#132,.T.);
#10772=ADVANCED_FACE('',(#9804),#133,.T.);
#10773=ADVANCED_FACE('',(#9805),#331,.T.);
#10774=ADVANCED_FACE('',(#9806),#10182,.F.);
#10775=ADVANCED_FACE('',(#9807),#332,.F.);
#10776=ADVANCED_FACE('',(#9808),#62,.F.);
#10777=ADVANCED_FACE('',(#9809),#333,.F.);
#10778=ADVANCED_FACE('',(#9810),#334,.T.);
#10779=ADVANCED_FACE('',(#9811),#134,.F.);
#10780=ADVANCED_FACE('',(#9812),#63,.F.);
#10781=ADVANCED_FACE('',(#9813),#335,.F.);
#10782=ADVANCED_FACE('',(#9814),#10183,.F.);
#10783=ADVANCED_FACE('',(#9815),#336,.F.);
#10784=ADVANCED_FACE('',(#9816),#64,.F.);
#10785=ADVANCED_FACE('',(#9817),#337,.F.);
#10786=ADVANCED_FACE('',(#9818),#10184,.F.);
#10787=ADVANCED_FACE('',(#9819),#338,.F.);
#10788=ADVANCED_FACE('',(#9820),#65,.F.);
#10789=ADVANCED_FACE('',(#9821),#339,.F.);
#10790=ADVANCED_FACE('',(#9822),#135,.T.);
#10791=ADVANCED_FACE('',(#9823),#340,.T.);
#10792=ADVANCED_FACE('',(#9824),#136,.T.);
#10793=ADVANCED_FACE('',(#9825),#341,.T.);
#10794=ADVANCED_FACE('',(#9826),#137,.T.);
#10795=ADVANCED_FACE('',(#9827),#342,.T.);
#10796=ADVANCED_FACE('',(#9828),#138,.T.);
#10797=ADVANCED_FACE('',(#9829),#139,.T.);
#10798=ADVANCED_FACE('',(#9830),#343,.T.);
#10799=ADVANCED_FACE('',(#9831),#140,.F.);
#10800=ADVANCED_FACE('',(#9832),#66,.F.);
#10801=ADVANCED_FACE('',(#9833),#344,.F.);
#10802=ADVANCED_FACE('',(#9834),#10185,.F.);
#10803=ADVANCED_FACE('',(#9835),#345,.F.);
#10804=ADVANCED_FACE('',(#9836),#67,.F.);
#10805=ADVANCED_FACE('',(#9837),#346,.F.);
#10806=ADVANCED_FACE('',(#9838),#10186,.F.);
#10807=ADVANCED_FACE('',(#9839),#347,.F.);
#10808=ADVANCED_FACE('',(#9840),#68,.F.);
#10809=ADVANCED_FACE('',(#9841),#348,.F.);
#10810=ADVANCED_FACE('',(#9842),#10187,.F.);
#10811=ADVANCED_FACE('',(#9843),#141,.T.);
#10812=ADVANCED_FACE('',(#9844),#349,.T.);
#10813=ADVANCED_FACE('',(#9845,#9846),#350,.F.);
#10814=ADVANCED_FACE('',(#9847),#10188,.T.);
#10815=ADVANCED_FACE('',(#9848),#10189,.T.);
#10816=ADVANCED_FACE('',(#9849),#10190,.T.);
#10817=ADVANCED_FACE('',(#9850),#10191,.T.);
#10818=ADVANCED_FACE('',(#9851),#10192,.T.);
#10819=ADVANCED_FACE('',(#9852),#10193,.T.);
#10820=ADVANCED_FACE('',(#9853),#10194,.T.);
#10821=ADVANCED_FACE('',(#9854),#10195,.T.);
#10822=CLOSED_SHELL('',(#10196,#10197,#10198,#10199,#10200,#10201,#10202,
#10203,#10204,#10205,#10206,#10207,#10208,#10209,#10210,#10211,#10212,#10213,
#10214,#10215,#10216,#10217,#10218,#10219,#10220,#10221,#10222,#10223,#10224,
#10225,#10226,#10227,#10228,#10229,#10230,#10231,#10232,#10233,#10234,#10235,
#10236,#10237,#10238,#10239,#10240,#10241,#10242,#10243,#10244,#10245,#10246,
#10247,#10248,#10249,#10250,#10251,#10252,#10253,#10254,#10255,#10256,#10257,
#10258,#10259,#10260,#10261,#10262,#10263,#10264,#10265,#10266,#10267,#10268,
#10269,#10270,#10271,#10272,#10273,#10274,#10275,#10276,#10277,#10278,#10279,
#10280,#10281,#10282,#10283,#10284,#10285,#10286,#10287,#10288,#10289,#10290,
#10291,#10292,#10293,#10294,#10295,#10296,#10297,#10298,#10299,#10300,#10301,
#10302,#10303,#10304,#10305,#10306,#10307,#10308,#10309,#10310,#10311,#10312,
#10313,#10314,#10315,#10316,#10317,#10318,#10319,#10320,#10321,#10322,#10323,
#10324,#10325,#10326,#10327,#10328,#10329,#10330,#10331,#10332,#10333,#10334,
#10335,#10336,#10337,#10338,#10339,#10340,#10341,#10342,#10343,#10344,#10345,
#10346,#10347,#10348,#10349,#10350,#10351,#10352,#10353,#10354,#10355,#10356,
#10357,#10358,#10359,#10360,#10361,#10362,#10363,#10364,#10365,#10366,#10367,
#10368,#10369,#10370,#10371,#10372,#10373,#10374,#10375,#10376,#10377,#10378,
#10379,#10380,#10381,#10382,#10383,#10384,#10385,#10386,#10387,#10388,#10389,
#10390,#10391,#10392,#10393,#10394,#10395,#10396,#10397,#10398,#10399,#10400,
#10401,#10402,#10403,#10404,#10405,#10406,#10407,#10408,#10409,#10410,#10411,
#10412,#10413,#10414,#10415,#10416,#10417,#10418,#10419,#10420,#10421,#10422,
#10423,#10424,#10425,#10426,#10427,#10428,#10429,#10430,#10431,#10432,#10433,
#10434,#10435,#10436,#10437,#10438,#10439,#10440,#10441,#10442,#10443,#10444,
#10445,#10446,#10447,#10448,#10449,#10450,#10451,#10452,#10453,#10454,#10455,
#10456,#10457,#10458,#10459,#10460,#10461,#10462,#10463,#10464,#10465,#10466,
#10467,#10468,#10469,#10470,#10471,#10472,#10473,#10474,#10475,#10476,#10477,
#10478,#10479,#10480,#10481,#10482,#10483,#10484,#10485,#10486,#10487,#10488,
#10489,#10490,#10491,#10492,#10493,#10494,#10495,#10496,#10497,#10498,#10499,
#10500,#10501,#10502,#10503,#10504,#10505,#10506,#10507,#10508,#10509,#10510,
#10511,#10512,#10513,#10514,#10515,#10516,#10517,#10518,#10519,#10520,#10521,
#10522,#10523,#10524,#10525,#10526,#10527,#10528,#10529,#10530,#10531,#10532,
#10533,#10534,#10535,#10536,#10537,#10538,#10539,#10540,#10541,#10542,#10543,
#10544,#10545,#10546,#10547,#10548,#10549,#10550,#10551,#10552,#10553,#10554,
#10555,#10556,#10557,#10558,#10559,#10560,#10561,#10562,#10563,#10564,#10565,
#10566,#10567,#10568,#10569,#10570,#10571,#10572,#10573,#10574,#10575,#10576,
#10577,#10578,#10579,#10580,#10581,#10582,#10583,#10584,#10585,#10586,#10587,
#10588,#10589,#10590,#10591,#10592,#10593,#10594,#10595,#10596,#10597,#10598,
#10599,#10600,#10601,#10602,#10603,#10604,#10605,#10606,#10607,#10608,#10609,
#10610,#10611,#10612,#10613,#10614,#10615,#10616,#10617,#10618,#10619,#10620,
#10621,#10622,#10623,#10624,#10625,#10626,#10627,#10628,#10629,#10630,#10631,
#10632,#10633,#10634,#10635,#10636,#10637,#10638,#10639,#10640,#10641,#10642,
#10643,#10644,#10645,#10646,#10647,#10648,#10649,#10650,#10651,#10652,#10653,
#10654,#10655,#10656,#10657,#10658,#10659,#10660,#10661,#10662,#10663,#10664,
#10665,#10666,#10667,#10668,#10669,#10670,#10671,#10672,#10673,#10674,#10675,
#10676,#10677,#10678,#10679,#10680,#10681,#10682,#10683,#10684,#10685,#10686,
#10687,#10688,#10689,#10690,#10691,#10692,#10693,#10694,#10695,#10696,#10697,
#10698,#10699,#10700,#10701,#10702,#10703,#10704,#10705,#10706,#10707,#10708,
#10709,#10710,#10711,#10712,#10713,#10714,#10715,#10716,#10717,#10718,#10719,
#10720,#10721,#10722,#10723,#10724,#10725,#10726,#10727,#10728,#10729,#10730,
#10731,#10732,#10733,#10734,#10735,#10736,#10737,#10738,#10739,#10740,#10741,
#10742,#10743,#10744,#10745,#10746,#10747,#10748,#10749,#10750,#10751,#10752,
#10753,#10754,#10755,#10756,#10757,#10758,#10759,#10760,#10761,#10762,#10763,
#10764,#10765,#10766,#10767,#10768,#10769,#10770,#10771,#10772,#10773,#10774,
#10775,#10776,#10777,#10778,#10779,#10780,#10781,#10782,#10783,#10784,#10785,
#10786,#10787,#10788,#10789,#10790,#10791,#10792,#10793,#10794,#10795,#10796,
#10797,#10798,#10799,#10800,#10801,#10802,#10803,#10804,#10805,#10806,#10807,
#10808,#10809,#10810,#10811,#10812,#10813,#10814,#10815,#10816,#10817,#10818,
#10819,#10820,#10821));
#10823=STYLED_ITEM('',(#10824),#10903);
#10824=PRESENTATION_STYLE_ASSIGNMENT((#10837));
#10825=PRESENTATION_STYLE_ASSIGNMENT((#10838));
#10826=PRESENTATION_STYLE_ASSIGNMENT((#10839));
#10827=PRESENTATION_STYLE_ASSIGNMENT((#10840));
#10828=PRESENTATION_STYLE_ASSIGNMENT((#10841));
#10829=PRESENTATION_STYLE_ASSIGNMENT((#10842));
#10830=PRESENTATION_STYLE_ASSIGNMENT((#10843));
#10831=PRESENTATION_STYLE_ASSIGNMENT((#10844));
#10832=PRESENTATION_STYLE_ASSIGNMENT((#10845));
#10833=PRESENTATION_STYLE_ASSIGNMENT((#10846));
#10834=PRESENTATION_STYLE_ASSIGNMENT((#10847));
#10835=PRESENTATION_STYLE_ASSIGNMENT((#10848));
#10836=PRESENTATION_STYLE_ASSIGNMENT((#10849));
#10837=SURFACE_STYLE_USAGE(.BOTH.,#10850);
#10838=SURFACE_STYLE_USAGE(.BOTH.,#10851);
#10839=SURFACE_STYLE_USAGE(.BOTH.,#10852);
#10840=SURFACE_STYLE_USAGE(.BOTH.,#10853);
#10841=SURFACE_STYLE_USAGE(.BOTH.,#10854);
#10842=SURFACE_STYLE_USAGE(.BOTH.,#10855);
#10843=SURFACE_STYLE_USAGE(.BOTH.,#10856);
#10844=SURFACE_STYLE_USAGE(.BOTH.,#10857);
#10845=SURFACE_STYLE_USAGE(.BOTH.,#10858);
#10846=SURFACE_STYLE_USAGE(.BOTH.,#10859);
#10847=SURFACE_STYLE_USAGE(.BOTH.,#10860);
#10848=SURFACE_STYLE_USAGE(.BOTH.,#10861);
#10849=SURFACE_STYLE_USAGE(.BOTH.,#10862);
#10850=SURFACE_SIDE_STYLE('',(#10863));
#10851=SURFACE_SIDE_STYLE('',(#10864));
#10852=SURFACE_SIDE_STYLE('',(#10865));
#10853=SURFACE_SIDE_STYLE('',(#10866));
#10854=SURFACE_SIDE_STYLE('',(#10867));
#10855=SURFACE_SIDE_STYLE('',(#10868));
#10856=SURFACE_SIDE_STYLE('',(#10869));
#10857=SURFACE_SIDE_STYLE('',(#10870));
#10858=SURFACE_SIDE_STYLE('',(#10871));
#10859=SURFACE_SIDE_STYLE('',(#10872));
#10860=SURFACE_SIDE_STYLE('',(#10873));
#10861=SURFACE_SIDE_STYLE('',(#10874));
#10862=SURFACE_SIDE_STYLE('',(#10875));
#10863=SURFACE_STYLE_FILL_AREA(#10876);
#10864=SURFACE_STYLE_FILL_AREA(#10877);
#10865=SURFACE_STYLE_FILL_AREA(#10878);
#10866=SURFACE_STYLE_FILL_AREA(#10879);
#10867=SURFACE_STYLE_FILL_AREA(#10880);
#10868=SURFACE_STYLE_FILL_AREA(#10881);
#10869=SURFACE_STYLE_FILL_AREA(#10882);
#10870=SURFACE_STYLE_FILL_AREA(#10883);
#10871=SURFACE_STYLE_FILL_AREA(#10884);
#10872=SURFACE_STYLE_FILL_AREA(#10885);
#10873=SURFACE_STYLE_FILL_AREA(#10886);
#10874=SURFACE_STYLE_FILL_AREA(#10887);
#10875=SURFACE_STYLE_FILL_AREA(#10888);
#10876=FILL_AREA_STYLE('',(#10889));
#10877=FILL_AREA_STYLE('',(#10890));
#10878=FILL_AREA_STYLE('',(#10891));
#10879=FILL_AREA_STYLE('',(#10892));
#10880=FILL_AREA_STYLE('',(#10893));
#10881=FILL_AREA_STYLE('',(#10894));
#10882=FILL_AREA_STYLE('',(#10895));
#10883=FILL_AREA_STYLE('',(#10896));
#10884=FILL_AREA_STYLE('',(#10897));
#10885=FILL_AREA_STYLE('',(#10898));
#10886=FILL_AREA_STYLE('',(#10899));
#10887=FILL_AREA_STYLE('',(#10900));
#10888=FILL_AREA_STYLE('',(#10901));
#10889=FILL_AREA_STYLE_COLOUR('',#10902);
#10890=FILL_AREA_STYLE_COLOUR('',#363);
#10891=FILL_AREA_STYLE_COLOUR('',#363);
#10892=FILL_AREA_STYLE_COLOUR('',#363);
#10893=FILL_AREA_STYLE_COLOUR('',#363);
#10894=FILL_AREA_STYLE_COLOUR('',#363);
#10895=FILL_AREA_STYLE_COLOUR('',#363);
#10896=FILL_AREA_STYLE_COLOUR('',#363);
#10897=FILL_AREA_STYLE_COLOUR('',#363);
#10898=FILL_AREA_STYLE_COLOUR('',#363);
#10899=FILL_AREA_STYLE_COLOUR('',#363);
#10900=FILL_AREA_STYLE_COLOUR('',#363);
#10901=FILL_AREA_STYLE_COLOUR('',#363);
#10902=COLOUR_RGB('',0.980392156862745,0.713725490196078,0.00392156862745098);
#10903=MANIFOLD_SOLID_BREP('Part 1',#10822);
#10904=SHAPE_DEFINITION_REPRESENTATION(#18395,#10905);
#10905=SHAPE_REPRESENTATION('Part 1',(#10906),#18390);
#10906=AXIS2_PLACEMENT_3D('',#15086,#11935,#11936);
#10907=AXIS2_PLACEMENT_3D('',#15087,#11937,#11938);
#10908=AXIS2_PLACEMENT_3D('',#15091,#11940,#11941);
#10909=AXIS2_PLACEMENT_3D('',#15095,#11943,#11944);
#10910=AXIS2_PLACEMENT_3D('',#15099,#11946,#11947);
#10911=AXIS2_PLACEMENT_3D('',#15101,#11948,#11949);
#10912=AXIS2_PLACEMENT_3D('',#15103,#11950,#11951);
#10913=AXIS2_PLACEMENT_3D('',#15107,#11953,#11954);
#10914=AXIS2_PLACEMENT_3D('',#15111,#11956,#11957);
#10915=AXIS2_PLACEMENT_3D('',#15113,#11958,#11959);
#10916=AXIS2_PLACEMENT_3D('',#15115,#11960,#11961);
#10917=AXIS2_PLACEMENT_3D('',#15119,#11963,#11964);
#10918=AXIS2_PLACEMENT_3D('',#15120,#11965,#11966);
#10919=AXIS2_PLACEMENT_3D('',#15123,#11967,#11968);
#10920=AXIS2_PLACEMENT_3D('',#15127,#11970,#11971);
#10921=AXIS2_PLACEMENT_3D('',#15131,#11973,#11974);
#10922=AXIS2_PLACEMENT_3D('',#15135,#11976,#11977);
#10923=AXIS2_PLACEMENT_3D('',#15141,#11980,#11981);
#10924=AXIS2_PLACEMENT_3D('',#15149,#11985,#11986);
#10925=AXIS2_PLACEMENT_3D('',#15157,#11990,#11991);
#10926=AXIS2_PLACEMENT_3D('',#15176,#12001,#12002);
#10927=AXIS2_PLACEMENT_3D('',#15217,#12023,#12024);
#10928=AXIS2_PLACEMENT_3D('',#15258,#12045,#12046);
#10929=AXIS2_PLACEMENT_3D('',#15259,#12047,#12048);
#10930=AXIS2_PLACEMENT_3D('',#15264,#12050,#12051);
#10931=AXIS2_PLACEMENT_3D('',#15272,#12055,#12056);
#10932=AXIS2_PLACEMENT_3D('',#15276,#12058,#12059);
#10933=AXIS2_PLACEMENT_3D('',#15517,#12180,#12181);
#10934=AXIS2_PLACEMENT_3D('',#15518,#12182,#12183);
#10935=AXIS2_PLACEMENT_3D('',#15523,#12185,#12186);
#10936=AXIS2_PLACEMENT_3D('',#15526,#12188,#12189);
#10937=AXIS2_PLACEMENT_3D('',#15527,#12190,#12191);
#10938=AXIS2_PLACEMENT_3D('',#15532,#12193,#12194);
#10939=AXIS2_PLACEMENT_3D('',#15538,#12197,#12198);
#10940=AXIS2_PLACEMENT_3D('',#15542,#12200,#12201);
#10941=AXIS2_PLACEMENT_3D('',#15713,#12287,#12288);
#10942=AXIS2_PLACEMENT_3D('',#15719,#12292,#12293);
#10943=AXIS2_PLACEMENT_3D('',#15723,#12296,#12297);
#10944=AXIS2_PLACEMENT_3D('',#15727,#12300,#12301);
#10945=AXIS2_PLACEMENT_3D('',#15731,#12304,#12305);
#10946=AXIS2_PLACEMENT_3D('',#15735,#12308,#12309);
#10947=AXIS2_PLACEMENT_3D('',#15739,#12312,#12313);
#10948=AXIS2_PLACEMENT_3D('',#15743,#12316,#12317);
#10949=AXIS2_PLACEMENT_3D('',#15747,#12320,#12321);
#10950=AXIS2_PLACEMENT_3D('',#15751,#12324,#12325);
#10951=AXIS2_PLACEMENT_3D('',#15755,#12328,#12329);
#10952=AXIS2_PLACEMENT_3D('',#15759,#12332,#12333);
#10953=AXIS2_PLACEMENT_3D('',#15763,#12336,#12337);
#10954=AXIS2_PLACEMENT_3D('',#15767,#12340,#12341);
#10955=AXIS2_PLACEMENT_3D('',#15771,#12344,#12345);
#10956=AXIS2_PLACEMENT_3D('',#15775,#12348,#12349);
#10957=AXIS2_PLACEMENT_3D('',#15779,#12352,#12353);
#10958=AXIS2_PLACEMENT_3D('',#15783,#12356,#12357);
#10959=AXIS2_PLACEMENT_3D('',#15787,#12360,#12361);
#10960=AXIS2_PLACEMENT_3D('',#15791,#12364,#12365);
#10961=AXIS2_PLACEMENT_3D('',#15793,#12367,#12368);
#10962=AXIS2_PLACEMENT_3D('',#15846,#12395,#12396);
#10963=AXIS2_PLACEMENT_3D('',#15867,#12407,#12408);
#10964=AXIS2_PLACEMENT_3D('',#15880,#12415,#12416);
#10965=AXIS2_PLACEMENT_3D('',#15929,#12441,#12442);
#10966=AXIS2_PLACEMENT_3D('',#16010,#12483,#12484);
#10967=AXIS2_PLACEMENT_3D('',#16035,#12497,#12498);
#10968=AXIS2_PLACEMENT_3D('',#16038,#12501,#12502);
#10969=AXIS2_PLACEMENT_3D('',#16040,#12504,#12505);
#10970=AXIS2_PLACEMENT_3D('',#16042,#12507,#12508);
#10971=AXIS2_PLACEMENT_3D('',#16044,#12510,#12511);
#10972=AXIS2_PLACEMENT_3D('',#16046,#12513,#12514);
#10973=AXIS2_PLACEMENT_3D('',#16048,#12516,#12517);
#10974=AXIS2_PLACEMENT_3D('',#16050,#12519,#12520);
#10975=AXIS2_PLACEMENT_3D('',#16052,#12522,#12523);
#10976=AXIS2_PLACEMENT_3D('',#16054,#12525,#12526);
#10977=AXIS2_PLACEMENT_3D('',#16056,#12528,#12529);
#10978=AXIS2_PLACEMENT_3D('',#16058,#12531,#12532);
#10979=AXIS2_PLACEMENT_3D('',#16060,#12534,#12535);
#10980=AXIS2_PLACEMENT_3D('',#16062,#12537,#12538);
#10981=AXIS2_PLACEMENT_3D('',#16064,#12540,#12541);
#10982=AXIS2_PLACEMENT_3D('',#16066,#12543,#12544);
#10983=AXIS2_PLACEMENT_3D('',#16068,#12546,#12547);
#10984=AXIS2_PLACEMENT_3D('',#16070,#12549,#12550);
#10985=AXIS2_PLACEMENT_3D('',#16072,#12552,#12553);
#10986=AXIS2_PLACEMENT_3D('',#16074,#12555,#12556);
#10987=AXIS2_PLACEMENT_3D('',#16076,#12558,#12559);
#10988=AXIS2_PLACEMENT_3D('',#16078,#12561,#12562);
#10989=AXIS2_PLACEMENT_3D('',#16080,#12564,#12565);
#10990=AXIS2_PLACEMENT_3D('',#16082,#12567,#12568);
#10991=AXIS2_PLACEMENT_3D('',#16084,#12570,#12571);
#10992=AXIS2_PLACEMENT_3D('',#16086,#12573,#12574);
#10993=AXIS2_PLACEMENT_3D('',#16087,#12575,#12576);
#10994=AXIS2_PLACEMENT_3D('',#16090,#12579,#12580);
#10995=AXIS2_PLACEMENT_3D('',#16092,#12582,#12583);
#10996=AXIS2_PLACEMENT_3D('',#16094,#12585,#12586);
#10997=AXIS2_PLACEMENT_3D('',#16096,#12588,#12589);
#10998=AXIS2_PLACEMENT_3D('',#16098,#12591,#12592);
#10999=AXIS2_PLACEMENT_3D('',#16100,#12594,#12595);
#11000=AXIS2_PLACEMENT_3D('',#16102,#12597,#12598);
#11001=AXIS2_PLACEMENT_3D('',#16104,#12600,#12601);
#11002=AXIS2_PLACEMENT_3D('',#16106,#12603,#12604);
#11003=AXIS2_PLACEMENT_3D('',#16107,#12605,#12606);
#11004=AXIS2_PLACEMENT_3D('',#16110,#12609,#12610);
#11005=AXIS2_PLACEMENT_3D('',#16112,#12612,#12613);
#11006=AXIS2_PLACEMENT_3D('',#16114,#12615,#12616);
#11007=AXIS2_PLACEMENT_3D('',#16116,#12618,#12619);
#11008=AXIS2_PLACEMENT_3D('',#16118,#12621,#12622);
#11009=AXIS2_PLACEMENT_3D('',#16119,#12623,#12624);
#11010=AXIS2_PLACEMENT_3D('',#16122,#12627,#12628);
#11011=AXIS2_PLACEMENT_3D('',#16124,#12630,#12631);
#11012=AXIS2_PLACEMENT_3D('',#16126,#12633,#12634);
#11013=AXIS2_PLACEMENT_3D('',#16128,#12636,#12637);
#11014=AXIS2_PLACEMENT_3D('',#16130,#12639,#12640);
#11015=AXIS2_PLACEMENT_3D('',#16132,#12642,#12643);
#11016=AXIS2_PLACEMENT_3D('',#16134,#12645,#12646);
#11017=AXIS2_PLACEMENT_3D('',#16136,#12648,#12649);
#11018=AXIS2_PLACEMENT_3D('',#16138,#12651,#12652);
#11019=AXIS2_PLACEMENT_3D('',#16140,#12654,#12655);
#11020=AXIS2_PLACEMENT_3D('',#16142,#12657,#12658);
#11021=AXIS2_PLACEMENT_3D('',#16144,#12660,#12661);
#11022=AXIS2_PLACEMENT_3D('',#16146,#12663,#12664);
#11023=AXIS2_PLACEMENT_3D('',#16148,#12666,#12667);
#11024=AXIS2_PLACEMENT_3D('',#16150,#12669,#12670);
#11025=AXIS2_PLACEMENT_3D('',#16152,#12672,#12673);
#11026=AXIS2_PLACEMENT_3D('',#16154,#12675,#12676);
#11027=AXIS2_PLACEMENT_3D('',#16156,#12678,#12679);
#11028=AXIS2_PLACEMENT_3D('',#16158,#12681,#12682);
#11029=AXIS2_PLACEMENT_3D('',#16160,#12684,#12685);
#11030=AXIS2_PLACEMENT_3D('',#16162,#12687,#12688);
#11031=AXIS2_PLACEMENT_3D('',#16164,#12690,#12691);
#11032=AXIS2_PLACEMENT_3D('',#16166,#12693,#12694);
#11033=AXIS2_PLACEMENT_3D('',#16167,#12695,#12696);
#11034=AXIS2_PLACEMENT_3D('',#16170,#12699,#12700);
#11035=AXIS2_PLACEMENT_3D('',#16172,#12702,#12703);
#11036=AXIS2_PLACEMENT_3D('',#16174,#12705,#12706);
#11037=AXIS2_PLACEMENT_3D('',#16176,#12708,#12709);
#11038=AXIS2_PLACEMENT_3D('',#16178,#12711,#12712);
#11039=AXIS2_PLACEMENT_3D('',#16180,#12714,#12715);
#11040=AXIS2_PLACEMENT_3D('',#16182,#12717,#12718);
#11041=AXIS2_PLACEMENT_3D('',#16184,#12720,#12721);
#11042=AXIS2_PLACEMENT_3D('',#16186,#12723,#12724);
#11043=AXIS2_PLACEMENT_3D('',#16188,#12726,#12727);
#11044=AXIS2_PLACEMENT_3D('',#16190,#12729,#12730);
#11045=AXIS2_PLACEMENT_3D('',#16192,#12732,#12733);
#11046=AXIS2_PLACEMENT_3D('',#16194,#12735,#12736);
#11047=AXIS2_PLACEMENT_3D('',#16196,#12738,#12739);
#11048=AXIS2_PLACEMENT_3D('',#16198,#12741,#12742);
#11049=AXIS2_PLACEMENT_3D('',#16200,#12744,#12745);
#11050=AXIS2_PLACEMENT_3D('',#16202,#12747,#12748);
#11051=AXIS2_PLACEMENT_3D('',#16204,#12750,#12751);
#11052=AXIS2_PLACEMENT_3D('',#16206,#12753,#12754);
#11053=AXIS2_PLACEMENT_3D('',#16208,#12756,#12757);
#11054=AXIS2_PLACEMENT_3D('',#16210,#12759,#12760);
#11055=AXIS2_PLACEMENT_3D('',#16212,#12762,#12763);
#11056=AXIS2_PLACEMENT_3D('',#16214,#12765,#12766);
#11057=AXIS2_PLACEMENT_3D('',#16216,#12768,#12769);
#11058=AXIS2_PLACEMENT_3D('',#16218,#12771,#12772);
#11059=AXIS2_PLACEMENT_3D('',#16220,#12774,#12775);
#11060=AXIS2_PLACEMENT_3D('',#16222,#12777,#12778);
#11061=AXIS2_PLACEMENT_3D('',#16224,#12780,#12781);
#11062=AXIS2_PLACEMENT_3D('',#16226,#12783,#12784);
#11063=AXIS2_PLACEMENT_3D('',#16228,#12786,#12787);
#11064=AXIS2_PLACEMENT_3D('',#16230,#12789,#12790);
#11065=AXIS2_PLACEMENT_3D('',#16232,#12792,#12793);
#11066=AXIS2_PLACEMENT_3D('',#16234,#12795,#12796);
#11067=AXIS2_PLACEMENT_3D('',#16236,#12798,#12799);
#11068=AXIS2_PLACEMENT_3D('',#16238,#12801,#12802);
#11069=AXIS2_PLACEMENT_3D('',#16240,#12804,#12805);
#11070=AXIS2_PLACEMENT_3D('',#16242,#12807,#12808);
#11071=AXIS2_PLACEMENT_3D('',#16244,#12810,#12811);
#11072=AXIS2_PLACEMENT_3D('',#16246,#12813,#12814);
#11073=AXIS2_PLACEMENT_3D('',#16247,#12815,#12816);
#11074=AXIS2_PLACEMENT_3D('',#16250,#12819,#12820);
#11075=AXIS2_PLACEMENT_3D('',#16252,#12822,#12823);
#11076=AXIS2_PLACEMENT_3D('',#16254,#12825,#12826);
#11077=AXIS2_PLACEMENT_3D('',#16256,#12828,#12829);
#11078=AXIS2_PLACEMENT_3D('',#16258,#12831,#12832);
#11079=AXIS2_PLACEMENT_3D('',#16260,#12834,#12835);
#11080=AXIS2_PLACEMENT_3D('',#16262,#12837,#12838);
#11081=AXIS2_PLACEMENT_3D('',#16264,#12840,#12841);
#11082=AXIS2_PLACEMENT_3D('',#16266,#12843,#12844);
#11083=AXIS2_PLACEMENT_3D('',#16268,#12846,#12847);
#11084=AXIS2_PLACEMENT_3D('',#16270,#12849,#12850);
#11085=AXIS2_PLACEMENT_3D('',#16271,#12851,#12852);
#11086=AXIS2_PLACEMENT_3D('',#16277,#12856,#12857);
#11087=AXIS2_PLACEMENT_3D('',#16281,#12860,#12861);
#11088=AXIS2_PLACEMENT_3D('',#16285,#12864,#12865);
#11089=AXIS2_PLACEMENT_3D('',#16289,#12868,#12869);
#11090=AXIS2_PLACEMENT_3D('',#16293,#12872,#12873);
#11091=AXIS2_PLACEMENT_3D('',#16297,#12876,#12877);
#11092=AXIS2_PLACEMENT_3D('',#16301,#12880,#12881);
#11093=AXIS2_PLACEMENT_3D('',#16305,#12884,#12885);
#11094=AXIS2_PLACEMENT_3D('',#16309,#12888,#12889);
#11095=AXIS2_PLACEMENT_3D('',#16313,#12892,#12893);
#11096=AXIS2_PLACEMENT_3D('',#16317,#12896,#12897);
#11097=AXIS2_PLACEMENT_3D('',#16321,#12900,#12901);
#11098=AXIS2_PLACEMENT_3D('',#16325,#12904,#12905);
#11099=AXIS2_PLACEMENT_3D('',#16329,#12908,#12909);
#11100=AXIS2_PLACEMENT_3D('',#16333,#12912,#12913);
#11101=AXIS2_PLACEMENT_3D('',#16337,#12916,#12917);
#11102=AXIS2_PLACEMENT_3D('',#16341,#12920,#12921);
#11103=AXIS2_PLACEMENT_3D('',#16345,#12924,#12925);
#11104=AXIS2_PLACEMENT_3D('',#16349,#12928,#12929);
#11105=AXIS2_PLACEMENT_3D('',#16351,#12931,#12932);
#11106=AXIS2_PLACEMENT_3D('',#16364,#12939,#12940);
#11107=AXIS2_PLACEMENT_3D('',#16413,#12965,#12966);
#11108=AXIS2_PLACEMENT_3D('',#16494,#13007,#13008);
#11109=AXIS2_PLACEMENT_3D('',#16519,#13021,#13022);
#11110=AXIS2_PLACEMENT_3D('',#16522,#13025,#13026);
#11111=AXIS2_PLACEMENT_3D('',#16524,#13028,#13029);
#11112=AXIS2_PLACEMENT_3D('',#16526,#13031,#13032);
#11113=AXIS2_PLACEMENT_3D('',#16528,#13034,#13035);
#11114=AXIS2_PLACEMENT_3D('',#16530,#13037,#13038);
#11115=AXIS2_PLACEMENT_3D('',#16531,#13039,#13040);
#11116=AXIS2_PLACEMENT_3D('',#16534,#13043,#13044);
#11117=AXIS2_PLACEMENT_3D('',#16536,#13046,#13047);
#11118=AXIS2_PLACEMENT_3D('',#16538,#13049,#13050);
#11119=AXIS2_PLACEMENT_3D('',#16540,#13052,#13053);
#11120=AXIS2_PLACEMENT_3D('',#16542,#13055,#13056);
#11121=AXIS2_PLACEMENT_3D('',#16544,#13058,#13059);
#11122=AXIS2_PLACEMENT_3D('',#16546,#13061,#13062);
#11123=AXIS2_PLACEMENT_3D('',#16548,#13064,#13065);
#11124=AXIS2_PLACEMENT_3D('',#16550,#13067,#13068);
#11125=AXIS2_PLACEMENT_3D('',#16552,#13070,#13071);
#11126=AXIS2_PLACEMENT_3D('',#16554,#13073,#13074);
#11127=AXIS2_PLACEMENT_3D('',#16556,#13076,#13077);
#11128=AXIS2_PLACEMENT_3D('',#16558,#13079,#13080);
#11129=AXIS2_PLACEMENT_3D('',#16560,#13082,#13083);
#11130=AXIS2_PLACEMENT_3D('',#16562,#13085,#13086);
#11131=AXIS2_PLACEMENT_3D('',#16564,#13088,#13089);
#11132=AXIS2_PLACEMENT_3D('',#16566,#13091,#13092);
#11133=AXIS2_PLACEMENT_3D('',#16568,#13094,#13095);
#11134=AXIS2_PLACEMENT_3D('',#16570,#13097,#13098);
#11135=AXIS2_PLACEMENT_3D('',#16572,#13100,#13101);
#11136=AXIS2_PLACEMENT_3D('',#16574,#13103,#13104);
#11137=AXIS2_PLACEMENT_3D('',#16576,#13106,#13107);
#11138=AXIS2_PLACEMENT_3D('',#16578,#13109,#13110);
#11139=AXIS2_PLACEMENT_3D('',#16579,#13111,#13112);
#11140=AXIS2_PLACEMENT_3D('',#16582,#13115,#13116);
#11141=AXIS2_PLACEMENT_3D('',#16584,#13118,#13119);
#11142=AXIS2_PLACEMENT_3D('',#16586,#13121,#13122);
#11143=AXIS2_PLACEMENT_3D('',#16588,#13124,#13125);
#11144=AXIS2_PLACEMENT_3D('',#16590,#13127,#13128);
#11145=AXIS2_PLACEMENT_3D('',#16592,#13130,#13131);
#11146=AXIS2_PLACEMENT_3D('',#16594,#13133,#13134);
#11147=AXIS2_PLACEMENT_3D('',#16596,#13136,#13137);
#11148=AXIS2_PLACEMENT_3D('',#16598,#13139,#13140);
#11149=AXIS2_PLACEMENT_3D('',#16600,#13142,#13143);
#11150=AXIS2_PLACEMENT_3D('',#16602,#13145,#13146);
#11151=AXIS2_PLACEMENT_3D('',#16604,#13148,#13149);
#11152=AXIS2_PLACEMENT_3D('',#16606,#13151,#13152);
#11153=AXIS2_PLACEMENT_3D('',#16608,#13154,#13155);
#11154=AXIS2_PLACEMENT_3D('',#16610,#13157,#13158);
#11155=AXIS2_PLACEMENT_3D('',#16612,#13160,#13161);
#11156=AXIS2_PLACEMENT_3D('',#16614,#13163,#13164);
#11157=AXIS2_PLACEMENT_3D('',#16616,#13166,#13167);
#11158=AXIS2_PLACEMENT_3D('',#16618,#13169,#13170);
#11159=AXIS2_PLACEMENT_3D('',#16620,#13172,#13173);
#11160=AXIS2_PLACEMENT_3D('',#16622,#13175,#13176);
#11161=AXIS2_PLACEMENT_3D('',#16624,#13178,#13179);
#11162=AXIS2_PLACEMENT_3D('',#16626,#13181,#13182);
#11163=AXIS2_PLACEMENT_3D('',#16628,#13184,#13185);
#11164=AXIS2_PLACEMENT_3D('',#16630,#13187,#13188);
#11165=AXIS2_PLACEMENT_3D('',#16632,#13190,#13191);
#11166=AXIS2_PLACEMENT_3D('',#16634,#13193,#13194);
#11167=AXIS2_PLACEMENT_3D('',#16636,#13196,#13197);
#11168=AXIS2_PLACEMENT_3D('',#16638,#13199,#13200);
#11169=AXIS2_PLACEMENT_3D('',#16640,#13202,#13203);
#11170=AXIS2_PLACEMENT_3D('',#16642,#13205,#13206);
#11171=AXIS2_PLACEMENT_3D('',#16644,#13208,#13209);
#11172=AXIS2_PLACEMENT_3D('',#16646,#13211,#13212);
#11173=AXIS2_PLACEMENT_3D('',#16648,#13214,#13215);
#11174=AXIS2_PLACEMENT_3D('',#16650,#13217,#13218);
#11175=AXIS2_PLACEMENT_3D('',#16652,#13220,#13221);
#11176=AXIS2_PLACEMENT_3D('',#16654,#13223,#13224);
#11177=AXIS2_PLACEMENT_3D('',#16656,#13226,#13227);
#11178=AXIS2_PLACEMENT_3D('',#16658,#13229,#13230);
#11179=AXIS2_PLACEMENT_3D('',#16659,#13231,#13232);
#11180=AXIS2_PLACEMENT_3D('',#16662,#13235,#13236);
#11181=AXIS2_PLACEMENT_3D('',#16664,#13238,#13239);
#11182=AXIS2_PLACEMENT_3D('',#16666,#13241,#13242);
#11183=AXIS2_PLACEMENT_3D('',#16668,#13244,#13245);
#11184=AXIS2_PLACEMENT_3D('',#16670,#13247,#13248);
#11185=AXIS2_PLACEMENT_3D('',#16672,#13250,#13251);
#11186=AXIS2_PLACEMENT_3D('',#16674,#13253,#13254);
#11187=AXIS2_PLACEMENT_3D('',#16676,#13256,#13257);
#11188=AXIS2_PLACEMENT_3D('',#16678,#13259,#13260);
#11189=AXIS2_PLACEMENT_3D('',#16680,#13262,#13263);
#11190=AXIS2_PLACEMENT_3D('',#16682,#13265,#13266);
#11191=AXIS2_PLACEMENT_3D('',#16683,#13267,#13268);
#11192=AXIS2_PLACEMENT_3D('',#16689,#13272,#13273);
#11193=AXIS2_PLACEMENT_3D('',#16693,#13276,#13277);
#11194=AXIS2_PLACEMENT_3D('',#16697,#13280,#13281);
#11195=AXIS2_PLACEMENT_3D('',#16698,#13282,#13283);
#11196=AXIS2_PLACEMENT_3D('',#16701,#13285,#13286);
#11197=AXIS2_PLACEMENT_3D('',#16705,#13289,#13290);
#11198=AXIS2_PLACEMENT_3D('',#16706,#13291,#13292);
#11199=AXIS2_PLACEMENT_3D('',#16709,#13294,#13295);
#11200=AXIS2_PLACEMENT_3D('',#16711,#13297,#13298);
#11201=AXIS2_PLACEMENT_3D('',#16712,#13299,#13300);
#11202=AXIS2_PLACEMENT_3D('',#16718,#13304,#13305);
#11203=AXIS2_PLACEMENT_3D('',#16722,#13308,#13309);
#11204=AXIS2_PLACEMENT_3D('',#16725,#13311,#13312);
#11205=AXIS2_PLACEMENT_3D('',#16729,#13314,#13315);
#11206=AXIS2_PLACEMENT_3D('',#16732,#13317,#13318);
#11207=AXIS2_PLACEMENT_3D('',#16734,#13320,#13321);
#11208=AXIS2_PLACEMENT_3D('',#16736,#13323,#13324);
#11209=AXIS2_PLACEMENT_3D('',#16738,#13326,#13327);
#11210=AXIS2_PLACEMENT_3D('',#16740,#13329,#13330);
#11211=AXIS2_PLACEMENT_3D('',#16741,#13331,#13332);
#11212=AXIS2_PLACEMENT_3D('',#16749,#13334,#13335);
#11213=AXIS2_PLACEMENT_3D('',#16750,#13336,#13337);
#11214=AXIS2_PLACEMENT_3D('',#16751,#13338,#13339);
#11215=AXIS2_PLACEMENT_3D('',#16753,#13340,#13341);
#11216=AXIS2_PLACEMENT_3D('',#16754,#13342,#13343);
#11217=AXIS2_PLACEMENT_3D('',#16761,#13345,#13346);
#11218=AXIS2_PLACEMENT_3D('',#16779,#13347,#13348);
#11219=AXIS2_PLACEMENT_3D('',#16780,#13349,#13350);
#11220=AXIS2_PLACEMENT_3D('',#16787,#13351,#13352);
#11221=AXIS2_PLACEMENT_3D('',#16798,#13353,#13354);
#11222=AXIS2_PLACEMENT_3D('',#16810,#13361,#13362);
#11223=AXIS2_PLACEMENT_3D('',#16811,#13363,#13364);
#11224=AXIS2_PLACEMENT_3D('',#16814,#13366,#13367);
#11225=AXIS2_PLACEMENT_3D('',#16817,#13369,#13370);
#11226=AXIS2_PLACEMENT_3D('',#16821,#13372,#13373);
#11227=AXIS2_PLACEMENT_3D('',#16825,#13375,#13376);
#11228=AXIS2_PLACEMENT_3D('',#16829,#13378,#13379);
#11229=AXIS2_PLACEMENT_3D('',#16833,#13381,#13382);
#11230=AXIS2_PLACEMENT_3D('',#16837,#13384,#13385);
#11231=AXIS2_PLACEMENT_3D('',#16841,#13387,#13388);
#11232=AXIS2_PLACEMENT_3D('',#16842,#13389,#13390);
#11233=AXIS2_PLACEMENT_3D('',#16843,#13391,#13392);
#11234=AXIS2_PLACEMENT_3D('',#16847,#13394,#13395);
#11235=AXIS2_PLACEMENT_3D('',#16851,#13397,#13398);
#11236=AXIS2_PLACEMENT_3D('',#16855,#13400,#13401);
#11237=AXIS2_PLACEMENT_3D('',#16856,#13402,#13403);
#11238=AXIS2_PLACEMENT_3D('',#16857,#13404,#13405);
#11239=AXIS2_PLACEMENT_3D('',#16858,#13406,#13407);
#11240=AXIS2_PLACEMENT_3D('',#16862,#13409,#13410);
#11241=AXIS2_PLACEMENT_3D('',#16866,#13412,#13413);
#11242=AXIS2_PLACEMENT_3D('',#16867,#13414,#13415);
#11243=AXIS2_PLACEMENT_3D('',#16868,#13416,#13417);
#11244=AXIS2_PLACEMENT_3D('',#16872,#13419,#13420);
#11245=AXIS2_PLACEMENT_3D('',#16876,#13422,#13423);
#11246=AXIS2_PLACEMENT_3D('',#16880,#13425,#13426);
#11247=AXIS2_PLACEMENT_3D('',#16881,#13427,#13428);
#11248=AXIS2_PLACEMENT_3D('',#16882,#13429,#13430);
#11249=AXIS2_PLACEMENT_3D('',#16883,#13431,#13432);
#11250=AXIS2_PLACEMENT_3D('',#16884,#13433,#13434);
#11251=AXIS2_PLACEMENT_3D('',#16887,#13435,#13436);
#11252=AXIS2_PLACEMENT_3D('',#16888,#13437,#13438);
#11253=AXIS2_PLACEMENT_3D('',#16891,#13440,#13441);
#11254=AXIS2_PLACEMENT_3D('',#16894,#13443,#13444);
#11255=AXIS2_PLACEMENT_3D('',#16895,#13445,#13446);
#11256=AXIS2_PLACEMENT_3D('',#16896,#13447,#13448);
#11257=AXIS2_PLACEMENT_3D('',#16897,#13449,#13450);
#11258=AXIS2_PLACEMENT_3D('',#16902,#13452,#13453);
#11259=AXIS2_PLACEMENT_3D('',#16906,#13455,#13456);
#11260=AXIS2_PLACEMENT_3D('',#16908,#13457,#13458);
#11261=AXIS2_PLACEMENT_3D('',#16910,#13459,#13460);
#11262=AXIS2_PLACEMENT_3D('',#16914,#13462,#13463);
#11263=AXIS2_PLACEMENT_3D('',#16918,#13465,#13466);
#11264=AXIS2_PLACEMENT_3D('',#16920,#13467,#13468);
#11265=AXIS2_PLACEMENT_3D('',#16922,#13469,#13470);
#11266=AXIS2_PLACEMENT_3D('',#16926,#13472,#13473);
#11267=AXIS2_PLACEMENT_3D('',#16930,#13475,#13476);
#11268=AXIS2_PLACEMENT_3D('',#16932,#13477,#13478);
#11269=AXIS2_PLACEMENT_3D('',#16933,#13479,#13480);
#11270=AXIS2_PLACEMENT_3D('',#16934,#13481,#13482);
#11271=AXIS2_PLACEMENT_3D('',#16939,#13485,#13486);
#11272=AXIS2_PLACEMENT_3D('',#16942,#13488,#13489);
#11273=AXIS2_PLACEMENT_3D('',#16943,#13490,#13491);
#11274=AXIS2_PLACEMENT_3D('',#16949,#13492,#13493);
#11275=AXIS2_PLACEMENT_3D('',#16950,#13494,#13495);
#11276=AXIS2_PLACEMENT_3D('',#16951,#13496,#13497);
#11277=AXIS2_PLACEMENT_3D('',#16953,#13498,#13499);
#11278=AXIS2_PLACEMENT_3D('',#16954,#13500,#13501);
#11279=AXIS2_PLACEMENT_3D('',#16960,#13502,#13503);
#11280=AXIS2_PLACEMENT_3D('',#16961,#13504,#13505);
#11281=AXIS2_PLACEMENT_3D('',#16963,#13507,#13508);
#11282=AXIS2_PLACEMENT_3D('',#16976,#13513,#13514);
#11283=AXIS2_PLACEMENT_3D('',#16977,#13515,#13516);
#11284=AXIS2_PLACEMENT_3D('',#16990,#13518,#13519);
#11285=AXIS2_PLACEMENT_3D('',#16991,#13520,#13521);
#11286=AXIS2_PLACEMENT_3D('',#17006,#13524,#13525);
#11287=AXIS2_PLACEMENT_3D('',#17007,#13526,#13527);
#11288=AXIS2_PLACEMENT_3D('',#17022,#13530,#13531);
#11289=AXIS2_PLACEMENT_3D('',#17023,#13532,#13533);
#11290=AXIS2_PLACEMENT_3D('',#17026,#13535,#13536);
#11291=AXIS2_PLACEMENT_3D('',#17027,#13537,#13538);
#11292=AXIS2_PLACEMENT_3D('',#17033,#13541,#13542);
#11293=AXIS2_PLACEMENT_3D('',#17039,#13545,#13546);
#11294=AXIS2_PLACEMENT_3D('',#17042,#13548,#13549);
#11295=AXIS2_PLACEMENT_3D('',#17043,#13550,#13551);
#11296=AXIS2_PLACEMENT_3D('',#17050,#13554,#13555);
#11297=AXIS2_PLACEMENT_3D('',#17056,#13558,#13559);
#11298=AXIS2_PLACEMENT_3D('',#17060,#13562,#13563);
#11299=AXIS2_PLACEMENT_3D('',#17061,#13564,#13565);
#11300=AXIS2_PLACEMENT_3D('',#17068,#13568,#13569);
#11301=AXIS2_PLACEMENT_3D('',#17074,#13572,#13573);
#11302=AXIS2_PLACEMENT_3D('',#17078,#13576,#13577);
#11303=AXIS2_PLACEMENT_3D('',#17079,#13578,#13579);
#11304=AXIS2_PLACEMENT_3D('',#17082,#13581,#13582);
#11305=AXIS2_PLACEMENT_3D('',#17093,#13586,#13587);
#11306=AXIS2_PLACEMENT_3D('',#17094,#13588,#13589);
#11307=AXIS2_PLACEMENT_3D('',#17096,#13590,#13591);
#11308=AXIS2_PLACEMENT_3D('',#17099,#13593,#13594);
#11309=AXIS2_PLACEMENT_3D('',#17103,#13596,#13597);
#11310=AXIS2_PLACEMENT_3D('',#17107,#13599,#13600);
#11311=AXIS2_PLACEMENT_3D('',#17109,#13601,#13602);
#11312=AXIS2_PLACEMENT_3D('',#17111,#13603,#13604);
#11313=AXIS2_PLACEMENT_3D('',#17115,#13606,#13607);
#11314=AXIS2_PLACEMENT_3D('',#17121,#13610,#13611);
#11315=AXIS2_PLACEMENT_3D('',#17127,#13614,#13615);
#11316=AXIS2_PLACEMENT_3D('',#17131,#13617,#13618);
#11317=AXIS2_PLACEMENT_3D('',#17133,#13619,#13620);
#11318=AXIS2_PLACEMENT_3D('',#17135,#13621,#13622);
#11319=AXIS2_PLACEMENT_3D('',#17139,#13624,#13625);
#11320=AXIS2_PLACEMENT_3D('',#17145,#13628,#13629);
#11321=AXIS2_PLACEMENT_3D('',#17148,#13631,#13632);
#11322=AXIS2_PLACEMENT_3D('',#17152,#13634,#13635);
#11323=AXIS2_PLACEMENT_3D('',#17154,#13636,#13637);
#11324=AXIS2_PLACEMENT_3D('',#17156,#13638,#13639);
#11325=AXIS2_PLACEMENT_3D('',#17160,#13641,#13642);
#11326=AXIS2_PLACEMENT_3D('',#17166,#13645,#13646);
#11327=AXIS2_PLACEMENT_3D('',#17169,#13648,#13649);
#11328=AXIS2_PLACEMENT_3D('',#17177,#13653,#13654);
#11329=AXIS2_PLACEMENT_3D('',#17185,#13658,#13659);
#11330=AXIS2_PLACEMENT_3D('',#17193,#13663,#13664);
#11331=AXIS2_PLACEMENT_3D('',#17196,#13665,#13666);
#11332=AXIS2_PLACEMENT_3D('',#17197,#13667,#13668);
#11333=AXIS2_PLACEMENT_3D('',#17203,#13672,#13673);
#11334=AXIS2_PLACEMENT_3D('',#17204,#13674,#13675);
#11335=AXIS2_PLACEMENT_3D('',#17207,#13677,#13678);
#11336=AXIS2_PLACEMENT_3D('',#17211,#13681,#13682);
#11337=AXIS2_PLACEMENT_3D('',#17213,#13684,#13685);
#11338=AXIS2_PLACEMENT_3D('',#17214,#13686,#13687);
#11339=AXIS2_PLACEMENT_3D('',#17220,#13691,#13692);
#11340=AXIS2_PLACEMENT_3D('',#17221,#13693,#13694);
#11341=AXIS2_PLACEMENT_3D('',#17224,#13696,#13697);
#11342=AXIS2_PLACEMENT_3D('',#17228,#13700,#13701);
#11343=AXIS2_PLACEMENT_3D('',#17230,#13703,#13704);
#11344=AXIS2_PLACEMENT_3D('',#17231,#13705,#13706);
#11345=AXIS2_PLACEMENT_3D('',#17237,#13710,#13711);
#11346=AXIS2_PLACEMENT_3D('',#17238,#13712,#13713);
#11347=AXIS2_PLACEMENT_3D('',#17241,#13715,#13716);
#11348=AXIS2_PLACEMENT_3D('',#17245,#13719,#13720);
#11349=AXIS2_PLACEMENT_3D('',#17247,#13722,#13723);
#11350=AXIS2_PLACEMENT_3D('',#17248,#13724,#13725);
#11351=AXIS2_PLACEMENT_3D('',#17249,#13726,#13727);
#11352=AXIS2_PLACEMENT_3D('',#17251,#13728,#13729);
#11353=AXIS2_PLACEMENT_3D('',#17254,#13731,#13732);
#11354=AXIS2_PLACEMENT_3D('',#17262,#13735,#13736);
#11355=AXIS2_PLACEMENT_3D('',#17272,#13737,#13738);
#11356=AXIS2_PLACEMENT_3D('',#17273,#13739,#13740);
#11357=AXIS2_PLACEMENT_3D('',#17279,#13741,#13742);
#11358=AXIS2_PLACEMENT_3D('',#17284,#13743,#13744);
#11359=AXIS2_PLACEMENT_3D('',#17285,#13745,#13746);
#11360=AXIS2_PLACEMENT_3D('',#17286,#13747,#13748);
#11361=AXIS2_PLACEMENT_3D('',#17287,#13749,#13750);
#11362=AXIS2_PLACEMENT_3D('',#17288,#13751,#13752);
#11363=AXIS2_PLACEMENT_3D('',#17289,#13753,#13754);
#11364=AXIS2_PLACEMENT_3D('',#17290,#13755,#13756);
#11365=AXIS2_PLACEMENT_3D('',#17291,#13757,#13758);
#11366=AXIS2_PLACEMENT_3D('',#17292,#13759,#13760);
#11367=AXIS2_PLACEMENT_3D('',#17293,#13761,#13762);
#11368=AXIS2_PLACEMENT_3D('',#17295,#13763,#13764);
#11369=AXIS2_PLACEMENT_3D('',#17296,#13765,#13766);
#11370=AXIS2_PLACEMENT_3D('',#17299,#13768,#13769);
#11371=AXIS2_PLACEMENT_3D('',#17300,#13770,#13771);
#11372=AXIS2_PLACEMENT_3D('',#17301,#13772,#13773);
#11373=AXIS2_PLACEMENT_3D('',#17302,#13774,#13775);
#11374=AXIS2_PLACEMENT_3D('',#17305,#13777,#13778);
#11375=AXIS2_PLACEMENT_3D('',#17306,#13779,#13780);
#11376=AXIS2_PLACEMENT_3D('',#17307,#13781,#13782);
#11377=AXIS2_PLACEMENT_3D('',#17309,#13783,#13784);
#11378=AXIS2_PLACEMENT_3D('',#17310,#13785,#13786);
#11379=AXIS2_PLACEMENT_3D('',#17315,#13789,#13790);
#11380=AXIS2_PLACEMENT_3D('',#17316,#13791,#13792);
#11381=AXIS2_PLACEMENT_3D('',#17317,#13793,#13794);
#11382=AXIS2_PLACEMENT_3D('',#17318,#13795,#13796);
#11383=AXIS2_PLACEMENT_3D('',#17319,#13797,#13798);
#11384=AXIS2_PLACEMENT_3D('',#17321,#13800,#13801);
#11385=AXIS2_PLACEMENT_3D('',#17322,#13802,#13803);
#11386=AXIS2_PLACEMENT_3D('',#17323,#13804,#13805);
#11387=AXIS2_PLACEMENT_3D('',#17326,#13807,#13808);
#11388=AXIS2_PLACEMENT_3D('',#17330,#13811,#13812);
#11389=AXIS2_PLACEMENT_3D('',#17331,#13813,#13814);
#11390=AXIS2_PLACEMENT_3D('',#17332,#13815,#13816);
#11391=AXIS2_PLACEMENT_3D('',#17333,#13817,#13818);
#11392=AXIS2_PLACEMENT_3D('',#17335,#13819,#13820);
#11393=AXIS2_PLACEMENT_3D('',#17336,#13821,#13822);
#11394=AXIS2_PLACEMENT_3D('',#17339,#13824,#13825);
#11395=AXIS2_PLACEMENT_3D('',#17340,#13826,#13827);
#11396=AXIS2_PLACEMENT_3D('',#17341,#13828,#13829);
#11397=AXIS2_PLACEMENT_3D('',#17342,#13830,#13831);
#11398=AXIS2_PLACEMENT_3D('',#17343,#13832,#13833);
#11399=AXIS2_PLACEMENT_3D('',#17345,#13834,#13835);
#11400=AXIS2_PLACEMENT_3D('',#17346,#13836,#13837);
#11401=AXIS2_PLACEMENT_3D('',#17350,#13839,#13840);
#11402=AXIS2_PLACEMENT_3D('',#17354,#13842,#13843);
#11403=AXIS2_PLACEMENT_3D('',#17355,#13844,#13845);
#11404=AXIS2_PLACEMENT_3D('',#17358,#13847,#13848);
#11405=AXIS2_PLACEMENT_3D('',#17359,#13849,#13850);
#11406=AXIS2_PLACEMENT_3D('',#17363,#13852,#13853);
#11407=AXIS2_PLACEMENT_3D('',#17367,#13855,#13856);
#11408=AXIS2_PLACEMENT_3D('',#17368,#13857,#13858);
#11409=AXIS2_PLACEMENT_3D('',#17369,#13859,#13860);
#11410=AXIS2_PLACEMENT_3D('',#17370,#13861,#13862);
#11411=AXIS2_PLACEMENT_3D('',#17371,#13863,#13864);
#11412=AXIS2_PLACEMENT_3D('',#17372,#13865,#13866);
#11413=AXIS2_PLACEMENT_3D('',#17374,#13867,#13868);
#11414=AXIS2_PLACEMENT_3D('',#17375,#13869,#13870);
#11415=AXIS2_PLACEMENT_3D('',#17378,#13872,#13873);
#11416=AXIS2_PLACEMENT_3D('',#17379,#13874,#13875);
#11417=AXIS2_PLACEMENT_3D('',#17380,#13876,#13877);
#11418=AXIS2_PLACEMENT_3D('',#17381,#13878,#13879);
#11419=AXIS2_PLACEMENT_3D('',#17382,#13880,#13881);
#11420=AXIS2_PLACEMENT_3D('',#17383,#13882,#13883);
#11421=AXIS2_PLACEMENT_3D('',#17384,#13884,#13885);
#11422=AXIS2_PLACEMENT_3D('',#17385,#13886,#13887);
#11423=AXIS2_PLACEMENT_3D('',#17387,#13888,#13889);
#11424=AXIS2_PLACEMENT_3D('',#17388,#13890,#13891);
#11425=AXIS2_PLACEMENT_3D('',#17391,#13893,#13894);
#11426=AXIS2_PLACEMENT_3D('',#17392,#13895,#13896);
#11427=AXIS2_PLACEMENT_3D('',#17393,#13897,#13898);
#11428=AXIS2_PLACEMENT_3D('',#17394,#13899,#13900);
#11429=AXIS2_PLACEMENT_3D('',#17395,#13901,#13902);
#11430=AXIS2_PLACEMENT_3D('',#17398,#13904,#13905);
#11431=AXIS2_PLACEMENT_3D('',#17402,#13908,#13909);
#11432=AXIS2_PLACEMENT_3D('',#17403,#13910,#13911);
#11433=AXIS2_PLACEMENT_3D('',#17407,#13913,#13914);
#11434=AXIS2_PLACEMENT_3D('',#17408,#13915,#13916);
#11435=AXIS2_PLACEMENT_3D('',#17409,#13917,#13918);
#11436=AXIS2_PLACEMENT_3D('',#17410,#13919,#13920);
#11437=AXIS2_PLACEMENT_3D('',#17411,#13921,#13922);
#11438=AXIS2_PLACEMENT_3D('',#17414,#13924,#13925);
#11439=AXIS2_PLACEMENT_3D('',#17418,#13928,#13929);
#11440=AXIS2_PLACEMENT_3D('',#17419,#13930,#13931);
#11441=AXIS2_PLACEMENT_3D('',#17423,#13933,#13934);
#11442=AXIS2_PLACEMENT_3D('',#17424,#13935,#13936);
#11443=AXIS2_PLACEMENT_3D('',#17425,#13937,#13938);
#11444=AXIS2_PLACEMENT_3D('',#17426,#13939,#13940);
#11445=AXIS2_PLACEMENT_3D('',#17427,#13941,#13942);
#11446=AXIS2_PLACEMENT_3D('',#17430,#13944,#13945);
#11447=AXIS2_PLACEMENT_3D('',#17438,#13948,#13949);
#11448=AXIS2_PLACEMENT_3D('',#17453,#13950,#13951);
#11449=AXIS2_PLACEMENT_3D('',#17454,#13952,#13953);
#11450=AXIS2_PLACEMENT_3D('',#17455,#13954,#13955);
#11451=AXIS2_PLACEMENT_3D('',#17456,#13956,#13957);
#11452=AXIS2_PLACEMENT_3D('',#17458,#13958,#13959);
#11453=AXIS2_PLACEMENT_3D('',#17459,#13960,#13961);
#11454=AXIS2_PLACEMENT_3D('',#17465,#13962,#13963);
#11455=AXIS2_PLACEMENT_3D('',#17466,#13964,#13965);
#11456=AXIS2_PLACEMENT_3D('',#17469,#13967,#13968);
#11457=AXIS2_PLACEMENT_3D('',#17470,#13969,#13970);
#11458=AXIS2_PLACEMENT_3D('',#17471,#13971,#13972);
#11459=AXIS2_PLACEMENT_3D('',#17473,#13973,#13974);
#11460=AXIS2_PLACEMENT_3D('',#17474,#13975,#13976);
#11461=AXIS2_PLACEMENT_3D('',#17477,#13978,#13979);
#11462=AXIS2_PLACEMENT_3D('',#17480,#13981,#13982);
#11463=AXIS2_PLACEMENT_3D('',#17486,#13986,#13987);
#11464=AXIS2_PLACEMENT_3D('',#17487,#13988,#13989);
#11465=AXIS2_PLACEMENT_3D('',#17488,#13990,#13991);
#11466=AXIS2_PLACEMENT_3D('',#17489,#13992,#13993);
#11467=AXIS2_PLACEMENT_3D('',#17491,#13994,#13995);
#11468=AXIS2_PLACEMENT_3D('',#17492,#13996,#13997);
#11469=AXIS2_PLACEMENT_3D('',#17495,#13999,#14000);
#11470=AXIS2_PLACEMENT_3D('',#17496,#14001,#14002);
#11471=AXIS2_PLACEMENT_3D('',#17497,#14003,#14004);
#11472=AXIS2_PLACEMENT_3D('',#17498,#14005,#14006);
#11473=AXIS2_PLACEMENT_3D('',#17499,#14007,#14008);
#11474=AXIS2_PLACEMENT_3D('',#17500,#14009,#14010);
#11475=AXIS2_PLACEMENT_3D('',#17501,#14011,#14012);
#11476=AXIS2_PLACEMENT_3D('',#17502,#14013,#14014);
#11477=AXIS2_PLACEMENT_3D('',#17504,#14015,#14016);
#11478=AXIS2_PLACEMENT_3D('',#17505,#14017,#14018);
#11479=AXIS2_PLACEMENT_3D('',#17508,#14020,#14021);
#11480=AXIS2_PLACEMENT_3D('',#17509,#14022,#14023);
#11481=AXIS2_PLACEMENT_3D('',#17510,#14024,#14025);
#11482=AXIS2_PLACEMENT_3D('',#17512,#14026,#14027);
#11483=AXIS2_PLACEMENT_3D('',#17513,#14028,#14029);
#11484=AXIS2_PLACEMENT_3D('',#17516,#14031,#14032);
#11485=AXIS2_PLACEMENT_3D('',#17517,#14033,#14034);
#11486=AXIS2_PLACEMENT_3D('',#17518,#14035,#14036);
#11487=AXIS2_PLACEMENT_3D('',#17520,#14037,#14038);
#11488=AXIS2_PLACEMENT_3D('',#17521,#14039,#14040);
#11489=AXIS2_PLACEMENT_3D('',#17524,#14042,#14043);
#11490=AXIS2_PLACEMENT_3D('',#17527,#14045,#14046);
#11491=AXIS2_PLACEMENT_3D('',#17537,#14050,#14051);
#11492=AXIS2_PLACEMENT_3D('',#17540,#14053,#14054);
#11493=AXIS2_PLACEMENT_3D('',#17541,#14055,#14056);
#11494=AXIS2_PLACEMENT_3D('',#17547,#14057,#14058);
#11495=AXIS2_PLACEMENT_3D('',#17548,#14059,#14060);
#11496=AXIS2_PLACEMENT_3D('',#17549,#14061,#14062);
#11497=AXIS2_PLACEMENT_3D('',#17551,#14063,#14064);
#11498=AXIS2_PLACEMENT_3D('',#17553,#14065,#14066);
#11499=AXIS2_PLACEMENT_3D('',#17554,#14067,#14068);
#11500=AXIS2_PLACEMENT_3D('',#17555,#14069,#14070);
#11501=AXIS2_PLACEMENT_3D('',#17560,#14071,#14072);
#11502=AXIS2_PLACEMENT_3D('',#17570,#14073,#14074);
#11503=AXIS2_PLACEMENT_3D('',#17571,#14075,#14076);
#11504=AXIS2_PLACEMENT_3D('',#17577,#14077,#14078);
#11505=AXIS2_PLACEMENT_3D('',#17582,#14079,#14080);
#11506=AXIS2_PLACEMENT_3D('',#17583,#14081,#14082);
#11507=AXIS2_PLACEMENT_3D('',#17584,#14083,#14084);
#11508=AXIS2_PLACEMENT_3D('',#17585,#14085,#14086);
#11509=AXIS2_PLACEMENT_3D('',#17586,#14087,#14088);
#11510=AXIS2_PLACEMENT_3D('',#17587,#14089,#14090);
#11511=AXIS2_PLACEMENT_3D('',#17588,#14091,#14092);
#11512=AXIS2_PLACEMENT_3D('',#17589,#14093,#14094);
#11513=AXIS2_PLACEMENT_3D('',#17591,#14096,#14097);
#11514=AXIS2_PLACEMENT_3D('',#17592,#14098,#14099);
#11515=AXIS2_PLACEMENT_3D('',#17593,#14100,#14101);
#11516=AXIS2_PLACEMENT_3D('',#17594,#14102,#14103);
#11517=AXIS2_PLACEMENT_3D('',#17595,#14104,#14105);
#11518=AXIS2_PLACEMENT_3D('',#17596,#14106,#14107);
#11519=AXIS2_PLACEMENT_3D('',#17599,#14109,#14110);
#11520=AXIS2_PLACEMENT_3D('',#17600,#14111,#14112);
#11521=AXIS2_PLACEMENT_3D('',#17601,#14113,#14114);
#11522=AXIS2_PLACEMENT_3D('',#17603,#14115,#14116);
#11523=AXIS2_PLACEMENT_3D('',#17604,#14117,#14118);
#11524=AXIS2_PLACEMENT_3D('',#17607,#14121,#14122);
#11525=AXIS2_PLACEMENT_3D('',#17608,#14123,#14124);
#11526=AXIS2_PLACEMENT_3D('',#17612,#14127,#14128);
#11527=AXIS2_PLACEMENT_3D('',#17613,#14129,#14130);
#11528=AXIS2_PLACEMENT_3D('',#17614,#14131,#14132);
#11529=AXIS2_PLACEMENT_3D('',#17615,#14133,#14134);
#11530=AXIS2_PLACEMENT_3D('',#17616,#14135,#14136);
#11531=AXIS2_PLACEMENT_3D('',#17617,#14137,#14138);
#11532=AXIS2_PLACEMENT_3D('',#17618,#14139,#14140);
#11533=AXIS2_PLACEMENT_3D('',#17619,#14141,#14142);
#11534=AXIS2_PLACEMENT_3D('',#17620,#14143,#14144);
#11535=AXIS2_PLACEMENT_3D('',#17621,#14145,#14146);
#11536=AXIS2_PLACEMENT_3D('',#17623,#14147,#14148);
#11537=AXIS2_PLACEMENT_3D('',#17624,#14149,#14150);
#11538=AXIS2_PLACEMENT_3D('',#17626,#14152,#14153);
#11539=AXIS2_PLACEMENT_3D('',#17630,#14156,#14157);
#11540=AXIS2_PLACEMENT_3D('',#17631,#14158,#14159);
#11541=AXIS2_PLACEMENT_3D('',#17632,#14160,#14161);
#11542=AXIS2_PLACEMENT_3D('',#17633,#14162,#14163);
#11543=AXIS2_PLACEMENT_3D('',#17634,#14164,#14165);
#11544=AXIS2_PLACEMENT_3D('',#17635,#14166,#14167);
#11545=AXIS2_PLACEMENT_3D('',#17636,#14168,#14169);
#11546=AXIS2_PLACEMENT_3D('',#17637,#14170,#14171);
#11547=AXIS2_PLACEMENT_3D('',#17638,#14172,#14173);
#11548=AXIS2_PLACEMENT_3D('',#17639,#14174,#14175);
#11549=AXIS2_PLACEMENT_3D('',#17640,#14176,#14177);
#11550=AXIS2_PLACEMENT_3D('',#17642,#14179,#14180);
#11551=AXIS2_PLACEMENT_3D('',#17649,#14182,#14183);
#11552=AXIS2_PLACEMENT_3D('',#17650,#14184,#14185);
#11553=AXIS2_PLACEMENT_3D('',#17653,#14187,#14188);
#11554=AXIS2_PLACEMENT_3D('',#17654,#14189,#14190);
#11555=AXIS2_PLACEMENT_3D('',#17657,#14192,#14193);
#11556=AXIS2_PLACEMENT_3D('',#17658,#14194,#14195);
#11557=AXIS2_PLACEMENT_3D('',#17659,#14196,#14197);
#11558=AXIS2_PLACEMENT_3D('',#17660,#14198,#14199);
#11559=AXIS2_PLACEMENT_3D('',#17661,#14200,#14201);
#11560=AXIS2_PLACEMENT_3D('',#17662,#14202,#14203);
#11561=AXIS2_PLACEMENT_3D('',#17664,#14204,#14205);
#11562=AXIS2_PLACEMENT_3D('',#17665,#14206,#14207);
#11563=AXIS2_PLACEMENT_3D('',#17670,#14208,#14209);
#11564=AXIS2_PLACEMENT_3D('',#17675,#14210,#14211);
#11565=AXIS2_PLACEMENT_3D('',#17676,#14212,#14213);
#11566=AXIS2_PLACEMENT_3D('',#17677,#14214,#14215);
#11567=AXIS2_PLACEMENT_3D('',#17678,#14216,#14217);
#11568=AXIS2_PLACEMENT_3D('',#17679,#14218,#14219);
#11569=AXIS2_PLACEMENT_3D('',#17680,#14220,#14221);
#11570=AXIS2_PLACEMENT_3D('',#17681,#14222,#14223);
#11571=AXIS2_PLACEMENT_3D('',#17682,#14224,#14225);
#11572=AXIS2_PLACEMENT_3D('',#17683,#14226,#14227);
#11573=AXIS2_PLACEMENT_3D('',#17684,#14228,#14229);
#11574=AXIS2_PLACEMENT_3D('',#17685,#14230,#14231);
#11575=AXIS2_PLACEMENT_3D('',#17688,#14233,#14234);
#11576=AXIS2_PLACEMENT_3D('',#17689,#14235,#14236);
#11577=AXIS2_PLACEMENT_3D('',#17690,#14237,#14238);
#11578=AXIS2_PLACEMENT_3D('',#17692,#14239,#14240);
#11579=AXIS2_PLACEMENT_3D('',#17693,#14241,#14242);
#11580=AXIS2_PLACEMENT_3D('',#17698,#14245,#14246);
#11581=AXIS2_PLACEMENT_3D('',#17699,#14247,#14248);
#11582=AXIS2_PLACEMENT_3D('',#17700,#14249,#14250);
#11583=AXIS2_PLACEMENT_3D('',#17701,#14251,#14252);
#11584=AXIS2_PLACEMENT_3D('',#17702,#14253,#14254);
#11585=AXIS2_PLACEMENT_3D('',#17703,#14255,#14256);
#11586=AXIS2_PLACEMENT_3D('',#17706,#14258,#14259);
#11587=AXIS2_PLACEMENT_3D('',#17710,#14262,#14263);
#11588=AXIS2_PLACEMENT_3D('',#17711,#14264,#14265);
#11589=AXIS2_PLACEMENT_3D('',#17712,#14266,#14267);
#11590=AXIS2_PLACEMENT_3D('',#17713,#14268,#14269);
#11591=AXIS2_PLACEMENT_3D('',#17714,#14270,#14271);
#11592=AXIS2_PLACEMENT_3D('',#17715,#14272,#14273);
#11593=AXIS2_PLACEMENT_3D('',#17716,#14274,#14275);
#11594=AXIS2_PLACEMENT_3D('',#17717,#14276,#14277);
#11595=AXIS2_PLACEMENT_3D('',#17718,#14278,#14279);
#11596=AXIS2_PLACEMENT_3D('',#17719,#14280,#14281);
#11597=AXIS2_PLACEMENT_3D('',#17721,#14283,#14284);
#11598=AXIS2_PLACEMENT_3D('',#17722,#14285,#14286);
#11599=AXIS2_PLACEMENT_3D('',#17723,#14287,#14288);
#11600=AXIS2_PLACEMENT_3D('',#17724,#14289,#14290);
#11601=AXIS2_PLACEMENT_3D('',#17725,#14291,#14292);
#11602=AXIS2_PLACEMENT_3D('',#17727,#14293,#14294);
#11603=AXIS2_PLACEMENT_3D('',#17728,#14295,#14296);
#11604=AXIS2_PLACEMENT_3D('',#17731,#14298,#14299);
#11605=AXIS2_PLACEMENT_3D('',#17732,#14300,#14301);
#11606=AXIS2_PLACEMENT_3D('',#17733,#14302,#14303);
#11607=AXIS2_PLACEMENT_3D('',#17734,#14304,#14305);
#11608=AXIS2_PLACEMENT_3D('',#17735,#14306,#14307);
#11609=AXIS2_PLACEMENT_3D('',#17738,#14309,#14310);
#11610=AXIS2_PLACEMENT_3D('',#17742,#14313,#14314);
#11611=AXIS2_PLACEMENT_3D('',#17743,#14315,#14316);
#11612=AXIS2_PLACEMENT_3D('',#17744,#14317,#14318);
#11613=AXIS2_PLACEMENT_3D('',#17745,#14319,#14320);
#11614=AXIS2_PLACEMENT_3D('',#17747,#14321,#14322);
#11615=AXIS2_PLACEMENT_3D('',#17748,#14323,#14324);
#11616=AXIS2_PLACEMENT_3D('',#17751,#14326,#14327);
#11617=AXIS2_PLACEMENT_3D('',#17752,#14328,#14329);
#11618=AXIS2_PLACEMENT_3D('',#17753,#14330,#14331);
#11619=AXIS2_PLACEMENT_3D('',#17754,#14332,#14333);
#11620=AXIS2_PLACEMENT_3D('',#17755,#14334,#14335);
#11621=AXIS2_PLACEMENT_3D('',#17758,#14337,#14338);
#11622=AXIS2_PLACEMENT_3D('',#17762,#14341,#14342);
#11623=AXIS2_PLACEMENT_3D('',#17763,#14343,#14344);
#11624=AXIS2_PLACEMENT_3D('',#17764,#14345,#14346);
#11625=AXIS2_PLACEMENT_3D('',#17765,#14347,#14348);
#11626=AXIS2_PLACEMENT_3D('',#17766,#14349,#14350);
#11627=AXIS2_PLACEMENT_3D('',#17767,#14351,#14352);
#11628=AXIS2_PLACEMENT_3D('',#17768,#14353,#14354);
#11629=AXIS2_PLACEMENT_3D('',#17769,#14355,#14356);
#11630=AXIS2_PLACEMENT_3D('',#17770,#14357,#14358);
#11631=AXIS2_PLACEMENT_3D('',#17772,#14359,#14360);
#11632=AXIS2_PLACEMENT_3D('',#17774,#14361,#14362);
#11633=AXIS2_PLACEMENT_3D('',#17775,#14363,#14364);
#11634=AXIS2_PLACEMENT_3D('',#17776,#14365,#14366);
#11635=AXIS2_PLACEMENT_3D('',#17777,#14367,#14368);
#11636=AXIS2_PLACEMENT_3D('',#17782,#14371,#14372);
#11637=AXIS2_PLACEMENT_3D('',#17783,#14373,#14374);
#11638=AXIS2_PLACEMENT_3D('',#17784,#14375,#14376);
#11639=AXIS2_PLACEMENT_3D('',#17786,#14377,#14378);
#11640=AXIS2_PLACEMENT_3D('',#17788,#14379,#14380);
#11641=AXIS2_PLACEMENT_3D('',#17789,#14381,#14382);
#11642=AXIS2_PLACEMENT_3D('',#17790,#14383,#14384);
#11643=AXIS2_PLACEMENT_3D('',#17792,#14385,#14386);
#11644=AXIS2_PLACEMENT_3D('',#17793,#14387,#14388);
#11645=AXIS2_PLACEMENT_3D('',#17794,#14389,#14390);
#11646=AXIS2_PLACEMENT_3D('',#17812,#14399,#14400);
#11647=AXIS2_PLACEMENT_3D('',#17813,#14401,#14402);
#11648=AXIS2_PLACEMENT_3D('',#17814,#14403,#14404);
#11649=AXIS2_PLACEMENT_3D('',#17815,#14405,#14406);
#11650=AXIS2_PLACEMENT_3D('',#17816,#14407,#14408);
#11651=AXIS2_PLACEMENT_3D('',#17818,#14409,#14410);
#11652=AXIS2_PLACEMENT_3D('',#17819,#14411,#14412);
#11653=AXIS2_PLACEMENT_3D('',#17822,#14414,#14415);
#11654=AXIS2_PLACEMENT_3D('',#17823,#14416,#14417);
#11655=AXIS2_PLACEMENT_3D('',#17824,#14418,#14419);
#11656=AXIS2_PLACEMENT_3D('',#17826,#14420,#14421);
#11657=AXIS2_PLACEMENT_3D('',#17827,#14422,#14423);
#11658=AXIS2_PLACEMENT_3D('',#17828,#14424,#14425);
#11659=AXIS2_PLACEMENT_3D('',#17831,#14427,#14428);
#11660=AXIS2_PLACEMENT_3D('',#17846,#14434,#14435);
#11661=AXIS2_PLACEMENT_3D('',#17847,#14436,#14437);
#11662=AXIS2_PLACEMENT_3D('',#17852,#14438,#14439);
#11663=AXIS2_PLACEMENT_3D('',#17863,#14440,#14441);
#11664=AXIS2_PLACEMENT_3D('',#17869,#14442,#14443);
#11665=AXIS2_PLACEMENT_3D('',#17885,#14444,#14445);
#11666=AXIS2_PLACEMENT_3D('',#17888,#14447,#14448);
#11667=AXIS2_PLACEMENT_3D('',#17889,#14449,#14450);
#11668=AXIS2_PLACEMENT_3D('',#17890,#14451,#14452);
#11669=AXIS2_PLACEMENT_3D('',#17891,#14453,#14454);
#11670=AXIS2_PLACEMENT_3D('',#17894,#14456,#14457);
#11671=AXIS2_PLACEMENT_3D('',#17895,#14458,#14459);
#11672=AXIS2_PLACEMENT_3D('',#17896,#14460,#14461);
#11673=AXIS2_PLACEMENT_3D('',#17897,#14462,#14463);
#11674=AXIS2_PLACEMENT_3D('',#17898,#14464,#14465);
#11675=AXIS2_PLACEMENT_3D('',#17901,#14467,#14468);
#11676=AXIS2_PLACEMENT_3D('',#17906,#14472,#14473);
#11677=AXIS2_PLACEMENT_3D('',#17907,#14474,#14475);
#11678=AXIS2_PLACEMENT_3D('',#17908,#14476,#14477);
#11679=AXIS2_PLACEMENT_3D('',#17912,#14479,#14480);
#11680=AXIS2_PLACEMENT_3D('',#17913,#14481,#14482);
#11681=AXIS2_PLACEMENT_3D('',#17914,#14483,#14484);
#11682=AXIS2_PLACEMENT_3D('',#17915,#14485,#14486);
#11683=AXIS2_PLACEMENT_3D('',#17918,#14488,#14489);
#11684=AXIS2_PLACEMENT_3D('',#17919,#14490,#14491);
#11685=AXIS2_PLACEMENT_3D('',#17920,#14492,#14493);
#11686=AXIS2_PLACEMENT_3D('',#17922,#14494,#14495);
#11687=AXIS2_PLACEMENT_3D('',#17923,#14496,#14497);
#11688=AXIS2_PLACEMENT_3D('',#17924,#14498,#14499);
#11689=AXIS2_PLACEMENT_3D('',#17927,#14501,#14502);
#11690=AXIS2_PLACEMENT_3D('',#17942,#14508,#14509);
#11691=AXIS2_PLACEMENT_3D('',#17943,#14510,#14511);
#11692=AXIS2_PLACEMENT_3D('',#17948,#14512,#14513);
#11693=AXIS2_PLACEMENT_3D('',#17959,#14514,#14515);
#11694=AXIS2_PLACEMENT_3D('',#17965,#14516,#14517);
#11695=AXIS2_PLACEMENT_3D('',#17981,#14518,#14519);
#11696=AXIS2_PLACEMENT_3D('',#17984,#14521,#14522);
#11697=AXIS2_PLACEMENT_3D('',#17985,#14523,#14524);
#11698=AXIS2_PLACEMENT_3D('',#17986,#14525,#14526);
#11699=AXIS2_PLACEMENT_3D('',#17987,#14527,#14528);
#11700=AXIS2_PLACEMENT_3D('',#17990,#14530,#14531);
#11701=AXIS2_PLACEMENT_3D('',#17991,#14532,#14533);
#11702=AXIS2_PLACEMENT_3D('',#17992,#14534,#14535);
#11703=AXIS2_PLACEMENT_3D('',#17993,#14536,#14537);
#11704=AXIS2_PLACEMENT_3D('',#17994,#14538,#14539);
#11705=AXIS2_PLACEMENT_3D('',#17997,#14541,#14542);
#11706=AXIS2_PLACEMENT_3D('',#18002,#14546,#14547);
#11707=AXIS2_PLACEMENT_3D('',#18003,#14548,#14549);
#11708=AXIS2_PLACEMENT_3D('',#18004,#14550,#14551);
#11709=AXIS2_PLACEMENT_3D('',#18008,#14553,#14554);
#11710=AXIS2_PLACEMENT_3D('',#18009,#14555,#14556);
#11711=AXIS2_PLACEMENT_3D('',#18010,#14557,#14558);
#11712=AXIS2_PLACEMENT_3D('',#18011,#14559,#14560);
#11713=AXIS2_PLACEMENT_3D('',#18014,#14562,#14563);
#11714=AXIS2_PLACEMENT_3D('',#18015,#14564,#14565);
#11715=AXIS2_PLACEMENT_3D('',#18016,#14566,#14567);
#11716=AXIS2_PLACEMENT_3D('',#18018,#14568,#14569);
#11717=AXIS2_PLACEMENT_3D('',#18019,#14570,#14571);
#11718=AXIS2_PLACEMENT_3D('',#18022,#14573,#14574);
#11719=AXIS2_PLACEMENT_3D('',#18023,#14575,#14576);
#11720=AXIS2_PLACEMENT_3D('',#18024,#14577,#14578);
#11721=AXIS2_PLACEMENT_3D('',#18025,#14579,#14580);
#11722=AXIS2_PLACEMENT_3D('',#18027,#14582,#14583);
#11723=AXIS2_PLACEMENT_3D('',#18032,#14587,#14588);
#11724=AXIS2_PLACEMENT_3D('',#18033,#14589,#14590);
#11725=AXIS2_PLACEMENT_3D('',#18034,#14591,#14592);
#11726=AXIS2_PLACEMENT_3D('',#18037,#14594,#14595);
#11727=AXIS2_PLACEMENT_3D('',#18041,#14598,#14599);
#11728=AXIS2_PLACEMENT_3D('',#18042,#14600,#14601);
#11729=AXIS2_PLACEMENT_3D('',#18043,#14602,#14603);
#11730=AXIS2_PLACEMENT_3D('',#18044,#14604,#14605);
#11731=AXIS2_PLACEMENT_3D('',#18045,#14606,#14607);
#11732=AXIS2_PLACEMENT_3D('',#18048,#14609,#14610);
#11733=AXIS2_PLACEMENT_3D('',#18049,#14611,#14612);
#11734=AXIS2_PLACEMENT_3D('',#18050,#14613,#14614);
#11735=AXIS2_PLACEMENT_3D('',#18051,#14615,#14616);
#11736=AXIS2_PLACEMENT_3D('',#18053,#14618,#14619);
#11737=AXIS2_PLACEMENT_3D('',#18054,#14620,#14621);
#11738=AXIS2_PLACEMENT_3D('',#18055,#14622,#14623);
#11739=AXIS2_PLACEMENT_3D('',#18056,#14624,#14625);
#11740=AXIS2_PLACEMENT_3D('',#18059,#14627,#14628);
#11741=AXIS2_PLACEMENT_3D('',#18063,#14631,#14632);
#11742=AXIS2_PLACEMENT_3D('',#18064,#14633,#14634);
#11743=AXIS2_PLACEMENT_3D('',#18065,#14635,#14636);
#11744=AXIS2_PLACEMENT_3D('',#18066,#14637,#14638);
#11745=AXIS2_PLACEMENT_3D('',#18067,#14639,#14640);
#11746=AXIS2_PLACEMENT_3D('',#18070,#14642,#14643);
#11747=AXIS2_PLACEMENT_3D('',#18071,#14644,#14645);
#11748=AXIS2_PLACEMENT_3D('',#18072,#14646,#14647);
#11749=AXIS2_PLACEMENT_3D('',#18073,#14648,#14649);
#11750=AXIS2_PLACEMENT_3D('',#18075,#14651,#14652);
#11751=AXIS2_PLACEMENT_3D('',#18076,#14653,#14654);
#11752=AXIS2_PLACEMENT_3D('',#18077,#14655,#14656);
#11753=AXIS2_PLACEMENT_3D('',#18078,#14657,#14658);
#11754=AXIS2_PLACEMENT_3D('',#18081,#14660,#14661);
#11755=AXIS2_PLACEMENT_3D('',#18085,#14664,#14665);
#11756=AXIS2_PLACEMENT_3D('',#18086,#14666,#14667);
#11757=AXIS2_PLACEMENT_3D('',#18087,#14668,#14669);
#11758=AXIS2_PLACEMENT_3D('',#18088,#14670,#14671);
#11759=AXIS2_PLACEMENT_3D('',#18090,#14672,#14673);
#11760=AXIS2_PLACEMENT_3D('',#18091,#14674,#14675);
#11761=AXIS2_PLACEMENT_3D('',#18092,#14676,#14677);
#11762=AXIS2_PLACEMENT_3D('',#18095,#14679,#14680);
#11763=AXIS2_PLACEMENT_3D('',#18098,#14683,#14684);
#11764=AXIS2_PLACEMENT_3D('',#18099,#14685,#14686);
#11765=AXIS2_PLACEMENT_3D('',#18100,#14687,#14688);
#11766=AXIS2_PLACEMENT_3D('',#18101,#14689,#14690);
#11767=AXIS2_PLACEMENT_3D('',#18102,#14691,#14692);
#11768=AXIS2_PLACEMENT_3D('',#18103,#14693,#14694);
#11769=AXIS2_PLACEMENT_3D('',#18105,#14695,#14696);
#11770=AXIS2_PLACEMENT_3D('',#18107,#14697,#14698);
#11771=AXIS2_PLACEMENT_3D('',#18108,#14699,#14700);
#11772=AXIS2_PLACEMENT_3D('',#18109,#14701,#14702);
#11773=AXIS2_PLACEMENT_3D('',#18111,#14703,#14704);
#11774=AXIS2_PLACEMENT_3D('',#18112,#14705,#14706);
#11775=AXIS2_PLACEMENT_3D('',#18113,#14707,#14708);
#11776=AXIS2_PLACEMENT_3D('',#18115,#14709,#14710);
#11777=AXIS2_PLACEMENT_3D('',#18116,#14711,#14712);
#11778=AXIS2_PLACEMENT_3D('',#18119,#14714,#14715);
#11779=AXIS2_PLACEMENT_3D('',#18120,#14716,#14717);
#11780=AXIS2_PLACEMENT_3D('',#18121,#14718,#14719);
#11781=AXIS2_PLACEMENT_3D('',#18123,#14720,#14721);
#11782=AXIS2_PLACEMENT_3D('',#18124,#14722,#14723);
#11783=AXIS2_PLACEMENT_3D('',#18127,#14725,#14726);
#11784=AXIS2_PLACEMENT_3D('',#18128,#14727,#14728);
#11785=AXIS2_PLACEMENT_3D('',#18129,#14729,#14730);
#11786=AXIS2_PLACEMENT_3D('',#18131,#14731,#14732);
#11787=AXIS2_PLACEMENT_3D('',#18132,#14733,#14734);
#11788=AXIS2_PLACEMENT_3D('',#18134,#14736,#14737);
#11789=AXIS2_PLACEMENT_3D('',#18140,#14741,#14742);
#11790=AXIS2_PLACEMENT_3D('',#18141,#14743,#14744);
#11791=AXIS2_PLACEMENT_3D('',#18144,#14746,#14747);
#11792=AXIS2_PLACEMENT_3D('',#18145,#14748,#14749);
#11793=AXIS2_PLACEMENT_3D('',#18148,#14751,#14752);
#11794=AXIS2_PLACEMENT_3D('',#18149,#14753,#14754);
#11795=AXIS2_PLACEMENT_3D('',#18152,#14756,#14757);
#11796=AXIS2_PLACEMENT_3D('',#18156,#14760,#14761);
#11797=AXIS2_PLACEMENT_3D('',#18157,#14762,#14763);
#11798=AXIS2_PLACEMENT_3D('',#18160,#14765,#14766);
#11799=AXIS2_PLACEMENT_3D('',#18164,#14769,#14770);
#11800=AXIS2_PLACEMENT_3D('',#18165,#14771,#14772);
#11801=AXIS2_PLACEMENT_3D('',#18166,#14773,#14774);
#11802=AXIS2_PLACEMENT_3D('',#18167,#14775,#14776);
#11803=AXIS2_PLACEMENT_3D('',#18169,#14777,#14778);
#11804=AXIS2_PLACEMENT_3D('',#18170,#14779,#14780);
#11805=AXIS2_PLACEMENT_3D('',#18171,#14781,#14782);
#11806=AXIS2_PLACEMENT_3D('',#18174,#14784,#14785);
#11807=AXIS2_PLACEMENT_3D('',#18179,#14788,#14789);
#11808=AXIS2_PLACEMENT_3D('',#18180,#14790,#14791);
#11809=AXIS2_PLACEMENT_3D('',#18184,#14793,#14794);
#11810=AXIS2_PLACEMENT_3D('',#18189,#14797,#14798);
#11811=AXIS2_PLACEMENT_3D('',#18190,#14799,#14800);
#11812=AXIS2_PLACEMENT_3D('',#18198,#14804,#14805);
#11813=AXIS2_PLACEMENT_3D('',#18199,#14806,#14807);
#11814=AXIS2_PLACEMENT_3D('',#18200,#14808,#14809);
#11815=AXIS2_PLACEMENT_3D('',#18201,#14810,#14811);
#11816=AXIS2_PLACEMENT_3D('',#18202,#14812,#14813);
#11817=AXIS2_PLACEMENT_3D('',#18203,#14814,#14815);
#11818=AXIS2_PLACEMENT_3D('',#18204,#14816,#14817);
#11819=AXIS2_PLACEMENT_3D('',#18205,#14818,#14819);
#11820=AXIS2_PLACEMENT_3D('',#18206,#14820,#14821);
#11821=AXIS2_PLACEMENT_3D('',#18207,#14822,#14823);
#11822=AXIS2_PLACEMENT_3D('',#18208,#14824,#14825);
#11823=AXIS2_PLACEMENT_3D('',#18209,#14826,#14827);
#11824=AXIS2_PLACEMENT_3D('',#18210,#14828,#14829);
#11825=AXIS2_PLACEMENT_3D('',#18214,#14831,#14832);
#11826=AXIS2_PLACEMENT_3D('',#18215,#14833,#14834);
#11827=AXIS2_PLACEMENT_3D('',#18216,#14835,#14836);
#11828=AXIS2_PLACEMENT_3D('',#18218,#14837,#14838);
#11829=AXIS2_PLACEMENT_3D('',#18219,#14839,#14840);
#11830=AXIS2_PLACEMENT_3D('',#18224,#14843,#14844);
#11831=AXIS2_PLACEMENT_3D('',#18225,#14845,#14846);
#11832=AXIS2_PLACEMENT_3D('',#18226,#14847,#14848);
#11833=AXIS2_PLACEMENT_3D('',#18227,#14849,#14850);
#11834=AXIS2_PLACEMENT_3D('',#18228,#14851,#14852);
#11835=AXIS2_PLACEMENT_3D('',#18231,#14854,#14855);
#11836=AXIS2_PLACEMENT_3D('',#18232,#14856,#14857);
#11837=AXIS2_PLACEMENT_3D('',#18233,#14858,#14859);
#11838=AXIS2_PLACEMENT_3D('',#18235,#14860,#14861);
#11839=AXIS2_PLACEMENT_3D('',#18236,#14862,#14863);
#11840=AXIS2_PLACEMENT_3D('',#18239,#14865,#14866);
#11841=AXIS2_PLACEMENT_3D('',#18240,#14867,#14868);
#11842=AXIS2_PLACEMENT_3D('',#18241,#14869,#14870);
#11843=AXIS2_PLACEMENT_3D('',#18243,#14871,#14872);
#11844=AXIS2_PLACEMENT_3D('',#18244,#14873,#14874);
#11845=AXIS2_PLACEMENT_3D('',#18245,#14875,#14876);
#11846=AXIS2_PLACEMENT_3D('',#18247,#14877,#14878);
#11847=AXIS2_PLACEMENT_3D('',#18248,#14879,#14880);
#11848=AXIS2_PLACEMENT_3D('',#18249,#14881,#14882);
#11849=AXIS2_PLACEMENT_3D('',#18251,#14883,#14884);
#11850=AXIS2_PLACEMENT_3D('',#18252,#14885,#14886);
#11851=AXIS2_PLACEMENT_3D('',#18254,#14888,#14889);
#11852=AXIS2_PLACEMENT_3D('',#18258,#14892,#14893);
#11853=AXIS2_PLACEMENT_3D('',#18259,#14894,#14895);
#11854=AXIS2_PLACEMENT_3D('',#18260,#14896,#14897);
#11855=AXIS2_PLACEMENT_3D('',#18261,#14898,#14899);
#11856=AXIS2_PLACEMENT_3D('',#18263,#14900,#14901);
#11857=AXIS2_PLACEMENT_3D('',#18264,#14902,#14903);
#11858=AXIS2_PLACEMENT_3D('',#18266,#14905,#14906);
#11859=AXIS2_PLACEMENT_3D('',#18269,#14908,#14909);
#11860=AXIS2_PLACEMENT_3D('',#18270,#14910,#14911);
#11861=AXIS2_PLACEMENT_3D('',#18271,#14912,#14913);
#11862=AXIS2_PLACEMENT_3D('',#18272,#14914,#14915);
#11863=AXIS2_PLACEMENT_3D('',#18273,#14916,#14917);
#11864=AXIS2_PLACEMENT_3D('',#18275,#14918,#14919);
#11865=AXIS2_PLACEMENT_3D('',#18276,#14920,#14921);
#11866=AXIS2_PLACEMENT_3D('',#18278,#14923,#14924);
#11867=AXIS2_PLACEMENT_3D('',#18282,#14927,#14928);
#11868=AXIS2_PLACEMENT_3D('',#18283,#14929,#14930);
#11869=AXIS2_PLACEMENT_3D('',#18284,#14931,#14932);
#11870=AXIS2_PLACEMENT_3D('',#18285,#14933,#14934);
#11871=AXIS2_PLACEMENT_3D('',#18286,#14935,#14936);
#11872=AXIS2_PLACEMENT_3D('',#18288,#14938,#14939);
#11873=AXIS2_PLACEMENT_3D('',#18289,#14940,#14941);
#11874=AXIS2_PLACEMENT_3D('',#18290,#14942,#14943);
#11875=AXIS2_PLACEMENT_3D('',#18294,#14945,#14946);
#11876=AXIS2_PLACEMENT_3D('',#18295,#14947,#14948);
#11877=AXIS2_PLACEMENT_3D('',#18296,#14949,#14950);
#11878=AXIS2_PLACEMENT_3D('',#18298,#14951,#14952);
#11879=AXIS2_PLACEMENT_3D('',#18299,#14953,#14954);
#11880=AXIS2_PLACEMENT_3D('',#18304,#14957,#14958);
#11881=AXIS2_PLACEMENT_3D('',#18305,#14959,#14960);
#11882=AXIS2_PLACEMENT_3D('',#18306,#14961,#14962);
#11883=AXIS2_PLACEMENT_3D('',#18307,#14963,#14964);
#11884=AXIS2_PLACEMENT_3D('',#18308,#14965,#14966);
#11885=AXIS2_PLACEMENT_3D('',#18311,#14968,#14969);
#11886=AXIS2_PLACEMENT_3D('',#18312,#14970,#14971);
#11887=AXIS2_PLACEMENT_3D('',#18313,#14972,#14973);
#11888=AXIS2_PLACEMENT_3D('',#18315,#14974,#14975);
#11889=AXIS2_PLACEMENT_3D('',#18316,#14976,#14977);
#11890=AXIS2_PLACEMENT_3D('',#18319,#14979,#14980);
#11891=AXIS2_PLACEMENT_3D('',#18320,#14981,#14982);
#11892=AXIS2_PLACEMENT_3D('',#18321,#14983,#14984);
#11893=AXIS2_PLACEMENT_3D('',#18323,#14985,#14986);
#11894=AXIS2_PLACEMENT_3D('',#18324,#14987,#14988);
#11895=AXIS2_PLACEMENT_3D('',#18327,#14990,#14991);
#11896=AXIS2_PLACEMENT_3D('',#18328,#14992,#14993);
#11897=AXIS2_PLACEMENT_3D('',#18329,#14994,#14995);
#11898=AXIS2_PLACEMENT_3D('',#18331,#14996,#14997);
#11899=AXIS2_PLACEMENT_3D('',#18332,#14998,#14999);
#11900=AXIS2_PLACEMENT_3D('',#18333,#15000,#15001);
#11901=AXIS2_PLACEMENT_3D('',#18334,#15002,#15003);
#11902=AXIS2_PLACEMENT_3D('',#18337,#15005,#15006);
#11903=AXIS2_PLACEMENT_3D('',#18338,#15007,#15008);
#11904=AXIS2_PLACEMENT_3D('',#18339,#15009,#15010);
#11905=AXIS2_PLACEMENT_3D('',#18340,#15011,#15012);
#11906=AXIS2_PLACEMENT_3D('',#18341,#15013,#15014);
#11907=AXIS2_PLACEMENT_3D('',#18343,#15015,#15016);
#11908=AXIS2_PLACEMENT_3D('',#18344,#15017,#15018);
#11909=AXIS2_PLACEMENT_3D('',#18346,#15020,#15021);
#11910=AXIS2_PLACEMENT_3D('',#18350,#15024,#15025);
#11911=AXIS2_PLACEMENT_3D('',#18351,#15026,#15027);
#11912=AXIS2_PLACEMENT_3D('',#18352,#15028,#15029);
#11913=AXIS2_PLACEMENT_3D('',#18353,#15030,#15031);
#11914=AXIS2_PLACEMENT_3D('',#18355,#15032,#15033);
#11915=AXIS2_PLACEMENT_3D('',#18356,#15034,#15035);
#11916=AXIS2_PLACEMENT_3D('',#18358,#15037,#15038);
#11917=AXIS2_PLACEMENT_3D('',#18362,#15041,#15042);
#11918=AXIS2_PLACEMENT_3D('',#18363,#15043,#15044);
#11919=AXIS2_PLACEMENT_3D('',#18364,#15045,#15046);
#11920=AXIS2_PLACEMENT_3D('',#18365,#15047,#15048);
#11921=AXIS2_PLACEMENT_3D('',#18366,#15049,#15050);
#11922=AXIS2_PLACEMENT_3D('',#18368,#15052,#15053);
#11923=AXIS2_PLACEMENT_3D('',#18369,#15054,#15055);
#11924=AXIS2_PLACEMENT_3D('',#18370,#15056,#15057);
#11925=AXIS2_PLACEMENT_3D('',#18371,#15058,#15059);
#11926=AXIS2_PLACEMENT_3D('',#18372,#15060,#15061);
#11927=AXIS2_PLACEMENT_3D('',#18373,#15062,#15063);
#11928=AXIS2_PLACEMENT_3D('',#18376,#15066,#15067);
#11929=AXIS2_PLACEMENT_3D('',#18378,#15069,#15070);
#11930=AXIS2_PLACEMENT_3D('',#18380,#15072,#15073);
#11931=AXIS2_PLACEMENT_3D('',#18382,#15075,#15076);
#11932=AXIS2_PLACEMENT_3D('',#18384,#15078,#15079);
#11933=AXIS2_PLACEMENT_3D('',#18386,#15081,#15082);
#11934=AXIS2_PLACEMENT_3D('',#18388,#15084,#15085);
#11935=DIRECTION('',(0.,0.,1.));
#11936=DIRECTION('',(1.,0.,0.));
#11937=DIRECTION('',(-1.,0.,0.));
#11938=DIRECTION('',(0.,0.,1.));
#11939=DIRECTION('',(0.,-0.991125109742217,-0.132932376938346));
#11940=DIRECTION('',(1.,0.,0.));
#11941=DIRECTION('',(0.,0.,-1.));
#11942=DIRECTION('',(0.,0.,1.));
#11943=DIRECTION('',(1.,0.,0.));
#11944=DIRECTION('',(0.,0.,-1.));
#11945=DIRECTION('',(0.,0.991125109742749,-0.132932376934375));
#11946=DIRECTION('',(1.,0.,0.));
#11947=DIRECTION('',(0.,0.,-1.));
#11948=DIRECTION('',(-1.,0.,0.));
#11949=DIRECTION('',(0.,0.,1.));
#11950=DIRECTION('',(1.,0.,0.));
#11951=DIRECTION('',(0.,0.,-1.));
#11952=DIRECTION('',(0.,-0.866025403790126,0.49999999999015));
#11953=DIRECTION('',(1.,0.,0.));
#11954=DIRECTION('',(0.,0.,-1.));
#11955=DIRECTION('',(0.,-0.610685370281891,-0.791873334898751));
#11956=DIRECTION('',(1.,0.,0.));
#11957=DIRECTION('',(0.,0.,-1.));
#11958=DIRECTION('',(-1.,0.,0.));
#11959=DIRECTION('',(0.,0.,1.));
#11960=DIRECTION('',(1.,0.,0.));
#11961=DIRECTION('',(0.,0.,-1.));
#11962=DIRECTION('',(0.,0.380439739460698,0.924805711833072));
#11963=DIRECTION('',(1.,0.,0.));
#11964=DIRECTION('',(0.,0.,-1.));
#11965=DIRECTION('',(-1.,0.,0.));
#11966=DIRECTION('',(0.,0.,1.));
#11967=DIRECTION('',(1.,0.,0.));
#11968=DIRECTION('',(0.,0.,-1.));
#11969=DIRECTION('',(0.,0.610685370284994,-0.791873334896358));
#11970=DIRECTION('',(1.,0.,0.));
#11971=DIRECTION('',(0.,0.,-1.));
#11972=DIRECTION('',(0.,0.866025403778923,0.500000000009554));
#11973=DIRECTION('',(1.,0.,0.));
#11974=DIRECTION('',(0.,0.,-1.));
#11975=DIRECTION('',(0.,-0.380439739460698,0.924805711833073));
#11976=DIRECTION('',(1.,0.,0.));
#11977=DIRECTION('',(0.,0.,-1.));
#11978=DIRECTION('',(0.,-0.866025403784428,-0.500000000000019));
#11979=DIRECTION('',(0.,0.610685370281984,-0.791873334898679));
#11980=DIRECTION('',(1.,0.,0.));
#11981=DIRECTION('',(0.,0.,-1.));
#11982=DIRECTION('',(0.,0.991125109742745,-0.132932376934406));
#11983=DIRECTION('',(0.,0.,1.));
#11984=DIRECTION('',(0.,-0.991125109742745,-0.132932376934406));
#11985=DIRECTION('',(1.,0.,0.));
#11986=DIRECTION('',(0.,0.,-1.));
#11987=DIRECTION('',(0.,-0.610685370281984,-0.791873334898679));
#11988=DIRECTION('',(0.,0.866025403791309,-0.499999999988101));
#11989=DIRECTION('',(0.,-0.38043973946084,-0.924805711833014));
#11990=DIRECTION('',(-1.,0.,0.));
#11991=DIRECTION('',(0.,0.,1.));
#11992=DIRECTION('',(0.,0.380439739460762,-0.924805711833046));
#11993=DIRECTION('',(0.,-1.,0.));
#11994=DIRECTION('',(0.,-0.707106781186548,-0.707106781186548));
#11995=DIRECTION('',(0.,0.,-1.));
#11996=DIRECTION('',(0.,0.707106781186548,-0.707106781186548));
#11997=DIRECTION('',(0.,1.,0.));
#11998=DIRECTION('',(0.,0.707106781186548,0.707106781186548));
#11999=DIRECTION('',(0.,0.,1.));
#12000=DIRECTION('',(0.,-0.707106781186548,0.707106781186548));
#12001=DIRECTION('',(1.,0.,0.));
#12002=DIRECTION('',(0.,-1.,0.));
#12003=DIRECTION('',(0.,0.104616086516299,0.994512681890992));
#12004=DIRECTION('',(0.,0.437294487598077,0.899318370276253));
#12005=DIRECTION('',(0.,0.749497492024136,0.662007182324732));
#12006=DIRECTION('',(0.,0.926707223013325,0.375784143911011));
#12007=DIRECTION('',(0.,0.989481288183797,0.144660915019));
#12008=DIRECTION('',(0.,0.995500161012052,-0.0947598513347254));
#12009=DIRECTION('',(0.,0.907646621559603,-0.419735166946301));
#12010=DIRECTION('',(0.,0.676447823625218,-0.736490557925019));
#12011=DIRECTION('',(0.,0.384945166477216,-0.922939444820638));
#12012=DIRECTION('',(0.,0.144660915019,-0.989481288183797));
#12013=DIRECTION('',(0.,-0.104616086516299,-0.994512681890992));
#12014=DIRECTION('',(0.,-0.437294634100092,-0.899318299039482));
#12015=DIRECTION('',(0.,-0.749497209062033,-0.662007502682729));
#12016=DIRECTION('',(0.,-0.926707223013325,-0.375784143911011));
#12017=DIRECTION('',(0.,-0.989481288183797,-0.144660915019));
#12018=DIRECTION('',(0.,-0.995500161012052,0.0947598513347254));
#12019=DIRECTION('',(0.,-0.907646800967093,0.419734778990497));
#12020=DIRECTION('',(0.,-0.676447703648377,0.736490668120675));
#12021=DIRECTION('',(0.,-0.384945166477216,0.922939444820638));
#12022=DIRECTION('',(0.,-0.144660915019,0.989481288183797));
#12023=DIRECTION('',(1.,0.,0.));
#12024=DIRECTION('',(0.,-1.,0.));
#12025=DIRECTION('',(0.,-0.999990969197518,-0.00424988510534507));
#12026=DIRECTION('',(0.,-0.941571598350034,0.336812893429812));
#12027=DIRECTION('',(0.,-0.73965195813153,0.672989584490127));
#12028=DIRECTION('',(0.,-0.47441517972358,0.880301219610562));
#12029=DIRECTION('',(0.,-0.251498661866708,0.96785764608193));
#12030=DIRECTION('',(0.,-0.0141567084722796,0.999899788781471));
#12031=DIRECTION('',(0.,0.31845266918279,0.94793876252127));
#12032=DIRECTION('',(0.,0.658489143514509,0.75259022573611));
#12033=DIRECTION('',(0.,0.875557928521224,0.483113148034313));
#12034=DIRECTION('',(0.,0.96785764608193,0.251498661866708));
#12035=DIRECTION('',(0.,0.999990969197518,0.00424988510534507));
#12036=DIRECTION('',(0.,0.941571543482068,-0.336813046814989));
#12037=DIRECTION('',(0.,0.73965224578808,-0.672989268339882));
#12038=DIRECTION('',(0.,0.47441517972358,-0.880301219610562));
#12039=DIRECTION('',(0.,0.251498661866708,-0.96785764608193));
#12040=DIRECTION('',(0.,0.0141567084722796,-0.999899788781471));
#12041=DIRECTION('',(0.,-0.318452264004402,-0.947938898637708));
#12042=DIRECTION('',(0.,-0.658489266113993,-0.752590118465992));
#12043=DIRECTION('',(0.,-0.875557928521224,-0.483113148034313));
#12044=DIRECTION('',(0.,-0.96785764608193,-0.251498661866708));
#12045=DIRECTION('',(1.,0.,0.));
#12046=DIRECTION('',(0.,-1.,0.));
#12047=DIRECTION('',(-1.,0.,0.));
#12048=DIRECTION('',(0.,0.,1.));
#12049=DIRECTION('',(0.,-0.380439739460811,-0.924805711833026));
#12050=DIRECTION('',(1.,0.,0.));
#12051=DIRECTION('',(0.,0.,-1.));
#12052=DIRECTION('',(0.,0.380439739460811,-0.924805711833026));
#12053=DIRECTION('',(0.,-0.996194698091744,-0.0871557427476739));
#12054=DIRECTION('',(0.,0.906307787036659,-0.422618261740681));
#12055=DIRECTION('',(-1.,0.,0.));
#12056=DIRECTION('',(0.,0.,1.));
#12057=DIRECTION('',(0.,0.906307787036641,0.422618261740719));
#12058=DIRECTION('',(-1.,0.,0.));
#12059=DIRECTION('',(0.,0.,1.));
#12060=DIRECTION('',(0.,0.906307787036659,-0.422618261740681));
#12061=DIRECTION('',(0.,-0.573576436351011,0.819152044289016));
#12062=DIRECTION('',(0.,0.999769838538024,-0.0214539029002405));
#12063=DIRECTION('',(0.,0.971233667950008,0.238128457435002));
#12064=DIRECTION('',(0.,0.847238759030389,0.531212278845893));
#12065=DIRECTION('',(0.,0.634192087539025,0.77317552735643));
#12066=DIRECTION('',(0.,0.404402294430489,0.914581207033775));
#12067=DIRECTION('',(0.,0.213192428181698,0.97701022950939));
#12068=DIRECTION('',(0.,0.0133571237001998,0.999910789643985));
#12069=DIRECTION('',(0.,-0.254451593166687,0.967085511593951));
#12070=DIRECTION('',(0.,-0.548929299097294,0.83586878431519));
#12071=DIRECTION('',(0.,-0.783746567169502,0.621080766446701));
#12072=DIRECTION('',(0.,-0.917825981816591,0.396982955682496));
#12073=DIRECTION('',(0.,-0.97701022950939,0.213192428181698));
#12074=DIRECTION('',(0.,-0.213192428181698,-0.97701022950939));
#12075=DIRECTION('',(0.,0.97701022950939,-0.213192428181698));
#12076=DIRECTION('',(0.,0.89829967567421,-0.439383309518705));
#12077=DIRECTION('',(0.,0.70159213985001,-0.71257874603491));
#12078=DIRECTION('',(0.,0.373627940623388,-0.927578655417171));
#12079=DIRECTION('',(0.,0.0351299846853901,-0.999382751590202));
#12080=DIRECTION('',(0.,-0.213192428181698,-0.97701022950939));
#12081=DIRECTION('',(0.,-0.448261829585977,-0.893902305700255));
#12082=DIRECTION('',(0.,-0.726077316293368,-0.68761306762177));
#12083=DIRECTION('',(0.,-0.934663677161331,-0.355533135720511));
#12084=DIRECTION('',(0.,-0.999681761005874,-0.0252265081252794));
#12085=DIRECTION('',(0.,-0.97701022950939,0.213192428181698));
#12086=DIRECTION('',(0.,-0.213192428181698,-0.97701022950939));
#12087=DIRECTION('',(0.,0.97701022950939,-0.213192428181698));
#12088=DIRECTION('',(0.,0.0946953741380878,0.995506296372277));
#12089=DIRECTION('',(0.,-0.995506296372276,0.0946953741380977));
#12090=DIRECTION('',(0.,-0.0946953741380977,-0.995506296372276));
#12091=DIRECTION('',(0.,0.799689345810881,-0.600413982345985));
#12092=DIRECTION('',(0.,-0.995506296372276,0.0946953741380977));
#12093=DIRECTION('',(0.,-0.0946953741380977,-0.995506296372276));
#12094=DIRECTION('',(0.,0.995506296372276,-0.0946953741380977));
#12095=DIRECTION('',(0.,0.0946953741380878,0.995506296372277));
#12096=DIRECTION('',(0.,-0.806204878447841,0.591636454224131));
#12097=DIRECTION('',(0.,0.995506296372276,-0.0946953741380977));
#12098=DIRECTION('',(0.,0.0251637456209394,-0.999683342817277));
#12099=DIRECTION('',(0.,0.999683342817276,0.0251637456209494));
#12100=DIRECTION('',(0.,0.0251637456209494,-0.999683342817276));
#12101=DIRECTION('',(0.,0.999683342817277,0.0251637456209394));
#12102=DIRECTION('',(0.,-0.0251637456209494,0.999683342817276));
#12103=DIRECTION('',(0.,-0.999683342817276,-0.0251637456209494));
#12104=DIRECTION('',(0.,0.144660915019,-0.989481288183797));
#12105=DIRECTION('',(0.,0.339752701778596,-0.940514806706489));
#12106=DIRECTION('',(0.,0.57882953484682,-0.815448569554828));
#12107=DIRECTION('',(0.,0.808202463304609,-0.588904727700807));
#12108=DIRECTION('',(0.,0.952300657738885,-0.305161362675695));
#12109=DIRECTION('',(0.,0.998837783736359,-0.048198358692368));
#12110=DIRECTION('',(0.,0.989481288183797,0.144660915019));
#12111=DIRECTION('',(0.,0.943234675244641,0.332127004948615));
#12112=DIRECTION('',(0.,0.825082374972532,0.565012455181022));
#12113=DIRECTION('',(0.,0.605785563364073,0.795627960305364));
#12114=DIRECTION('',(0.,0.321158084601996,0.947025598753686));
#12115=DIRECTION('',(0.,0.0562836556292375,0.998414818654556));
#12116=DIRECTION('',(0.,-0.144660915019,0.989481288183797));
#12117=DIRECTION('',(0.,-0.33975271792278,0.940514800874544));
#12118=DIRECTION('',(0.,-0.578829578217876,0.815448538768766));
#12119=DIRECTION('',(0.,-0.808202489076508,0.588904692331906));
#12120=DIRECTION('',(0.,-0.952300678839702,0.305161296827501));
#12121=DIRECTION('',(0.,-0.998837778643212,0.0481984642399806));
#12122=DIRECTION('',(0.,-0.989481288183797,-0.144660915019));
#12123=DIRECTION('',(0.,-0.943234710340634,-0.332126905276612));
#12124=DIRECTION('',(0.,-0.825082335903934,-0.565012512232524));
#12125=DIRECTION('',(0.,-0.605785528545427,-0.795627986816035));
#12126=DIRECTION('',(0.,-0.32115803423281,-0.94702561583503));
#12127=DIRECTION('',(0.,-0.0562836384911888,-0.998414819620679));
#12128=DIRECTION('',(0.,0.894951108902986,0.446164221641893));
#12129=DIRECTION('',(0.,0.502800718591084,0.864402358502272));
#12130=DIRECTION('',(0.,0.201644097044308,0.979458859844141));
#12131=DIRECTION('',(0.,-0.0675526003359513,0.997715714112919));
#12132=DIRECTION('',(0.,-0.265851714957901,0.964013934367104));
#12133=DIRECTION('',(0.,-0.453395708165,0.8913093356504));
#12134=DIRECTION('',(0.,-0.675180741516908,0.737652334290809));
#12135=DIRECTION('',(0.,-0.874793988715901,0.484495074594701));
#12136=DIRECTION('',(0.,-0.98271651929638,0.185116835274396));
#12137=DIRECTION('',(0.,-0.997136130257884,-0.0756276254706688));
#12138=DIRECTION('',(0.,-0.964013934367104,-0.265851714957901));
#12139=DIRECTION('',(0.,-0.894951144262762,-0.446164150714481));
#12140=DIRECTION('',(0.,-0.74892005201194,-0.662660362247836));
#12141=DIRECTION('',(0.,-0.502800680762688,-0.86440238050608));
#12142=DIRECTION('',(0.,-0.201642909957206,-0.97945910423253));
#12143=DIRECTION('',(0.,0.0675517219533807,-0.99771577358541));
#12144=DIRECTION('',(0.,0.265851714957901,-0.964013934367104));
#12145=DIRECTION('',(0.,0.4533948928627,-0.891309750381999));
#12146=DIRECTION('',(0.,0.675181557071502,-0.737651587804502));
#12147=DIRECTION('',(0.,0.874793967513219,-0.48449511287781));
#12148=DIRECTION('',(0.,0.997136122266275,0.0756277308384681));
#12149=DIRECTION('',(0.,-0.265851714957901,0.964013934367104));
#12150=DIRECTION('',(0.,-0.998923607614648,0.0463856243909322));
#12151=DIRECTION('',(0.,-0.762291135704293,0.647234288667295));
#12152=DIRECTION('',(0.,-0.496068908816725,0.868283155258343));
#12153=DIRECTION('',(0.,-0.265851714957901,0.964013934367104));
#12154=DIRECTION('',(0.,-0.0191066538295698,0.999817451227691));
#12155=DIRECTION('',(0.,0.322785464000695,0.946472157133984));
#12156=DIRECTION('',(0.,0.66192426507149,0.749570722019989));
#12157=DIRECTION('',(0.,0.873154346362786,0.487443830023292));
#12158=DIRECTION('',(0.,0.964013934367104,0.265851714957901));
#12159=DIRECTION('',(0.,0.999579100012034,0.029010736273521));
#12160=DIRECTION('',(0.,0.952565416306968,-0.30433390815999));
#12161=DIRECTION('',(0.,0.762291241140913,-0.647234164487511));
#12162=DIRECTION('',(0.,0.496070099703474,-0.868282474877954));
#12163=DIRECTION('',(0.,0.265851714957901,-0.964013934367104));
#12164=DIRECTION('',(0.,0.0191080251215993,-0.999817425021165));
#12165=DIRECTION('',(0.,-0.322785618184209,-0.946472104551126));
#12166=DIRECTION('',(0.,-0.833945482563738,-0.551846837547825));
#12167=DIRECTION('',(0.,0.265851714957901,-0.964013934367104));
#12168=DIRECTION('',(0.,-0.378140480260406,0.925748225592914));
#12169=DIRECTION('',(0.,-0.925748225592914,-0.378140480260406));
#12170=DIRECTION('',(0.,0.378140480260406,-0.925748225592914));
#12171=DIRECTION('',(0.,0.925748225592914,0.378140480260406));
#12172=DIRECTION('',(0.,-0.417180168301406,-0.908823804252513));
#12173=DIRECTION('',(0.,0.378140480260406,-0.925748225592914));
#12174=DIRECTION('',(0.,0.4215341060466,0.9068125481264));
#12175=DIRECTION('',(0.,0.984897323253002,-0.173139431237001));
#12176=DIRECTION('',(0.,-0.378140480260406,0.925748225592914));
#12177=DIRECTION('',(0.,-0.983749871862755,0.179544394537992));
#12178=DIRECTION('',(0.,0.39689984144681,0.917861926359023));
#12179=DIRECTION('',(0.,0.925748225592914,0.378140480260406));
#12180=DIRECTION('',(1.,0.,0.));
#12181=DIRECTION('',(0.,-1.,0.));
#12182=DIRECTION('',(1.,0.,0.));
#12183=DIRECTION('',(0.,0.,-1.));
#12184=DIRECTION('',(0.,-0.610685370281984,0.791873334898679));
#12185=DIRECTION('',(1.,0.,0.));
#12186=DIRECTION('',(0.,0.,-1.));
#12187=DIRECTION('',(0.,-0.991125109742745,0.132932376934406));
#12188=DIRECTION('',(1.,0.,0.));
#12189=DIRECTION('',(0.,-1.,0.));
#12190=DIRECTION('',(1.,0.,0.));
#12191=DIRECTION('',(0.,0.,-1.));
#12192=DIRECTION('',(0.,0.991125109742745,0.132932376934406));
#12193=DIRECTION('',(1.,0.,0.));
#12194=DIRECTION('',(0.,0.,-1.));
#12195=DIRECTION('',(0.,0.610685370281984,0.791873334898679));
#12196=DIRECTION('',(0.,-0.819152044288647,0.573576436351538));
#12197=DIRECTION('',(1.,0.,0.));
#12198=DIRECTION('',(0.,0.,-1.));
#12199=DIRECTION('',(0.,-0.087155742747714,0.996194698091741));
#12200=DIRECTION('',(1.,0.,0.));
#12201=DIRECTION('',(0.,0.,-1.));
#12202=DIRECTION('',(0.,-0.81915204428922,0.57357643635072));
#12203=DIRECTION('',(0.,0.422618261740596,-0.906307787036698));
#12204=DIRECTION('',(0.,0.996194698091728,-0.0871557427478617));
#12205=DIRECTION('',(0.,-0.133821827157598,0.991005407944983));
#12206=DIRECTION('',(0.,0.991005407944983,0.133821827157598));
#12207=DIRECTION('',(0.,-0.133821827157598,0.991005407944983));
#12208=DIRECTION('',(0.,-0.991005407944983,-0.133821827157598));
#12209=DIRECTION('',(0.,0.133821827157598,-0.991005407944983));
#12210=DIRECTION('',(0.,0.99100540794497,0.133821827157696));
#12211=DIRECTION('',(0.,-0.251498661866708,0.96785764608193));
#12212=DIRECTION('',(0.,-0.432816477546379,0.901482055708457));
#12213=DIRECTION('',(0.,-0.651460260427477,0.758682759184473));
#12214=DIRECTION('',(0.,-0.856835752127386,0.515589462534192));
#12215=DIRECTION('',(0.,-0.976354877041184,0.216173897771896));
#12216=DIRECTION('',(0.,-0.998609321406263,-0.0527202352092881));
#12217=DIRECTION('',(0.,-0.96785764608193,-0.251498661866708));
#12218=DIRECTION('',(0.,-0.897947775903578,-0.440102024250989));
#12219=DIRECTION('',(0.,-0.747603393973098,-0.664145439884898));
#12220=DIRECTION('',(0.,-0.497438699101985,-0.867499130048973));
#12221=DIRECTION('',(0.,-0.199699656176307,-0.979857156591237));
#12222=DIRECTION('',(0.,0.0608050445428306,-0.99814966140261));
#12223=DIRECTION('',(0.,0.251498661866708,-0.96785764608193));
#12224=DIRECTION('',(0.,0.43281589585629,-0.901482334987279));
#12225=DIRECTION('',(0.,0.651460741499791,-0.758682346100489));
#12226=DIRECTION('',(0.,0.856835590342534,-0.515589731397321));
#12227=DIRECTION('',(0.,0.976355013788843,-0.21617328014671));
#12228=DIRECTION('',(0.,0.998609332331177,0.0527200282727688));
#12229=DIRECTION('',(0.,0.96785764608193,0.251498661866708));
#12230=DIRECTION('',(0.,0.897947882212496,0.440101807346998));
#12231=DIRECTION('',(0.,0.747603044493619,0.664145833280517));
#12232=DIRECTION('',(0.,0.497439047238889,0.867498930421281));
#12233=DIRECTION('',(0.,0.199699170367098,0.979857255601392));
#12234=DIRECTION('',(0.,-0.0608046114255371,0.998149687787052));
#12235=DIRECTION('',(0.,-0.659781932448093,-0.751457118946291));
#12236=DIRECTION('',(0.,-0.386401692211214,-0.922330598135132));
#12237=DIRECTION('',(0.,-0.0770573191434087,-0.997026664420983));
#12238=DIRECTION('',(0.,0.183709720985399,-0.982980538167194));
#12239=DIRECTION('',(0.,0.369197551772885,-0.929350938970262));
#12240=DIRECTION('',(0.,0.540920918820484,-0.841073456710175));
#12241=DIRECTION('',(0.,0.740238283627894,-0.672344616585594));
#12242=DIRECTION('',(0.,0.913992579005383,-0.405730902844593));
#12243=DIRECTION('',(0.,0.99558742027831,-0.0938386305504309));
#12244=DIRECTION('',(0.,0.984435855093824,0.175744266494504));
#12245=DIRECTION('',(0.,0.929350938970262,0.369197551772885));
#12246=DIRECTION('',(0.,0.836665857836898,0.547713649939499));
#12247=DIRECTION('',(0.,0.659781972415697,0.751457083854596));
#12248=DIRECTION('',(0.,0.386401073018389,0.922330857539873));
#12249=DIRECTION('',(0.,-0.183708764044591,0.982980717009855));
#12250=DIRECTION('',(0.,-0.929350938970262,-0.369197551772885));
#12251=DIRECTION('',(0.,0.0626148367153987,-0.99803776593028));
#12252=DIRECTION('',(0.,-0.560419781930117,-0.828208710423526));
#12253=DIRECTION('',(0.,-0.809131178116717,-0.587628059744813));
#12254=DIRECTION('',(0.,-0.929350938970262,-0.369197551772885));
#12255=DIRECTION('',(0.,-0.991797898220849,-0.127815996982793));
#12256=DIRECTION('',(0.,-0.975981849879004,0.217851850363401));
#12257=DIRECTION('',(0.,-0.817162755038079,0.576407001847285));
#12258=DIRECTION('',(0.,-0.579581703718206,0.814914135792908));
#12259=DIRECTION('',(0.,-0.369197551772885,0.929350938970262));
#12260=DIRECTION('',(0.,-0.137637234944697,0.990482706339075));
#12261=DIRECTION('',(0.,0.198846711377109,0.980030604305044));
#12262=DIRECTION('',(0.,0.5604196470121,0.8282088017178));
#12263=DIRECTION('',(0.,0.809131178116717,0.587628059744813));
#12264=DIRECTION('',(0.,0.929350938970262,0.369197551772885));
#12265=DIRECTION('',(0.,0.991797898220849,0.127815996982793));
#12266=DIRECTION('',(0.,0.975981814390197,-0.2178520093541));
#12267=DIRECTION('',(0.,0.63933667765858,-0.768926922795976));
#12268=DIRECTION('',(0.,0.929350938970262,0.369197551772885));
#12269=DIRECTION('',(0.,-0.540921893146512,0.841072830089519));
#12270=DIRECTION('',(0.,-0.913992271112204,0.405731596436802));
#12271=DIRECTION('',(0.,-0.995587415287338,0.0938386835024736));
#12272=DIRECTION('',(0.,-0.984435858110503,-0.175744249596501));
#12273=DIRECTION('',(0.,-0.929350938970262,-0.369197551772885));
#12274=DIRECTION('',(0.,-0.836665848435259,-0.547713664301073));
#12275=DIRECTION('',(0.,-0.879090829453882,-0.47665429146299));
#12276=DIRECTION('',(0.,0.47665429146299,-0.879090829453882));
#12277=DIRECTION('',(0.,0.879090829453882,0.47665429146299));
#12278=DIRECTION('',(0.,-0.47665429146299,0.879090829453882));
#12279=DIRECTION('',(0.,0.948831273858312,-0.315783491887104));
#12280=DIRECTION('',(0.,0.879090829453882,0.47665429146299));
#12281=DIRECTION('',(0.,-0.947305857937044,0.320330472353415));
#12282=DIRECTION('',(0.,0.0649125899384896,0.997890953795793));
#12283=DIRECTION('',(0.,-0.879090829453882,-0.47665429146299));
#12284=DIRECTION('',(0.,-0.0714043926708709,-0.997447448594313));
#12285=DIRECTION('',(0.,-0.955608348939722,0.294639921661507));
#12286=DIRECTION('',(0.,-0.47665429146299,0.879090829453882));
#12287=DIRECTION('',(0.,-0.989481288183797,-0.144660915019));
#12288=DIRECTION('',(0.,-0.144660915019,0.989481288183797));
#12289=DIRECTION('',(-1.,0.,0.));
#12290=DIRECTION('',(0.,-0.144660915019523,0.98948128818372));
#12291=DIRECTION('',(-1.,0.,0.));
#12292=DIRECTION('',(0.,-0.994512681890992,0.104616086516299));
#12293=DIRECTION('',(0.,0.104616086516299,0.994512681890992));
#12294=DIRECTION('',(0.,0.10461608652263,0.994512681890326));
#12295=DIRECTION('',(-1.,0.,0.));
#12296=DIRECTION('',(0.,-0.899318370276253,0.437294487598077));
#12297=DIRECTION('',(0.,0.437294487598077,0.899318370276253));
#12298=DIRECTION('',(0.,0.437294487599827,0.899318370275402));
#12299=DIRECTION('',(-1.,0.,0.));
#12300=DIRECTION('',(0.,-0.662007182324732,0.749497492024136));
#12301=DIRECTION('',(0.,0.749497492024136,0.662007182324732));
#12302=DIRECTION('',(0.,0.749497492016907,0.662007182332917));
#12303=DIRECTION('',(-1.,0.,0.));
#12304=DIRECTION('',(0.,-0.375784143911011,0.926707223013325));
#12305=DIRECTION('',(0.,0.926707223013325,0.375784143911011));
#12306=DIRECTION('',(0.,0.926707223015146,0.37578414390652));
#12307=DIRECTION('',(-1.,0.,0.));
#12308=DIRECTION('',(0.,-0.144660915019,0.989481288183797));
#12309=DIRECTION('',(0.,0.989481288183797,0.144660915019));
#12310=DIRECTION('',(0.,0.989481288183694,0.144660915019704));
#12311=DIRECTION('',(-1.,0.,0.));
#12312=DIRECTION('',(0.,0.0947598513347254,0.995500161012052));
#12313=DIRECTION('',(0.,0.995500161012052,-0.0947598513347254));
#12314=DIRECTION('',(0.,0.995500161012042,-0.0947598513348263));
#12315=DIRECTION('',(-1.,0.,0.));
#12316=DIRECTION('',(0.,0.419735166946301,0.907646621559603));
#12317=DIRECTION('',(0.,0.907646621559603,-0.419735166946301));
#12318=DIRECTION('',(0.,0.907646621558865,-0.419735166947896));
#12319=DIRECTION('',(-1.,0.,0.));
#12320=DIRECTION('',(0.,0.736490557925019,0.676447823625218));
#12321=DIRECTION('',(0.,0.676447823625218,-0.736490557925019));
#12322=DIRECTION('',(0.,0.676447823625796,-0.736490557924489));
#12323=DIRECTION('',(-1.,0.,0.));
#12324=DIRECTION('',(0.,0.922939444820638,0.384945166477216));
#12325=DIRECTION('',(0.,0.384945166477216,-0.922939444820638));
#12326=DIRECTION('',(0.,0.38494516648629,-0.922939444816854));
#12327=DIRECTION('',(-1.,0.,0.));
#12328=DIRECTION('',(0.,0.989481288183797,0.144660915019));
#12329=DIRECTION('',(0.,0.144660915019,-0.989481288183797));
#12330=DIRECTION('',(0.,0.144660915019529,-0.989481288183719));
#12331=DIRECTION('',(-1.,0.,0.));
#12332=DIRECTION('',(0.,0.994512681890992,-0.104616086516299));
#12333=DIRECTION('',(0.,-0.104616086516299,-0.994512681890992));
#12334=DIRECTION('',(0.,-0.104616086522622,-0.994512681890327));
#12335=DIRECTION('',(-1.,0.,0.));
#12336=DIRECTION('',(0.,0.899318299039482,-0.437294634100092));
#12337=DIRECTION('',(0.,-0.437294634100092,-0.899318299039482));
#12338=DIRECTION('',(0.,-0.437294634089925,-0.899318299044425));
#12339=DIRECTION('',(-1.,0.,0.));
#12340=DIRECTION('',(0.,0.662007502682729,-0.749497209062033));
#12341=DIRECTION('',(0.,-0.749497209062033,-0.662007502682729));
#12342=DIRECTION('',(0.,-0.749497209070461,-0.662007502673187));
#12343=DIRECTION('',(-1.,0.,0.));
#12344=DIRECTION('',(0.,0.375784143911011,-0.926707223013325));
#12345=DIRECTION('',(0.,-0.926707223013325,-0.375784143911011));
#12346=DIRECTION('',(0.,-0.926707223012459,-0.375784143913148));
#12347=DIRECTION('',(-1.,0.,0.));
#12348=DIRECTION('',(0.,0.144660915019,-0.989481288183797));
#12349=DIRECTION('',(0.,-0.989481288183797,-0.144660915019));
#12350=DIRECTION('',(0.,-0.989481288183803,-0.144660915018956));
#12351=DIRECTION('',(-1.,0.,0.));
#12352=DIRECTION('',(0.,-0.0947598513347254,-0.995500161012052));
#12353=DIRECTION('',(0.,-0.995500161012052,0.0947598513347254));
#12354=DIRECTION('',(0.,-0.995500161012042,0.0947598513348247));
#12355=DIRECTION('',(-1.,0.,0.));
#12356=DIRECTION('',(0.,-0.419734778990497,-0.907646800967093));
#12357=DIRECTION('',(0.,-0.907646800967093,0.419734778990497));
#12358=DIRECTION('',(0.,-0.907646800964226,0.419734778996698));
#12359=DIRECTION('',(-1.,0.,0.));
#12360=DIRECTION('',(0.,-0.736490668120675,-0.676447703648377));
#12361=DIRECTION('',(0.,-0.676447703648377,0.736490668120675));
#12362=DIRECTION('',(0.,-0.676447703656441,0.736490668113268));
#12363=DIRECTION('',(-1.,0.,0.));
#12364=DIRECTION('',(0.,-0.922939444820638,-0.384945166477216));
#12365=DIRECTION('',(0.,-0.384945166477216,0.922939444820638));
#12366=DIRECTION('',(0.,-0.384945166469786,0.922939444823738));
#12367=DIRECTION('',(-1.,0.,0.));
#12368=DIRECTION('',(0.,0.,1.));
#12369=DIRECTION('',(0.,-0.213192428173171,-0.977010229511251));
#12370=DIRECTION('',(0.,-0.977010229509347,0.213192428181894));
#12371=DIRECTION('',(0.,-0.999681761005849,-0.0252265081262781));
#12372=DIRECTION('',(0.,-0.934663677163181,-0.355533135715646));
#12373=DIRECTION('',(0.,-0.726077316289906,-0.687613067625426));
#12374=DIRECTION('',(0.,-0.448261829587617,-0.893902305699433));
#12375=DIRECTION('',(0.,-0.213192428187033,-0.977010229508226));
#12376=DIRECTION('',(0.,0.0351299846980749,-0.999382751589757));
#12377=DIRECTION('',(0.,0.373627940611076,-0.92757865542213));
#12378=DIRECTION('',(0.,0.70159213984948,-0.712578746035431));
#12379=DIRECTION('',(0.,0.89829967567483,-0.439383309517436));
#12380=DIRECTION('',(0.,0.977010229509075,-0.213192428183143));
#12381=DIRECTION('',(0.,-0.213192428174274,-0.97701022951101));
#12382=DIRECTION('',(0.,-0.977010229509189,0.213192428182618));
#12383=DIRECTION('',(0.,-0.917825981818238,0.396982955678689));
#12384=DIRECTION('',(0.,-0.783746567168655,0.62108076644777));
#12385=DIRECTION('',(0.,-0.548929299095838,0.835868784316146));
#12386=DIRECTION('',(0.,-0.254451593158979,0.967085511595979));
#12387=DIRECTION('',(0.,0.0133571236900424,0.999910789644121));
#12388=DIRECTION('',(0.,0.21319242819077,0.977010229507411));
#12389=DIRECTION('',(0.,0.404402294434552,0.914581207031978));
#12390=DIRECTION('',(0.,0.634192087538774,0.773175527356636));
#12391=DIRECTION('',(0.,0.847238759026242,0.531212278852506));
#12392=DIRECTION('',(0.,0.971233667950461,0.238128457433154));
#12393=DIRECTION('',(0.,0.999769838538042,-0.0214539028994043));
#12394=DIRECTION('',(0.,0.977010229509338,-0.213192428181937));
#12395=DIRECTION('',(-1.,0.,0.));
#12396=DIRECTION('',(0.,0.,1.));
#12397=DIRECTION('',(0.,-0.806204878447779,0.591636454224215));
#12398=DIRECTION('',(0.,0.0946953741333618,0.995506296372726));
#12399=DIRECTION('',(0.,0.995506296372264,-0.0946953741382235));
#12400=DIRECTION('',(0.,-0.0946953741334036,-0.995506296372722));
#12401=DIRECTION('',(0.,-0.995506296372272,0.0946953741381425));
#12402=DIRECTION('',(0.,0.799689345810804,-0.600413982346087));
#12403=DIRECTION('',(0.,-0.094695374138495,-0.995506296372238));
#12404=DIRECTION('',(0.,-0.99550629637228,0.0946953741380583));
#12405=DIRECTION('',(0.,0.0946953741409686,0.995506296372003));
#12406=DIRECTION('',(0.,0.995506296372287,-0.0946953741379813));
#12407=DIRECTION('',(-1.,0.,0.));
#12408=DIRECTION('',(0.,0.,1.));
#12409=DIRECTION('',(0.,-0.025163745620336,0.999683342817292));
#12410=DIRECTION('',(0.,0.99968334281728,0.025163745620816));
#12411=DIRECTION('',(0.,0.0251637456213411,-0.999683342817266));
#12412=DIRECTION('',(0.,0.999683342817276,0.025163745620968));
#12413=DIRECTION('',(0.,0.0251637456286437,-0.999683342817083));
#12414=DIRECTION('',(0.,-0.999683342817276,-0.0251637456209567));
#12415=DIRECTION('',(-1.,0.,0.));
#12416=DIRECTION('',(0.,0.,1.));
#12417=DIRECTION('',(0.,-0.321158034230985,-0.947025615835648));
#12418=DIRECTION('',(0.,-0.605785528542384,-0.795627986818353));
#12419=DIRECTION('',(0.,-0.825082335906582,-0.565012512228657));
#12420=DIRECTION('',(0.,-0.943234710339278,-0.332126905280464));
#12421=DIRECTION('',(0.,-0.989481288183878,-0.144660915018446));
#12422=DIRECTION('',(0.,-0.998837778643259,0.0481984642390188));
#12423=DIRECTION('',(0.,-0.952300678840336,0.305161296825523));
#12424=DIRECTION('',(0.,-0.808202489075029,0.588904692333936));
#12425=DIRECTION('',(0.,-0.578829578222251,0.815448538765661));
#12426=DIRECTION('',(0.,-0.339752717922492,0.940514800874649));
#12427=DIRECTION('',(0.,-0.144660915019373,0.989481288183742));
#12428=DIRECTION('',(0.,0.0562836556334331,0.998414818654319));
#12429=DIRECTION('',(0.,0.321158084608342,0.947025598751534));
#12430=DIRECTION('',(0.,0.605785563358034,0.795627960309961));
#12431=DIRECTION('',(0.,0.825082374976893,0.565012455174654));
#12432=DIRECTION('',(0.,0.943234675244423,0.332127004949234));
#12433=DIRECTION('',(0.,0.989481288183768,0.144660915019194));
#12434=DIRECTION('',(0.,0.998837783736362,-0.0481983586923068));
#12435=DIRECTION('',(0.,0.952300657739301,-0.305161362674397));
#12436=DIRECTION('',(0.,0.808202463304584,-0.588904727700841));
#12437=DIRECTION('',(0.,0.57882953484532,-0.815448569555892));
#12438=DIRECTION('',(0.,0.339752701775843,-0.940514806707483));
#12439=DIRECTION('',(0.,0.144660915019523,-0.98948128818372));
#12440=DIRECTION('',(0.,-0.0562836384927109,-0.998414819620593));
#12441=DIRECTION('',(-1.,0.,0.));
#12442=DIRECTION('',(0.,0.,1.));
#12443=DIRECTION('',(0.,-0.833945482567095,-0.55184683754275));
#12444=DIRECTION('',(0.,-0.322785618176292,-0.946472104553826));
#12445=DIRECTION('',(0.,0.0191080251159317,-0.999817425021273));
#12446=DIRECTION('',(0.,0.26585171496062,-0.964013934366354));
#12447=DIRECTION('',(0.,0.496070099709463,-0.868282474874533));
#12448=DIRECTION('',(0.,0.762291241131759,-0.647234164498293));
#12449=DIRECTION('',(0.,0.952565416304603,-0.304333908167391));
#12450=DIRECTION('',(0.,0.999579100011943,0.0290107362766707));
#12451=DIRECTION('',(0.,0.964013934366875,0.265851714958731));
#12452=DIRECTION('',(0.,0.873154346362119,0.487443830024488));
#12453=DIRECTION('',(0.,0.66192426507253,0.749570722019071));
#12454=DIRECTION('',(0.,0.322785463992589,0.946472157136748));
#12455=DIRECTION('',(0.,-0.0191066538199161,0.999817451227876));
#12456=DIRECTION('',(0.,-0.265851714960537,0.964013934366377));
#12457=DIRECTION('',(0.,-0.496068908814162,0.868283155259807));
#12458=DIRECTION('',(0.,-0.762291135704493,0.647234288667059));
#12459=DIRECTION('',(0.,-0.998923607615016,0.0463856243830075));
#12460=DIRECTION('',(0.,-0.265851714958255,0.964013934367006));
#12461=DIRECTION('',(0.,0.997136122266412,0.0756277308366632));
#12462=DIRECTION('',(0.,0.87479396751519,-0.484495112874251));
#12463=DIRECTION('',(0.,0.675181557068808,-0.737651587806968));
#12464=DIRECTION('',(0.,0.453394892861163,-0.891309750382781));
#12465=DIRECTION('',(0.,0.265851714960531,-0.964013934366379));
#12466=DIRECTION('',(0.,0.0675517219514491,-0.997715773585541));
#12467=DIRECTION('',(0.,-0.201642909952016,-0.979459104233599));
#12468=DIRECTION('',(0.,-0.502800680774771,-0.864402380499052));
#12469=DIRECTION('',(0.,-0.748920052004689,-0.662660362256031));
#12470=DIRECTION('',(0.,-0.894951144264311,-0.446164150711373));
#12471=DIRECTION('',(0.,-0.964013934366875,-0.26585171495873));
#12472=DIRECTION('',(0.,-0.9971361302574,-0.0756276254770558));
#12473=DIRECTION('',(0.,-0.98271651929568,0.185116835278111));
#12474=DIRECTION('',(0.,-0.87479398871365,0.484495074598765));
#12475=DIRECTION('',(0.,-0.675180741517918,0.737652334289884));
#12476=DIRECTION('',(0.,-0.453395708164148,0.891309335650834));
#12477=DIRECTION('',(0.,-0.265851714960531,0.964013934366379));
#12478=DIRECTION('',(0.,-0.0675526003282689,0.997715714113439));
#12479=DIRECTION('',(0.,0.201644097030716,0.97945885984694));
#12480=DIRECTION('',(0.,0.502800718594804,0.864402358500108));
#12481=DIRECTION('',(0.,0.894951108902916,0.446164221642033));
#12482=DIRECTION('',(0.,0.265851714945868,-0.964013934370423));
#12483=DIRECTION('',(-1.,0.,0.));
#12484=DIRECTION('',(0.,0.,1.));
#12485=DIRECTION('',(0.,0.396899841442053,0.91786192636108));
#12486=DIRECTION('',(0.,-0.983749871863164,0.179544394535746));
#12487=DIRECTION('',(0.,-0.378140480262723,0.925748225591968));
#12488=DIRECTION('',(0.,0.984897323253136,-0.173139431236237));
#12489=DIRECTION('',(0.,0.421534106045273,0.906812548127017));
#12490=DIRECTION('',(0.,0.37814048026273,-0.925748225591965));
#12491=DIRECTION('',(0.,-0.417180168300214,-0.908823804253061));
#12492=DIRECTION('',(0.,0.92574822559274,0.378140480260835));
#12493=DIRECTION('',(0.,0.378140480256529,-0.925748225594498));
#12494=DIRECTION('',(0.,-0.925748225592878,-0.378140480260495));
#12495=DIRECTION('',(0.,-0.378140480267954,0.925748225589831));
#12496=DIRECTION('',(0.,0.925748225593246,0.378140480259594));
#12497=DIRECTION('',(0.,0.213192428181698,0.97701022950939));
#12498=DIRECTION('',(0.,0.97701022950939,-0.213192428181698));
#12499=DIRECTION('',(-1.,0.,0.));
#12500=DIRECTION('',(-1.,0.,0.));
#12501=DIRECTION('',(0.,0.0214539029002405,0.999769838538024));
#12502=DIRECTION('',(0.,0.999769838538024,-0.0214539029002405));
#12503=DIRECTION('',(-1.,0.,0.));
#12504=DIRECTION('',(0.,-0.238128457435002,0.971233667950008));
#12505=DIRECTION('',(0.,0.971233667950008,0.238128457435002));
#12506=DIRECTION('',(-1.,0.,0.));
#12507=DIRECTION('',(0.,-0.531212278845893,0.847238759030389));
#12508=DIRECTION('',(0.,0.847238759030389,0.531212278845893));
#12509=DIRECTION('',(-1.,0.,0.));
#12510=DIRECTION('',(0.,-0.77317552735643,0.634192087539025));
#12511=DIRECTION('',(0.,0.634192087539025,0.77317552735643));
#12512=DIRECTION('',(-1.,0.,0.));
#12513=DIRECTION('',(0.,-0.914581207033775,0.404402294430489));
#12514=DIRECTION('',(0.,0.404402294430489,0.914581207033775));
#12515=DIRECTION('',(-1.,0.,0.));
#12516=DIRECTION('',(0.,-0.97701022950939,0.213192428181698));
#12517=DIRECTION('',(0.,0.213192428181698,0.97701022950939));
#12518=DIRECTION('',(-1.,0.,0.));
#12519=DIRECTION('',(0.,-0.999910789643985,0.0133571237001998));
#12520=DIRECTION('',(0.,0.0133571237001998,0.999910789643985));
#12521=DIRECTION('',(-1.,0.,0.));
#12522=DIRECTION('',(0.,-0.967085511593951,-0.254451593166687));
#12523=DIRECTION('',(0.,-0.254451593166687,0.967085511593951));
#12524=DIRECTION('',(-1.,0.,0.));
#12525=DIRECTION('',(0.,-0.83586878431519,-0.548929299097294));
#12526=DIRECTION('',(0.,-0.548929299097294,0.83586878431519));
#12527=DIRECTION('',(-1.,0.,0.));
#12528=DIRECTION('',(0.,-0.621080766446701,-0.783746567169502));
#12529=DIRECTION('',(0.,-0.783746567169502,0.621080766446701));
#12530=DIRECTION('',(-1.,0.,0.));
#12531=DIRECTION('',(0.,-0.396982955682496,-0.917825981816591));
#12532=DIRECTION('',(0.,-0.917825981816591,0.396982955682496));
#12533=DIRECTION('',(-1.,0.,0.));
#12534=DIRECTION('',(0.,-0.213192428181698,-0.97701022950939));
#12535=DIRECTION('',(0.,-0.97701022950939,0.213192428181698));
#12536=DIRECTION('',(-1.,0.,0.));
#12537=DIRECTION('',(0.,0.97701022950939,-0.213192428181698));
#12538=DIRECTION('',(0.,-0.213192428181698,-0.97701022950939));
#12539=DIRECTION('',(-1.,0.,0.));
#12540=DIRECTION('',(0.,0.213192428181698,0.97701022950939));
#12541=DIRECTION('',(0.,0.97701022950939,-0.213192428181698));
#12542=DIRECTION('',(-1.,0.,0.));
#12543=DIRECTION('',(0.,0.439383309518705,0.89829967567421));
#12544=DIRECTION('',(0.,0.89829967567421,-0.439383309518705));
#12545=DIRECTION('',(-1.,0.,0.));
#12546=DIRECTION('',(0.,0.71257874603491,0.70159213985001));
#12547=DIRECTION('',(0.,0.70159213985001,-0.71257874603491));
#12548=DIRECTION('',(-1.,0.,0.));
#12549=DIRECTION('',(0.,0.927578655417171,0.373627940623388));
#12550=DIRECTION('',(0.,0.373627940623388,-0.927578655417171));
#12551=DIRECTION('',(-1.,0.,0.));
#12552=DIRECTION('',(0.,0.999382751590202,0.0351299846853901));
#12553=DIRECTION('',(0.,0.0351299846853901,-0.999382751590202));
#12554=DIRECTION('',(-1.,0.,0.));
#12555=DIRECTION('',(0.,0.97701022950939,-0.213192428181698));
#12556=DIRECTION('',(0.,-0.213192428181698,-0.97701022950939));
#12557=DIRECTION('',(-1.,0.,0.));
#12558=DIRECTION('',(0.,0.893902305700255,-0.448261829585977));
#12559=DIRECTION('',(0.,-0.448261829585977,-0.893902305700255));
#12560=DIRECTION('',(-1.,0.,0.));
#12561=DIRECTION('',(0.,0.68761306762177,-0.726077316293368));
#12562=DIRECTION('',(0.,-0.726077316293368,-0.68761306762177));
#12563=DIRECTION('',(-1.,0.,0.));
#12564=DIRECTION('',(0.,0.355533135720511,-0.934663677161331));
#12565=DIRECTION('',(0.,-0.934663677161331,-0.355533135720511));
#12566=DIRECTION('',(-1.,0.,0.));
#12567=DIRECTION('',(0.,0.0252265081252794,-0.999681761005874));
#12568=DIRECTION('',(0.,-0.999681761005874,-0.0252265081252794));
#12569=DIRECTION('',(-1.,0.,0.));
#12570=DIRECTION('',(0.,-0.213192428181698,-0.97701022950939));
#12571=DIRECTION('',(0.,-0.97701022950939,0.213192428181698));
#12572=DIRECTION('',(-1.,0.,0.));
#12573=DIRECTION('',(0.,0.97701022950939,-0.213192428181698));
#12574=DIRECTION('',(0.,-0.213192428181698,-0.97701022950939));
#12575=DIRECTION('',(0.,0.0946953741380977,0.995506296372276));
#12576=DIRECTION('',(0.,0.995506296372276,-0.0946953741380977));
#12577=DIRECTION('',(-1.,0.,0.));
#12578=DIRECTION('',(-1.,0.,0.));
#12579=DIRECTION('',(0.,-0.995506296372277,0.0946953741380878));
#12580=DIRECTION('',(0.,0.0946953741380878,0.995506296372277));
#12581=DIRECTION('',(-1.,0.,0.));
#12582=DIRECTION('',(0.,-0.0946953741380977,-0.995506296372276));
#12583=DIRECTION('',(0.,-0.995506296372276,0.0946953741380977));
#12584=DIRECTION('',(-1.,0.,0.));
#12585=DIRECTION('',(0.,0.995506296372276,-0.0946953741380977));
#12586=DIRECTION('',(0.,-0.0946953741380977,-0.995506296372276));
#12587=DIRECTION('',(-1.,0.,0.));
#12588=DIRECTION('',(0.,0.600413982345985,0.799689345810881));
#12589=DIRECTION('',(0.,0.799689345810881,-0.600413982345985));
#12590=DIRECTION('',(-1.,0.,0.));
#12591=DIRECTION('',(0.,-0.0946953741380977,-0.995506296372276));
#12592=DIRECTION('',(0.,-0.995506296372276,0.0946953741380977));
#12593=DIRECTION('',(-1.,0.,0.));
#12594=DIRECTION('',(0.,0.995506296372276,-0.0946953741380977));
#12595=DIRECTION('',(0.,-0.0946953741380977,-0.995506296372276));
#12596=DIRECTION('',(-1.,0.,0.));
#12597=DIRECTION('',(0.,0.0946953741380977,0.995506296372276));
#12598=DIRECTION('',(0.,0.995506296372276,-0.0946953741380977));
#12599=DIRECTION('',(-1.,0.,0.));
#12600=DIRECTION('',(0.,-0.995506296372277,0.0946953741380878));
#12601=DIRECTION('',(0.,0.0946953741380878,0.995506296372277));
#12602=DIRECTION('',(-1.,0.,0.));
#12603=DIRECTION('',(0.,-0.591636454224131,-0.806204878447841));
#12604=DIRECTION('',(0.,-0.806204878447841,0.591636454224131));
#12605=DIRECTION('',(0.,0.0251637456209494,-0.999683342817276));
#12606=DIRECTION('',(0.,-0.999683342817276,-0.0251637456209494));
#12607=DIRECTION('',(-1.,0.,0.));
#12608=DIRECTION('',(-1.,0.,0.));
#12609=DIRECTION('',(0.,0.999683342817277,0.0251637456209394));
#12610=DIRECTION('',(0.,0.0251637456209394,-0.999683342817277));
#12611=DIRECTION('',(-1.,0.,0.));
#12612=DIRECTION('',(0.,-0.0251637456209494,0.999683342817276));
#12613=DIRECTION('',(0.,0.999683342817276,0.0251637456209494));
#12614=DIRECTION('',(-1.,0.,0.));
#12615=DIRECTION('',(0.,0.999683342817276,0.0251637456209494));
#12616=DIRECTION('',(0.,0.0251637456209494,-0.999683342817276));
#12617=DIRECTION('',(-1.,0.,0.));
#12618=DIRECTION('',(0.,-0.0251637456209394,0.999683342817277));
#12619=DIRECTION('',(0.,0.999683342817277,0.0251637456209394));
#12620=DIRECTION('',(-1.,0.,0.));
#12621=DIRECTION('',(0.,-0.999683342817276,-0.0251637456209494));
#12622=DIRECTION('',(0.,-0.0251637456209494,0.999683342817276));
#12623=DIRECTION('',(0.,0.998414819620679,-0.0562836384911888));
#12624=DIRECTION('',(0.,-0.0562836384911888,-0.998414819620679));
#12625=DIRECTION('',(-1.,0.,0.));
#12626=DIRECTION('',(-1.,0.,0.));
#12627=DIRECTION('',(0.,0.989481288183797,0.144660915019));
#12628=DIRECTION('',(0.,0.144660915019,-0.989481288183797));
#12629=DIRECTION('',(-1.,0.,0.));
#12630=DIRECTION('',(0.,0.940514806706489,0.339752701778596));
#12631=DIRECTION('',(0.,0.339752701778596,-0.940514806706489));
#12632=DIRECTION('',(-1.,0.,0.));
#12633=DIRECTION('',(0.,0.815448569554828,0.57882953484682));
#12634=DIRECTION('',(0.,0.57882953484682,-0.815448569554828));
#12635=DIRECTION('',(-1.,0.,0.));
#12636=DIRECTION('',(0.,0.588904727700807,0.808202463304609));
#12637=DIRECTION('',(0.,0.808202463304609,-0.588904727700807));
#12638=DIRECTION('',(-1.,0.,0.));
#12639=DIRECTION('',(0.,0.305161362675695,0.952300657738885));
#12640=DIRECTION('',(0.,0.952300657738885,-0.305161362675695));
#12641=DIRECTION('',(-1.,0.,0.));
#12642=DIRECTION('',(0.,0.048198358692368,0.998837783736359));
#12643=DIRECTION('',(0.,0.998837783736359,-0.048198358692368));
#12644=DIRECTION('',(-1.,0.,0.));
#12645=DIRECTION('',(0.,-0.144660915019,0.989481288183797));
#12646=DIRECTION('',(0.,0.989481288183797,0.144660915019));
#12647=DIRECTION('',(-1.,0.,0.));
#12648=DIRECTION('',(0.,-0.332127004948615,0.943234675244641));
#12649=DIRECTION('',(0.,0.943234675244641,0.332127004948615));
#12650=DIRECTION('',(-1.,0.,0.));
#12651=DIRECTION('',(0.,-0.565012455181022,0.825082374972532));
#12652=DIRECTION('',(0.,0.825082374972532,0.565012455181022));
#12653=DIRECTION('',(-1.,0.,0.));
#12654=DIRECTION('',(0.,-0.795627960305364,0.605785563364073));
#12655=DIRECTION('',(0.,0.605785563364073,0.795627960305364));
#12656=DIRECTION('',(-1.,0.,0.));
#12657=DIRECTION('',(0.,-0.947025598753686,0.321158084601996));
#12658=DIRECTION('',(0.,0.321158084601996,0.947025598753686));
#12659=DIRECTION('',(-1.,0.,0.));
#12660=DIRECTION('',(0.,-0.998414818654556,0.0562836556292375));
#12661=DIRECTION('',(0.,0.0562836556292375,0.998414818654556));
#12662=DIRECTION('',(-1.,0.,0.));
#12663=DIRECTION('',(0.,-0.989481288183797,-0.144660915019));
#12664=DIRECTION('',(0.,-0.144660915019,0.989481288183797));
#12665=DIRECTION('',(-1.,0.,0.));
#12666=DIRECTION('',(0.,-0.940514800874544,-0.33975271792278));
#12667=DIRECTION('',(0.,-0.33975271792278,0.940514800874544));
#12668=DIRECTION('',(-1.,0.,0.));
#12669=DIRECTION('',(0.,-0.815448538768766,-0.578829578217876));
#12670=DIRECTION('',(0.,-0.578829578217876,0.815448538768766));
#12671=DIRECTION('',(-1.,0.,0.));
#12672=DIRECTION('',(0.,-0.588904692331906,-0.808202489076508));
#12673=DIRECTION('',(0.,-0.808202489076508,0.588904692331906));
#12674=DIRECTION('',(-1.,0.,0.));
#12675=DIRECTION('',(0.,-0.305161296827501,-0.952300678839702));
#12676=DIRECTION('',(0.,-0.952300678839702,0.305161296827501));
#12677=DIRECTION('',(-1.,0.,0.));
#12678=DIRECTION('',(0.,-0.0481984642399806,-0.998837778643212));
#12679=DIRECTION('',(0.,-0.998837778643212,0.0481984642399806));
#12680=DIRECTION('',(-1.,0.,0.));
#12681=DIRECTION('',(0.,0.144660915019,-0.989481288183797));
#12682=DIRECTION('',(0.,-0.989481288183797,-0.144660915019));
#12683=DIRECTION('',(-1.,0.,0.));
#12684=DIRECTION('',(0.,0.332126905276612,-0.943234710340634));
#12685=DIRECTION('',(0.,-0.943234710340634,-0.332126905276612));
#12686=DIRECTION('',(-1.,0.,0.));
#12687=DIRECTION('',(0.,0.565012512232524,-0.825082335903934));
#12688=DIRECTION('',(0.,-0.825082335903934,-0.565012512232524));
#12689=DIRECTION('',(-1.,0.,0.));
#12690=DIRECTION('',(0.,0.795627986816035,-0.605785528545427));
#12691=DIRECTION('',(0.,-0.605785528545427,-0.795627986816035));
#12692=DIRECTION('',(-1.,0.,0.));
#12693=DIRECTION('',(0.,0.94702561583503,-0.32115803423281));
#12694=DIRECTION('',(0.,-0.32115803423281,-0.94702561583503));
#12695=DIRECTION('',(0.,0.964013934367104,0.265851714957901));
#12696=DIRECTION('',(0.,0.265851714957901,-0.964013934367104));
#12697=DIRECTION('',(-1.,0.,0.));
#12698=DIRECTION('',(-1.,0.,0.));
#12699=DIRECTION('',(0.,-0.446164221641893,0.894951108902986));
#12700=DIRECTION('',(0.,0.894951108902986,0.446164221641893));
#12701=DIRECTION('',(-1.,0.,0.));
#12702=DIRECTION('',(0.,-0.864402358502272,0.502800718591084));
#12703=DIRECTION('',(0.,0.502800718591084,0.864402358502272));
#12704=DIRECTION('',(-1.,0.,0.));
#12705=DIRECTION('',(0.,-0.979458859844141,0.201644097044308));
#12706=DIRECTION('',(0.,0.201644097044308,0.979458859844141));
#12707=DIRECTION('',(-1.,0.,0.));
#12708=DIRECTION('',(0.,-0.997715714112919,-0.0675526003359513));
#12709=DIRECTION('',(0.,-0.0675526003359513,0.997715714112919));
#12710=DIRECTION('',(-1.,0.,0.));
#12711=DIRECTION('',(0.,-0.964013934367104,-0.265851714957901));
#12712=DIRECTION('',(0.,-0.265851714957901,0.964013934367104));
#12713=DIRECTION('',(-1.,0.,0.));
#12714=DIRECTION('',(0.,-0.8913093356504,-0.453395708165));
#12715=DIRECTION('',(0.,-0.453395708165,0.8913093356504));
#12716=DIRECTION('',(-1.,0.,0.));
#12717=DIRECTION('',(0.,-0.737652334290809,-0.675180741516908));
#12718=DIRECTION('',(0.,-0.675180741516908,0.737652334290809));
#12719=DIRECTION('',(-1.,0.,0.));
#12720=DIRECTION('',(0.,-0.484495074594701,-0.874793988715901));
#12721=DIRECTION('',(0.,-0.874793988715901,0.484495074594701));
#12722=DIRECTION('',(-1.,0.,0.));
#12723=DIRECTION('',(0.,-0.185116835274396,-0.98271651929638));
#12724=DIRECTION('',(0.,-0.98271651929638,0.185116835274396));
#12725=DIRECTION('',(-1.,0.,0.));
#12726=DIRECTION('',(0.,0.0756276254706688,-0.997136130257884));
#12727=DIRECTION('',(0.,-0.997136130257884,-0.0756276254706688));
#12728=DIRECTION('',(-1.,0.,0.));
#12729=DIRECTION('',(0.,0.265851714957901,-0.964013934367104));
#12730=DIRECTION('',(0.,-0.964013934367104,-0.265851714957901));
#12731=DIRECTION('',(-1.,0.,0.));
#12732=DIRECTION('',(0.,0.446164150714481,-0.894951144262762));
#12733=DIRECTION('',(0.,-0.894951144262762,-0.446164150714481));
#12734=DIRECTION('',(-1.,0.,0.));
#12735=DIRECTION('',(0.,0.662660362247836,-0.74892005201194));
#12736=DIRECTION('',(0.,-0.74892005201194,-0.662660362247836));
#12737=DIRECTION('',(-1.,0.,0.));
#12738=DIRECTION('',(0.,0.86440238050608,-0.502800680762688));
#12739=DIRECTION('',(0.,-0.502800680762688,-0.86440238050608));
#12740=DIRECTION('',(-1.,0.,0.));
#12741=DIRECTION('',(0.,0.97945910423253,-0.201642909957206));
#12742=DIRECTION('',(0.,-0.201642909957206,-0.97945910423253));
#12743=DIRECTION('',(-1.,0.,0.));
#12744=DIRECTION('',(0.,0.99771577358541,0.0675517219533807));
#12745=DIRECTION('',(0.,0.0675517219533807,-0.99771577358541));
#12746=DIRECTION('',(-1.,0.,0.));
#12747=DIRECTION('',(0.,0.964013934367104,0.265851714957901));
#12748=DIRECTION('',(0.,0.265851714957901,-0.964013934367104));
#12749=DIRECTION('',(-1.,0.,0.));
#12750=DIRECTION('',(0.,0.891309750381999,0.4533948928627));
#12751=DIRECTION('',(0.,0.4533948928627,-0.891309750381999));
#12752=DIRECTION('',(-1.,0.,0.));
#12753=DIRECTION('',(0.,0.737651587804502,0.675181557071502));
#12754=DIRECTION('',(0.,0.675181557071502,-0.737651587804502));
#12755=DIRECTION('',(-1.,0.,0.));
#12756=DIRECTION('',(0.,0.48449511287781,0.874793967513219));
#12757=DIRECTION('',(0.,0.874793967513219,-0.48449511287781));
#12758=DIRECTION('',(-1.,0.,0.));
#12759=DIRECTION('',(0.,-0.0756277308384681,0.997136122266275));
#12760=DIRECTION('',(0.,0.997136122266275,0.0756277308384681));
#12761=DIRECTION('',(-1.,0.,0.));
#12762=DIRECTION('',(0.,-0.964013934367104,-0.265851714957901));
#12763=DIRECTION('',(0.,-0.265851714957901,0.964013934367104));
#12764=DIRECTION('',(-1.,0.,0.));
#12765=DIRECTION('',(0.,-0.0463856243909322,-0.998923607614648));
#12766=DIRECTION('',(0.,-0.998923607614648,0.0463856243909322));
#12767=DIRECTION('',(-1.,0.,0.));
#12768=DIRECTION('',(0.,-0.647234288667295,-0.762291135704293));
#12769=DIRECTION('',(0.,-0.762291135704293,0.647234288667295));
#12770=DIRECTION('',(-1.,0.,0.));
#12771=DIRECTION('',(0.,-0.868283155258343,-0.496068908816725));
#12772=DIRECTION('',(0.,-0.496068908816725,0.868283155258343));
#12773=DIRECTION('',(-1.,0.,0.));
#12774=DIRECTION('',(0.,-0.964013934367104,-0.265851714957901));
#12775=DIRECTION('',(0.,-0.265851714957901,0.964013934367104));
#12776=DIRECTION('',(-1.,0.,0.));
#12777=DIRECTION('',(0.,-0.999817451227691,-0.0191066538295698));
#12778=DIRECTION('',(0.,-0.0191066538295698,0.999817451227691));
#12779=DIRECTION('',(-1.,0.,0.));
#12780=DIRECTION('',(0.,-0.946472157133984,0.322785464000695));
#12781=DIRECTION('',(0.,0.322785464000695,0.946472157133984));
#12782=DIRECTION('',(-1.,0.,0.));
#12783=DIRECTION('',(0.,-0.749570722019989,0.66192426507149));
#12784=DIRECTION('',(0.,0.66192426507149,0.749570722019989));
#12785=DIRECTION('',(-1.,0.,0.));
#12786=DIRECTION('',(0.,-0.487443830023292,0.873154346362786));
#12787=DIRECTION('',(0.,0.873154346362786,0.487443830023292));
#12788=DIRECTION('',(-1.,0.,0.));
#12789=DIRECTION('',(0.,-0.265851714957901,0.964013934367104));
#12790=DIRECTION('',(0.,0.964013934367104,0.265851714957901));
#12791=DIRECTION('',(-1.,0.,0.));
#12792=DIRECTION('',(0.,-0.029010736273521,0.999579100012034));
#12793=DIRECTION('',(0.,0.999579100012034,0.029010736273521));
#12794=DIRECTION('',(-1.,0.,0.));
#12795=DIRECTION('',(0.,0.30433390815999,0.952565416306968));
#12796=DIRECTION('',(0.,0.952565416306968,-0.30433390815999));
#12797=DIRECTION('',(-1.,0.,0.));
#12798=DIRECTION('',(0.,0.647234164487511,0.762291241140913));
#12799=DIRECTION('',(0.,0.762291241140913,-0.647234164487511));
#12800=DIRECTION('',(-1.,0.,0.));
#12801=DIRECTION('',(0.,0.868282474877954,0.496070099703474));
#12802=DIRECTION('',(0.,0.496070099703474,-0.868282474877954));
#12803=DIRECTION('',(-1.,0.,0.));
#12804=DIRECTION('',(0.,0.964013934367104,0.265851714957901));
#12805=DIRECTION('',(0.,0.265851714957901,-0.964013934367104));
#12806=DIRECTION('',(-1.,0.,0.));
#12807=DIRECTION('',(0.,0.999817425021165,0.0191080251215993));
#12808=DIRECTION('',(0.,0.0191080251215993,-0.999817425021165));
#12809=DIRECTION('',(-1.,0.,0.));
#12810=DIRECTION('',(0.,0.946472104551126,-0.322785618184209));
#12811=DIRECTION('',(0.,-0.322785618184209,-0.946472104551126));
#12812=DIRECTION('',(-1.,0.,0.));
#12813=DIRECTION('',(0.,0.551846837547825,-0.833945482563738));
#12814=DIRECTION('',(0.,-0.833945482563738,-0.551846837547825));
#12815=DIRECTION('',(0.,-0.378140480260406,0.925748225592914));
#12816=DIRECTION('',(0.,0.925748225592914,0.378140480260406));
#12817=DIRECTION('',(-1.,0.,0.));
#12818=DIRECTION('',(-1.,0.,0.));
#12819=DIRECTION('',(0.,-0.925748225592914,-0.378140480260406));
#12820=DIRECTION('',(0.,-0.378140480260406,0.925748225592914));
#12821=DIRECTION('',(-1.,0.,0.));
#12822=DIRECTION('',(0.,0.378140480260406,-0.925748225592914));
#12823=DIRECTION('',(0.,-0.925748225592914,-0.378140480260406));
#12824=DIRECTION('',(-1.,0.,0.));
#12825=DIRECTION('',(0.,0.925748225592914,0.378140480260406));
#12826=DIRECTION('',(0.,0.378140480260406,-0.925748225592914));
#12827=DIRECTION('',(-1.,0.,0.));
#12828=DIRECTION('',(0.,-0.378140480260406,0.925748225592914));
#12829=DIRECTION('',(0.,0.925748225592914,0.378140480260406));
#12830=DIRECTION('',(-1.,0.,0.));
#12831=DIRECTION('',(0.,0.908823804252513,-0.417180168301406));
#12832=DIRECTION('',(0.,-0.417180168301406,-0.908823804252513));
#12833=DIRECTION('',(-1.,0.,0.));
#12834=DIRECTION('',(0.,0.925748225592914,0.378140480260406));
#12835=DIRECTION('',(0.,0.378140480260406,-0.925748225592914));
#12836=DIRECTION('',(-1.,0.,0.));
#12837=DIRECTION('',(0.,-0.9068125481264,0.4215341060466));
#12838=DIRECTION('',(0.,0.4215341060466,0.9068125481264));
#12839=DIRECTION('',(-1.,0.,0.));
#12840=DIRECTION('',(0.,0.173139431237001,0.984897323253002));
#12841=DIRECTION('',(0.,0.984897323253002,-0.173139431237001));
#12842=DIRECTION('',(-1.,0.,0.));
#12843=DIRECTION('',(0.,-0.925748225592914,-0.378140480260406));
#12844=DIRECTION('',(0.,-0.378140480260406,0.925748225592914));
#12845=DIRECTION('',(-1.,0.,0.));
#12846=DIRECTION('',(0.,-0.179544394537992,-0.983749871862755));
#12847=DIRECTION('',(0.,-0.983749871862755,0.179544394537992));
#12848=DIRECTION('',(-1.,0.,0.));
#12849=DIRECTION('',(0.,-0.917861926359023,0.39689984144681));
#12850=DIRECTION('',(0.,0.39689984144681,0.917861926359023));
#12851=DIRECTION('',(0.,0.251498661866708,-0.96785764608193));
#12852=DIRECTION('',(0.,-0.96785764608193,-0.251498661866708));
#12853=DIRECTION('',(-1.,0.,0.));
#12854=DIRECTION('',(0.,-0.967857646080228,-0.251498661873259));
#12855=DIRECTION('',(-1.,0.,0.));
#12856=DIRECTION('',(0.,0.00424988510534507,-0.999990969197518));
#12857=DIRECTION('',(0.,-0.999990969197518,-0.00424988510534507));
#12858=DIRECTION('',(0.,-0.999990969197517,-0.0042498851055148));
#12859=DIRECTION('',(-1.,0.,0.));
#12860=DIRECTION('',(0.,-0.336812893429812,-0.941571598350034));
#12861=DIRECTION('',(0.,-0.941571598350034,0.336812893429812));
#12862=DIRECTION('',(0.,-0.94157159834306,0.336812893449309));
#12863=DIRECTION('',(-1.,0.,0.));
#12864=DIRECTION('',(0.,-0.672989584490127,-0.73965195813153));
#12865=DIRECTION('',(0.,-0.73965195813153,0.672989584490127));
#12866=DIRECTION('',(0.,-0.739651958130761,0.672989584490972));
#12867=DIRECTION('',(-1.,0.,0.));
#12868=DIRECTION('',(0.,-0.880301219610562,-0.47441517972358));
#12869=DIRECTION('',(0.,-0.47441517972358,0.880301219610562));
#12870=DIRECTION('',(0.,-0.474415179722494,0.880301219611147));
#12871=DIRECTION('',(-1.,0.,0.));
#12872=DIRECTION('',(0.,-0.96785764608193,-0.251498661866708));
#12873=DIRECTION('',(0.,-0.251498661866708,0.96785764608193));
#12874=DIRECTION('',(0.,-0.251498661868206,0.967857646081541));
#12875=DIRECTION('',(-1.,0.,0.));
#12876=DIRECTION('',(0.,-0.999899788781471,-0.0141567084722796));
#12877=DIRECTION('',(0.,-0.0141567084722796,0.999899788781471));
#12878=DIRECTION('',(0.,-0.0141567084762315,0.999899788781415));
#12879=DIRECTION('',(-1.,0.,0.));
#12880=DIRECTION('',(0.,-0.94793876252127,0.31845266918279));
#12881=DIRECTION('',(0.,0.31845266918279,0.94793876252127));
#12882=DIRECTION('',(0.,0.318452669187986,0.947938762519525));
#12883=DIRECTION('',(-1.,0.,0.));
#12884=DIRECTION('',(0.,-0.75259022573611,0.658489143514509));
#12885=DIRECTION('',(0.,0.658489143514509,0.75259022573611));
#12886=DIRECTION('',(0.,0.658489143503953,0.752590225745346));
#12887=DIRECTION('',(-1.,0.,0.));
#12888=DIRECTION('',(0.,-0.483113148034313,0.875557928521224));
#12889=DIRECTION('',(0.,0.875557928521224,0.483113148034313));
#12890=DIRECTION('',(0.,0.875557928521684,0.483113148033478));
#12891=DIRECTION('',(-1.,0.,0.));
#12892=DIRECTION('',(0.,-0.251498661866708,0.96785764608193));
#12893=DIRECTION('',(0.,0.96785764608193,0.251498661866708));
#12894=DIRECTION('',(0.,0.9678576460833,0.251498661861437));
#12895=DIRECTION('',(-1.,0.,0.));
#12896=DIRECTION('',(0.,-0.00424988510534507,0.999990969197518));
#12897=DIRECTION('',(0.,0.999990969197518,0.00424988510534507));
#12898=DIRECTION('',(0.,0.999990969197517,0.00424988510561041));
#12899=DIRECTION('',(-1.,0.,0.));
#12900=DIRECTION('',(0.,0.336813046814989,0.941571543482068));
#12901=DIRECTION('',(0.,0.941571543482068,-0.336813046814989));
#12902=DIRECTION('',(0.,0.941571543485386,-0.336813046805714));
#12903=DIRECTION('',(-1.,0.,0.));
#12904=DIRECTION('',(0.,0.672989268339882,0.73965224578808));
#12905=DIRECTION('',(0.,0.73965224578808,-0.672989268339882));
#12906=DIRECTION('',(0.,0.73965224578708,-0.672989268340981));
#12907=DIRECTION('',(-1.,0.,0.));
#12908=DIRECTION('',(0.,0.880301219610562,0.47441517972358));
#12909=DIRECTION('',(0.,0.47441517972358,-0.880301219610562));
#12910=DIRECTION('',(0.,0.474415179722489,-0.88030121961115));
#12911=DIRECTION('',(-1.,0.,0.));
#12912=DIRECTION('',(0.,0.96785764608193,0.251498661866708));
#12913=DIRECTION('',(0.,0.251498661866708,-0.96785764608193));
#12914=DIRECTION('',(0.,0.251498661866937,-0.967857646081871));
#12915=DIRECTION('',(-1.,0.,0.));
#12916=DIRECTION('',(0.,0.999899788781471,0.0141567084722796));
#12917=DIRECTION('',(0.,0.0141567084722796,-0.999899788781471));
#12918=DIRECTION('',(0.,0.0141567084762284,-0.999899788781415));
#12919=DIRECTION('',(-1.,0.,0.));
#12920=DIRECTION('',(0.,0.947938898637708,-0.318452264004402));
#12921=DIRECTION('',(0.,-0.318452264004402,-0.947938898637708));
#12922=DIRECTION('',(0.,-0.318452264017238,-0.947938898633396));
#12923=DIRECTION('',(-1.,0.,0.));
#12924=DIRECTION('',(0.,0.752590118465992,-0.658489266113993));
#12925=DIRECTION('',(0.,-0.658489266113993,-0.752590118465992));
#12926=DIRECTION('',(0.,-0.658489266116113,-0.752590118464136));
#12927=DIRECTION('',(-1.,0.,0.));
#12928=DIRECTION('',(0.,0.483113148034313,-0.875557928521224));
#12929=DIRECTION('',(0.,-0.875557928521224,-0.483113148034313));
#12930=DIRECTION('',(0.,-0.875557928521725,-0.483113148033405));
#12931=DIRECTION('',(-1.,0.,0.));
#12932=DIRECTION('',(0.,-0.939692620785897,-0.342020143325699));
#12933=DIRECTION('',(0.,-0.991005407944954,-0.133821827157813));
#12934=DIRECTION('',(0.,-0.133821827158105,0.991005407944915));
#12935=DIRECTION('',(0.,0.991005407945015,0.133821827157361));
#12936=DIRECTION('',(0.,-0.133821827157601,0.991005407944982));
#12937=DIRECTION('',(0.,0.991005407944647,0.133821827160084));
#12938=DIRECTION('',(0.,0.133821827157664,-0.991005407944974));
#12939=DIRECTION('',(-1.,0.,0.));
#12940=DIRECTION('',(0.,-0.939692620785897,-0.342020143325699));
#12941=DIRECTION('',(0.,0.976355013787345,-0.216173280153474));
#12942=DIRECTION('',(0.,0.856835590343404,-0.515589731395875));
#12943=DIRECTION('',(0.,0.651460741501918,-0.758682346098664));
#12944=DIRECTION('',(0.,0.432815895848998,-0.90148233499078));
#12945=DIRECTION('',(0.,0.251498661866937,-0.967857646081871));
#12946=DIRECTION('',(0.,0.060805044548011,-0.998149661402294));
#12947=DIRECTION('',(0.,-0.199699656178883,-0.979857156590712));
#12948=DIRECTION('',(0.,-0.49743869910547,-0.867499130046975));
#12949=DIRECTION('',(0.,-0.747603393976723,-0.664145439880818));
#12950=DIRECTION('',(0.,-0.8979477759018,-0.440102024254616));
#12951=DIRECTION('',(0.,-0.967857646080872,-0.251498661870782));
#12952=DIRECTION('',(0.,-0.998609321406928,-0.0527202351966896));
#12953=DIRECTION('',(0.,-0.976354877042188,0.216173897767365));
#12954=DIRECTION('',(0.,-0.856835752128392,0.51558946253252));
#12955=DIRECTION('',(0.,-0.651460260433422,0.758682759179367));
#12956=DIRECTION('',(0.,-0.432816477541667,0.901482055710719));
#12957=DIRECTION('',(0.,-0.25149866186694,0.96785764608187));
#12958=DIRECTION('',(0.,-0.0608046114311728,0.998149687786709));
#12959=DIRECTION('',(0.,0.199699170379614,0.979857255598842));
#12960=DIRECTION('',(0.,0.497439047234161,0.867498930423992));
#12961=DIRECTION('',(0.,0.747603044494869,0.66414583327911));
#12962=DIRECTION('',(0.,0.897947882214483,0.440101807342943));
#12963=DIRECTION('',(0.,0.967857646080859,0.25149866187083));
#12964=DIRECTION('',(0.,0.998609332331113,0.0527200282739686));
#12965=DIRECTION('',(-1.,0.,0.));
#12966=DIRECTION('',(0.,-0.939692620785897,-0.342020143325699));
#12967=DIRECTION('',(0.,0.63933667767255,-0.768926922784361));
#12968=DIRECTION('',(0.,0.975981814390009,-0.217852009354945));
#12969=DIRECTION('',(0.,0.991797898221283,0.127815996979435));
#12970=DIRECTION('',(0.,0.92935093897144,0.369197551769919));
#12971=DIRECTION('',(0.,0.80913117811332,0.58762805974949));
#12972=DIRECTION('',(0.,0.560419647021154,0.828208801711673));
#12973=DIRECTION('',(0.,0.198846711367161,0.980030604307062));
#12974=DIRECTION('',(0.,-0.137637234943875,0.990482706339189));
#12975=DIRECTION('',(0.,-0.369197551773428,0.929350938970047));
#12976=DIRECTION('',(0.,-0.579581703717681,0.814914135793281));
#12977=DIRECTION('',(0.,-0.817162755029112,0.576407001859997));
#12978=DIRECTION('',(0.,-0.975981849879534,0.217851850361026));
#12979=DIRECTION('',(0.,-0.991797898218823,-0.12781599699852));
#12980=DIRECTION('',(0.,-0.929350938971452,-0.36919755176989));
#12981=DIRECTION('',(0.,-0.80913117811332,-0.58762805974949));
#12982=DIRECTION('',(0.,-0.560419781940457,-0.828208710416529));
#12983=DIRECTION('',(0.,0.0626148367343854,-0.998037765929089));
#12984=DIRECTION('',(0.,-0.929350938970524,-0.369197551772225));
#12985=DIRECTION('',(0.,-0.183708764038306,0.98298071701103));
#12986=DIRECTION('',(0.,0.386401073012838,0.922330857542198));
#12987=DIRECTION('',(0.,0.659781972424237,0.751457083847098));
#12988=DIRECTION('',(0.,0.836665857838714,0.547713649936724));
#12989=DIRECTION('',(0.,0.9293509389684,0.369197551777573));
#12990=DIRECTION('',(0.,0.984435855093167,0.175744266498186));
#12991=DIRECTION('',(0.,0.995587420277442,-0.0938386305596399));
#12992=DIRECTION('',(0.,0.913992579007143,-0.405730902840628));
#12993=DIRECTION('',(0.,0.740238283627896,-0.672344616585592));
#12994=DIRECTION('',(0.,0.540920918813818,-0.841073456714462));
#12995=DIRECTION('',(0.,0.369197551773428,-0.929350938970047));
#12996=DIRECTION('',(0.,0.18370972098102,-0.982980538168013));
#12997=DIRECTION('',(0.,-0.0770573191305169,-0.997026664421979));
#12998=DIRECTION('',(0.,-0.386401692221494,-0.922330598130825));
#12999=DIRECTION('',(0.,-0.659781932444004,-0.751457118949881));
#13000=DIRECTION('',(0.,-0.836665848437298,-0.547713664297958));
#13001=DIRECTION('',(0.,-0.9293509389684,-0.369197551777572));
#13002=DIRECTION('',(0.,-0.984435858110564,-0.175744249596157));
#13003=DIRECTION('',(0.,-0.995587415286477,0.0938386835116057));
#13004=DIRECTION('',(0.,-0.913992271114523,0.405731596431576));
#13005=DIRECTION('',(0.,-0.540921893152509,0.841072830085662));
#13006=DIRECTION('',(0.,0.929350938970521,0.369197551772233));
#13007=DIRECTION('',(-1.,0.,0.));
#13008=DIRECTION('',(0.,-0.939692620785897,-0.342020143325699));
#13009=DIRECTION('',(0.,-0.955608348940056,0.294639921660423));
#13010=DIRECTION('',(0.,-0.0714043926713028,-0.997447448594282));
#13011=DIRECTION('',(0.,-0.879090829454461,-0.476654291461922));
#13012=DIRECTION('',(0.,0.0649125899385046,0.997890953795792));
#13013=DIRECTION('',(0.,-0.947305857936884,0.320330472353888));
#13014=DIRECTION('',(0.,0.87909082945219,0.476654291466112));
#13015=DIRECTION('',(0.,0.948831273858355,-0.315783491886974));
#13016=DIRECTION('',(0.,-0.476654291460602,0.879090829455177));
#13017=DIRECTION('',(0.,0.879090829452215,0.476654291466066));
#13018=DIRECTION('',(0.,0.476654291462197,-0.879090829454313));
#13019=DIRECTION('',(0.,-0.879090829452218,-0.47665429146606));
#13020=DIRECTION('',(0.,-0.476654291461261,0.87909082945482));
#13021=DIRECTION('',(0.,0.991005407944983,0.133821827157598));
#13022=DIRECTION('',(0.,0.133821827157598,-0.991005407944983));
#13023=DIRECTION('',(-1.,0.,0.));
#13024=DIRECTION('',(-1.,0.,0.));
#13025=DIRECTION('',(0.,-0.133821827157696,0.99100540794497));
#13026=DIRECTION('',(0.,0.99100540794497,0.133821827157696));
#13027=DIRECTION('',(-1.,0.,0.));
#13028=DIRECTION('',(0.,-0.991005407944983,-0.133821827157598));
#13029=DIRECTION('',(0.,-0.133821827157598,0.991005407944983));
#13030=DIRECTION('',(-1.,0.,0.));
#13031=DIRECTION('',(0.,-0.133821827157598,0.991005407944983));
#13032=DIRECTION('',(0.,0.991005407944983,0.133821827157598));
#13033=DIRECTION('',(-1.,0.,0.));
#13034=DIRECTION('',(0.,-0.991005407944983,-0.133821827157598));
#13035=DIRECTION('',(0.,-0.133821827157598,0.991005407944983));
#13036=DIRECTION('',(-1.,0.,0.));
#13037=DIRECTION('',(0.,0.133821827157598,-0.991005407944983));
#13038=DIRECTION('',(0.,-0.991005407944983,-0.133821827157598));
#13039=DIRECTION('',(0.,-0.0527200282727688,0.998609332331177));
#13040=DIRECTION('',(0.,0.998609332331177,0.0527200282727688));
#13041=DIRECTION('',(-1.,0.,0.));
#13042=DIRECTION('',(-1.,0.,0.));
#13043=DIRECTION('',(0.,-0.251498661866708,0.96785764608193));
#13044=DIRECTION('',(0.,0.96785764608193,0.251498661866708));
#13045=DIRECTION('',(-1.,0.,0.));
#13046=DIRECTION('',(0.,-0.440101807346998,0.897947882212496));
#13047=DIRECTION('',(0.,0.897947882212496,0.440101807346998));
#13048=DIRECTION('',(-1.,0.,0.));
#13049=DIRECTION('',(0.,-0.664145833280517,0.747603044493619));
#13050=DIRECTION('',(0.,0.747603044493619,0.664145833280517));
#13051=DIRECTION('',(-1.,0.,0.));
#13052=DIRECTION('',(0.,-0.867498930421281,0.497439047238889));
#13053=DIRECTION('',(0.,0.497439047238889,0.867498930421281));
#13054=DIRECTION('',(-1.,0.,0.));
#13055=DIRECTION('',(0.,-0.979857255601392,0.199699170367098));
#13056=DIRECTION('',(0.,0.199699170367098,0.979857255601392));
#13057=DIRECTION('',(-1.,0.,0.));
#13058=DIRECTION('',(0.,-0.998149687787052,-0.0608046114255371));
#13059=DIRECTION('',(0.,-0.0608046114255371,0.998149687787052));
#13060=DIRECTION('',(-1.,0.,0.));
#13061=DIRECTION('',(0.,-0.96785764608193,-0.251498661866708));
#13062=DIRECTION('',(0.,-0.251498661866708,0.96785764608193));
#13063=DIRECTION('',(-1.,0.,0.));
#13064=DIRECTION('',(0.,-0.901482055708457,-0.432816477546379));
#13065=DIRECTION('',(0.,-0.432816477546379,0.901482055708457));
#13066=DIRECTION('',(-1.,0.,0.));
#13067=DIRECTION('',(0.,-0.758682759184473,-0.651460260427477));
#13068=DIRECTION('',(0.,-0.651460260427477,0.758682759184473));
#13069=DIRECTION('',(-1.,0.,0.));
#13070=DIRECTION('',(0.,-0.515589462534192,-0.856835752127386));
#13071=DIRECTION('',(0.,-0.856835752127386,0.515589462534192));
#13072=DIRECTION('',(-1.,0.,0.));
#13073=DIRECTION('',(0.,-0.216173897771896,-0.976354877041184));
#13074=DIRECTION('',(0.,-0.976354877041184,0.216173897771896));
#13075=DIRECTION('',(-1.,0.,0.));
#13076=DIRECTION('',(0.,0.0527202352092881,-0.998609321406263));
#13077=DIRECTION('',(0.,-0.998609321406263,-0.0527202352092881));
#13078=DIRECTION('',(-1.,0.,0.));
#13079=DIRECTION('',(0.,0.251498661866708,-0.96785764608193));
#13080=DIRECTION('',(0.,-0.96785764608193,-0.251498661866708));
#13081=DIRECTION('',(-1.,0.,0.));
#13082=DIRECTION('',(0.,0.440102024250989,-0.897947775903578));
#13083=DIRECTION('',(0.,-0.897947775903578,-0.440102024250989));
#13084=DIRECTION('',(-1.,0.,0.));
#13085=DIRECTION('',(0.,0.664145439884898,-0.747603393973098));
#13086=DIRECTION('',(0.,-0.747603393973098,-0.664145439884898));
#13087=DIRECTION('',(-1.,0.,0.));
#13088=DIRECTION('',(0.,0.867499130048973,-0.497438699101985));
#13089=DIRECTION('',(0.,-0.497438699101985,-0.867499130048973));
#13090=DIRECTION('',(-1.,0.,0.));
#13091=DIRECTION('',(0.,0.979857156591237,-0.199699656176307));
#13092=DIRECTION('',(0.,-0.199699656176307,-0.979857156591237));
#13093=DIRECTION('',(-1.,0.,0.));
#13094=DIRECTION('',(0.,0.99814966140261,0.0608050445428306));
#13095=DIRECTION('',(0.,0.0608050445428306,-0.99814966140261));
#13096=DIRECTION('',(-1.,0.,0.));
#13097=DIRECTION('',(0.,0.96785764608193,0.251498661866708));
#13098=DIRECTION('',(0.,0.251498661866708,-0.96785764608193));
#13099=DIRECTION('',(-1.,0.,0.));
#13100=DIRECTION('',(0.,0.901482334987279,0.43281589585629));
#13101=DIRECTION('',(0.,0.43281589585629,-0.901482334987279));
#13102=DIRECTION('',(-1.,0.,0.));
#13103=DIRECTION('',(0.,0.758682346100489,0.651460741499791));
#13104=DIRECTION('',(0.,0.651460741499791,-0.758682346100489));
#13105=DIRECTION('',(-1.,0.,0.));
#13106=DIRECTION('',(0.,0.515589731397321,0.856835590342534));
#13107=DIRECTION('',(0.,0.856835590342534,-0.515589731397321));
#13108=DIRECTION('',(-1.,0.,0.));
#13109=DIRECTION('',(0.,0.21617328014671,0.976355013788843));
#13110=DIRECTION('',(0.,0.976355013788843,-0.21617328014671));
#13111=DIRECTION('',(0.,-0.369197551772885,0.929350938970262));
#13112=DIRECTION('',(0.,0.929350938970262,0.369197551772885));
#13113=DIRECTION('',(-1.,0.,0.));
#13114=DIRECTION('',(-1.,0.,0.));
#13115=DIRECTION('',(0.,-0.841072830089519,-0.540921893146512));
#13116=DIRECTION('',(0.,-0.540921893146512,0.841072830089519));
#13117=DIRECTION('',(-1.,0.,0.));
#13118=DIRECTION('',(0.,-0.405731596436802,-0.913992271112204));
#13119=DIRECTION('',(0.,-0.913992271112204,0.405731596436802));
#13120=DIRECTION('',(-1.,0.,0.));
#13121=DIRECTION('',(0.,-0.0938386835024736,-0.995587415287338));
#13122=DIRECTION('',(0.,-0.995587415287338,0.0938386835024736));
#13123=DIRECTION('',(-1.,0.,0.));
#13124=DIRECTION('',(0.,0.175744249596501,-0.984435858110503));
#13125=DIRECTION('',(0.,-0.984435858110503,-0.175744249596501));
#13126=DIRECTION('',(-1.,0.,0.));
#13127=DIRECTION('',(0.,0.369197551772885,-0.929350938970262));
#13128=DIRECTION('',(0.,-0.929350938970262,-0.369197551772885));
#13129=DIRECTION('',(-1.,0.,0.));
#13130=DIRECTION('',(0.,0.547713664301073,-0.836665848435259));
#13131=DIRECTION('',(0.,-0.836665848435259,-0.547713664301073));
#13132=DIRECTION('',(-1.,0.,0.));
#13133=DIRECTION('',(0.,0.751457118946291,-0.659781932448093));
#13134=DIRECTION('',(0.,-0.659781932448093,-0.751457118946291));
#13135=DIRECTION('',(-1.,0.,0.));
#13136=DIRECTION('',(0.,0.922330598135132,-0.386401692211214));
#13137=DIRECTION('',(0.,-0.386401692211214,-0.922330598135132));
#13138=DIRECTION('',(-1.,0.,0.));
#13139=DIRECTION('',(0.,0.997026664420983,-0.0770573191434087));
#13140=DIRECTION('',(0.,-0.0770573191434087,-0.997026664420983));
#13141=DIRECTION('',(-1.,0.,0.));
#13142=DIRECTION('',(0.,0.982980538167194,0.183709720985399));
#13143=DIRECTION('',(0.,0.183709720985399,-0.982980538167194));
#13144=DIRECTION('',(-1.,0.,0.));
#13145=DIRECTION('',(0.,0.929350938970262,0.369197551772885));
#13146=DIRECTION('',(0.,0.369197551772885,-0.929350938970262));
#13147=DIRECTION('',(-1.,0.,0.));
#13148=DIRECTION('',(0.,0.841073456710175,0.540920918820484));
#13149=DIRECTION('',(0.,0.540920918820484,-0.841073456710175));
#13150=DIRECTION('',(-1.,0.,0.));
#13151=DIRECTION('',(0.,0.672344616585594,0.740238283627894));
#13152=DIRECTION('',(0.,0.740238283627894,-0.672344616585594));
#13153=DIRECTION('',(-1.,0.,0.));
#13154=DIRECTION('',(0.,0.405730902844593,0.913992579005383));
#13155=DIRECTION('',(0.,0.913992579005383,-0.405730902844593));
#13156=DIRECTION('',(-1.,0.,0.));
#13157=DIRECTION('',(0.,0.0938386305504309,0.99558742027831));
#13158=DIRECTION('',(0.,0.99558742027831,-0.0938386305504309));
#13159=DIRECTION('',(-1.,0.,0.));
#13160=DIRECTION('',(0.,-0.175744266494504,0.984435855093824));
#13161=DIRECTION('',(0.,0.984435855093824,0.175744266494504));
#13162=DIRECTION('',(-1.,0.,0.));
#13163=DIRECTION('',(0.,-0.369197551772885,0.929350938970262));
#13164=DIRECTION('',(0.,0.929350938970262,0.369197551772885));
#13165=DIRECTION('',(-1.,0.,0.));
#13166=DIRECTION('',(0.,-0.547713649939499,0.836665857836898));
#13167=DIRECTION('',(0.,0.836665857836898,0.547713649939499));
#13168=DIRECTION('',(-1.,0.,0.));
#13169=DIRECTION('',(0.,-0.751457083854596,0.659781972415697));
#13170=DIRECTION('',(0.,0.659781972415697,0.751457083854596));
#13171=DIRECTION('',(-1.,0.,0.));
#13172=DIRECTION('',(0.,-0.922330857539873,0.386401073018389));
#13173=DIRECTION('',(0.,0.386401073018389,0.922330857539873));
#13174=DIRECTION('',(-1.,0.,0.));
#13175=DIRECTION('',(0.,-0.982980717009855,-0.183708764044591));
#13176=DIRECTION('',(0.,-0.183708764044591,0.982980717009855));
#13177=DIRECTION('',(-1.,0.,0.));
#13178=DIRECTION('',(0.,0.369197551772885,-0.929350938970262));
#13179=DIRECTION('',(0.,-0.929350938970262,-0.369197551772885));
#13180=DIRECTION('',(-1.,0.,0.));
#13181=DIRECTION('',(0.,0.99803776593028,0.0626148367153987));
#13182=DIRECTION('',(0.,0.0626148367153987,-0.99803776593028));
#13183=DIRECTION('',(-1.,0.,0.));
#13184=DIRECTION('',(0.,0.828208710423526,-0.560419781930117));
#13185=DIRECTION('',(0.,-0.560419781930117,-0.828208710423526));
#13186=DIRECTION('',(-1.,0.,0.));
#13187=DIRECTION('',(0.,0.587628059744813,-0.809131178116717));
#13188=DIRECTION('',(0.,-0.809131178116717,-0.587628059744813));
#13189=DIRECTION('',(-1.,0.,0.));
#13190=DIRECTION('',(0.,0.369197551772885,-0.929350938970262));
#13191=DIRECTION('',(0.,-0.929350938970262,-0.369197551772885));
#13192=DIRECTION('',(-1.,0.,0.));
#13193=DIRECTION('',(0.,0.127815996982793,-0.991797898220849));
#13194=DIRECTION('',(0.,-0.991797898220849,-0.127815996982793));
#13195=DIRECTION('',(-1.,0.,0.));
#13196=DIRECTION('',(0.,-0.217851850363401,-0.975981849879004));
#13197=DIRECTION('',(0.,-0.975981849879004,0.217851850363401));
#13198=DIRECTION('',(-1.,0.,0.));
#13199=DIRECTION('',(0.,-0.576407001847285,-0.817162755038079));
#13200=DIRECTION('',(0.,-0.817162755038079,0.576407001847285));
#13201=DIRECTION('',(-1.,0.,0.));
#13202=DIRECTION('',(0.,-0.814914135792908,-0.579581703718206));
#13203=DIRECTION('',(0.,-0.579581703718206,0.814914135792908));
#13204=DIRECTION('',(-1.,0.,0.));
#13205=DIRECTION('',(0.,-0.929350938970262,-0.369197551772885));
#13206=DIRECTION('',(0.,-0.369197551772885,0.929350938970262));
#13207=DIRECTION('',(-1.,0.,0.));
#13208=DIRECTION('',(0.,-0.990482706339075,-0.137637234944697));
#13209=DIRECTION('',(0.,-0.137637234944697,0.990482706339075));
#13210=DIRECTION('',(-1.,0.,0.));
#13211=DIRECTION('',(0.,-0.980030604305044,0.198846711377109));
#13212=DIRECTION('',(0.,0.198846711377109,0.980030604305044));
#13213=DIRECTION('',(-1.,0.,0.));
#13214=DIRECTION('',(0.,-0.8282088017178,0.5604196470121));
#13215=DIRECTION('',(0.,0.5604196470121,0.8282088017178));
#13216=DIRECTION('',(-1.,0.,0.));
#13217=DIRECTION('',(0.,-0.587628059744813,0.809131178116717));
#13218=DIRECTION('',(0.,0.809131178116717,0.587628059744813));
#13219=DIRECTION('',(-1.,0.,0.));
#13220=DIRECTION('',(0.,-0.369197551772885,0.929350938970262));
#13221=DIRECTION('',(0.,0.929350938970262,0.369197551772885));
#13222=DIRECTION('',(-1.,0.,0.));
#13223=DIRECTION('',(0.,-0.127815996982793,0.991797898220849));
#13224=DIRECTION('',(0.,0.991797898220849,0.127815996982793));
#13225=DIRECTION('',(-1.,0.,0.));
#13226=DIRECTION('',(0.,0.2178520093541,0.975981814390197));
#13227=DIRECTION('',(0.,0.975981814390197,-0.2178520093541));
#13228=DIRECTION('',(-1.,0.,0.));
#13229=DIRECTION('',(0.,0.768926922795976,0.63933667765858));
#13230=DIRECTION('',(0.,0.63933667765858,-0.768926922795976));
#13231=DIRECTION('',(0.,-0.879090829453882,-0.47665429146299));
#13232=DIRECTION('',(0.,-0.47665429146299,0.879090829453882));
#13233=DIRECTION('',(-1.,0.,0.));
#13234=DIRECTION('',(-1.,0.,0.));
#13235=DIRECTION('',(0.,-0.294639921661507,-0.955608348939722));
#13236=DIRECTION('',(0.,-0.955608348939722,0.294639921661507));
#13237=DIRECTION('',(-1.,0.,0.));
#13238=DIRECTION('',(0.,0.997447448594313,-0.0714043926708709));
#13239=DIRECTION('',(0.,-0.0714043926708709,-0.997447448594313));
#13240=DIRECTION('',(-1.,0.,0.));
#13241=DIRECTION('',(0.,0.47665429146299,-0.879090829453882));
#13242=DIRECTION('',(0.,-0.879090829453882,-0.47665429146299));
#13243=DIRECTION('',(-1.,0.,0.));
#13244=DIRECTION('',(0.,-0.997890953795793,0.0649125899384896));
#13245=DIRECTION('',(0.,0.0649125899384896,0.997890953795793));
#13246=DIRECTION('',(-1.,0.,0.));
#13247=DIRECTION('',(0.,-0.320330472353415,-0.947305857937044));
#13248=DIRECTION('',(0.,-0.947305857937044,0.320330472353415));
#13249=DIRECTION('',(-1.,0.,0.));
#13250=DIRECTION('',(0.,-0.47665429146299,0.879090829453882));
#13251=DIRECTION('',(0.,0.879090829453882,0.47665429146299));
#13252=DIRECTION('',(-1.,0.,0.));
#13253=DIRECTION('',(0.,0.315783491887104,0.948831273858312));
#13254=DIRECTION('',(0.,0.948831273858312,-0.315783491887104));
#13255=DIRECTION('',(-1.,0.,0.));
#13256=DIRECTION('',(0.,-0.879090829453882,-0.47665429146299));
#13257=DIRECTION('',(0.,-0.47665429146299,0.879090829453882));
#13258=DIRECTION('',(-1.,0.,0.));
#13259=DIRECTION('',(0.,-0.47665429146299,0.879090829453882));
#13260=DIRECTION('',(0.,0.879090829453882,0.47665429146299));
#13261=DIRECTION('',(-1.,0.,0.));
#13262=DIRECTION('',(0.,0.879090829453882,0.47665429146299));
#13263=DIRECTION('',(0.,0.47665429146299,-0.879090829453882));
#13264=DIRECTION('',(-1.,0.,0.));
#13265=DIRECTION('',(0.,0.47665429146299,-0.879090829453882));
#13266=DIRECTION('',(0.,-0.879090829453882,-0.47665429146299));
#13267=DIRECTION('',(0.,-0.819152044289016,-0.573576436351011));
#13268=DIRECTION('',(0.,-0.573576436351011,0.819152044289016));
#13269=DIRECTION('',(-1.,0.,0.));
#13270=DIRECTION('',(0.,-0.573576436350618,0.819152044289292));
#13271=DIRECTION('',(-1.,0.,0.));
#13272=DIRECTION('',(0.,0.0871557427476739,-0.996194698091744));
#13273=DIRECTION('',(0.,-0.996194698091744,-0.0871557427476739));
#13274=DIRECTION('',(0.,-0.996194698091728,-0.0871557427478612));
#13275=DIRECTION('',(-1.,0.,0.));
#13276=DIRECTION('',(0.,0.422618261740681,0.906307787036659));
#13277=DIRECTION('',(0.,0.906307787036659,-0.422618261740681));
#13278=DIRECTION('',(0.,0.906307787036819,-0.422618261740337));
#13279=DIRECTION('',(-1.,0.,0.));
#13280=DIRECTION('',(-1.,0.,0.));
#13281=DIRECTION('',(0.,0.,1.));
#13282=DIRECTION('',(-1.,0.,0.));
#13283=DIRECTION('',(0.,0.,1.));
#13284=DIRECTION('',(-1.,0.,0.));
#13285=DIRECTION('',(0.,-0.422618261740719,0.906307787036641));
#13286=DIRECTION('',(0.,0.906307787036641,0.422618261740719));
#13287=DIRECTION('',(0.,0.90630778703665,0.422618261740699));
#13288=DIRECTION('',(-1.,0.,0.));
#13289=DIRECTION('',(-1.,0.,0.));
#13290=DIRECTION('',(0.,0.,1.));
#13291=DIRECTION('',(-1.,0.,0.));
#13292=DIRECTION('',(0.,0.,1.));
#13293=DIRECTION('',(-1.,0.,0.));
#13294=DIRECTION('',(0.,0.422618261740681,0.906307787036659));
#13295=DIRECTION('',(0.,0.906307787036659,-0.422618261740681));
#13296=DIRECTION('',(0.,0.906307787036411,-0.422618261741212));
#13297=DIRECTION('',(-1.,0.,0.));
#13298=DIRECTION('',(0.,0.,1.));
#13299=DIRECTION('',(0.,0.0871557427476441,0.996194698091747));
#13300=DIRECTION('',(0.,0.996194698091747,-0.0871557427476441));
#13301=DIRECTION('',(0.,0.996194698091747,-0.0871557427476441));
#13302=DIRECTION('',(-1.,0.,0.));
#13303=DIRECTION('',(-1.,0.,0.));
#13304=DIRECTION('',(0.,0.906307787036659,0.422618261740681));
#13305=DIRECTION('',(0.,0.422618261740681,-0.906307787036659));
#13306=DIRECTION('',(-1.,0.,0.));
#13307=DIRECTION('',(0.,0.422618261740681,-0.906307787036659));
#13308=DIRECTION('',(1.,0.,0.));
#13309=DIRECTION('',(0.,0.866025403784429,0.500000000000017));
#13310=DIRECTION('',(0.,-0.819152044289016,0.573576436351011));
#13311=DIRECTION('',(1.,0.,0.));
#13312=DIRECTION('',(0.,0.,-1.));
#13313=DIRECTION('',(0.,-0.087155742747664,0.996194698091745));
#13314=DIRECTION('',(1.,0.,0.));
#13315=DIRECTION('',(0.,0.,-1.));
#13316=DIRECTION('',(0.,-0.819152044289016,0.573576436351011));
#13317=DIRECTION('',(0.,-0.573576436351011,-0.819152044289016));
#13318=DIRECTION('',(0.,-0.819152044289016,0.573576436351011));
#13319=DIRECTION('',(1.,0.,0.));
#13320=DIRECTION('',(1.,0.,0.));
#13321=DIRECTION('',(0.,0.866025403784429,0.500000000000017));
#13322=DIRECTION('',(-1.,0.,0.));
#13323=DIRECTION('',(0.,-0.996194698091745,-0.087155742747664));
#13324=DIRECTION('',(0.,-0.087155742747664,0.996194698091745));
#13325=DIRECTION('',(1.,0.,0.));
#13326=DIRECTION('',(1.,0.,0.));
#13327=DIRECTION('',(0.,0.866025403784429,0.500000000000017));
#13328=DIRECTION('',(-1.,0.,0.));
#13329=DIRECTION('',(0.,-0.573576436351011,-0.819152044289016));
#13330=DIRECTION('',(0.,-0.819152044289016,0.573576436351011));
#13331=DIRECTION('',(0.,0.380439739460811,-0.924805711833026));
#13332=DIRECTION('',(1.,0.,0.));
#13333=DIRECTION('',(0.,0.380439739460811,-0.924805711833026));
#13334=DIRECTION('',(0.,0.380439739460674,-0.924805711833083));
#13335=DIRECTION('',(0.,0.924805711833083,0.380439739460674));
#13336=DIRECTION('',(-1.,0.,0.));
#13337=DIRECTION('',(0.,-0.888271584682568,0.459318616915883));
#13338=DIRECTION('',(-1.,0.,0.));
#13339=DIRECTION('',(0.,0.,1.));
#13340=DIRECTION('',(0.,-0.380439739460811,-0.924805711833026));
#13341=DIRECTION('',(0.,0.924805711833026,-0.380439739460811));
#13342=DIRECTION('',(0.,-0.380439739460811,-0.924805711833026));
#13343=DIRECTION('',(1.,0.,0.));
#13344=DIRECTION('',(0.,-0.380439739460811,-0.924805711833026));
#13345=DIRECTION('',(0.000714997339921,0.924426992604568,-0.381358393277082));
#13346=DIRECTION('',(0.,0.381358490756366,0.924427228897995));
#13347=DIRECTION('',(1.,0.,0.));
#13348=DIRECTION('',(0.,0.499191491962708,0.866491693181213));
#13349=DIRECTION('',(1.,0.,0.));
#13350=DIRECTION('',(0.,0.,-1.));
#13351=DIRECTION('',(0.000685301714261062,0.924432158148763,0.381345926085466));
#13352=DIRECTION('',(0.,-0.38134601563285,0.924432375223277));
#13353=DIRECTION('',(0.,0.924805711833026,0.380439739460811));
#13354=DIRECTION('',(0.,0.380439739460811,-0.924805711833026));
#13355=DIRECTION('',(0.,0.380439739460811,-0.924805711833026));
#13356=DIRECTION('',(1.,0.,0.));
#13357=DIRECTION('',(0.703948055423503,0.270207880081601,-0.656844606286203));
#13358=DIRECTION('',(0.,0.380439739460811,-0.924805711833026));
#13359=DIRECTION('',(-1.,0.,0.));
#13360=DIRECTION('',(-1.,0.,0.));
#13361=DIRECTION('',(1.,0.,0.));
#13362=DIRECTION('',(0.,-0.714082887754445,0.700061161196844));
#13363=DIRECTION('',(1.,0.,0.));
#13364=DIRECTION('',(0.,0.,-1.));
#13365=DIRECTION('',(1.,0.,0.));
#13366=DIRECTION('',(1.,0.,0.));
#13367=DIRECTION('',(0.,-1.,0.));
#13368=DIRECTION('',(-1.,0.,0.));
#13369=DIRECTION('',(1.,0.,0.));
#13370=DIRECTION('',(0.,0.,-1.));
#13371=DIRECTION('',(1.,0.,0.));
#13372=DIRECTION('',(1.,0.,0.));
#13373=DIRECTION('',(0.,0.,-1.));
#13374=DIRECTION('',(1.,0.,0.));
#13375=DIRECTION('',(1.,0.,0.));
#13376=DIRECTION('',(0.,0.,-1.));
#13377=DIRECTION('',(1.,0.,0.));
#13378=DIRECTION('',(1.,0.,0.));
#13379=DIRECTION('',(0.,0.,-1.));
#13380=DIRECTION('',(-1.,0.,0.));
#13381=DIRECTION('',(1.,0.,0.));
#13382=DIRECTION('',(0.,0.,-1.));
#13383=DIRECTION('',(1.,0.,0.));
#13384=DIRECTION('',(1.,0.,0.));
#13385=DIRECTION('',(0.,0.,-1.));
#13386=DIRECTION('',(-1.,0.,0.));
#13387=DIRECTION('',(1.,0.,0.));
#13388=DIRECTION('',(0.,0.,-1.));
#13389=DIRECTION('',(1.,0.,0.));
#13390=DIRECTION('',(0.,1.,0.));
#13391=DIRECTION('',(-1.,0.,0.));
#13392=DIRECTION('',(0.,0.,1.));
#13393=DIRECTION('',(0.,-0.380439739460811,-0.924805711833026));
#13394=DIRECTION('',(-1.,0.,0.));
#13395=DIRECTION('',(0.,0.,1.));
#13396=DIRECTION('',(0.,0.866025403784429,-0.500000000000017));
#13397=DIRECTION('',(-1.,0.,0.));
#13398=DIRECTION('',(0.,0.,1.));
#13399=DIRECTION('',(0.,0.610685370281984,0.791873334898679));
#13400=DIRECTION('',(1.,0.,0.));
#13401=DIRECTION('',(0.,0.,-1.));
#13402=DIRECTION('',(1.,0.,0.));
#13403=DIRECTION('',(0.,0.,-1.));
#13404=DIRECTION('',(1.,0.,0.));
#13405=DIRECTION('',(0.,1.,0.));
#13406=DIRECTION('',(-1.,0.,0.));
#13407=DIRECTION('',(0.,0.,1.));
#13408=DIRECTION('',(0.,-0.610685370281984,0.791873334898679));
#13409=DIRECTION('',(1.,0.,0.));
#13410=DIRECTION('',(0.,0.,-1.));
#13411=DIRECTION('',(0.,-0.866025403784429,-0.500000000000017));
#13412=DIRECTION('',(1.,0.,0.));
#13413=DIRECTION('',(0.,0.,-1.));
#13414=DIRECTION('',(1.,0.,0.));
#13415=DIRECTION('',(0.,1.,0.));
#13416=DIRECTION('',(-1.,0.,0.));
#13417=DIRECTION('',(0.,0.,1.));
#13418=DIRECTION('',(0.,0.991125109742745,0.132932376934406));
#13419=DIRECTION('',(1.,0.,0.));
#13420=DIRECTION('',(0.,0.,-1.));
#13421=DIRECTION('',(0.,0.,1.));
#13422=DIRECTION('',(-1.,0.,0.));
#13423=DIRECTION('',(0.,0.,1.));
#13424=DIRECTION('',(0.,-0.991125109742745,0.132932376934406));
#13425=DIRECTION('',(1.,0.,0.));
#13426=DIRECTION('',(0.,0.,-1.));
#13427=DIRECTION('',(1.,0.,0.));
#13428=DIRECTION('',(0.,1.,0.));
#13429=DIRECTION('',(1.,0.,0.));
#13430=DIRECTION('',(0.,0.,-1.));
#13431=DIRECTION('',(1.,0.,0.));
#13432=DIRECTION('',(0.,-1.,0.));
#13433=DIRECTION('',(1.,0.,0.));
#13434=DIRECTION('',(0.,0.,-1.));
#13435=DIRECTION('',(1.,0.,0.));
#13436=DIRECTION('',(0.,0.,-1.));
#13437=DIRECTION('',(1.,0.,0.));
#13438=DIRECTION('',(0.,1.,0.));
#13439=DIRECTION('',(1.,0.,0.));
#13440=DIRECTION('',(1.,0.,0.));
#13441=DIRECTION('',(0.,0.,-1.));
#13442=DIRECTION('',(1.,0.,0.));
#13443=DIRECTION('',(1.,0.,0.));
#13444=DIRECTION('',(0.,1.,0.));
#13445=DIRECTION('',(1.,0.,0.));
#13446=DIRECTION('',(0.,0.,-1.));
#13447=DIRECTION('',(1.,0.,0.));
#13448=DIRECTION('',(0.,1.,0.));
#13449=DIRECTION('',(-1.,0.,0.));
#13450=DIRECTION('',(0.,0.,1.));
#13451=DIRECTION('',(0.,0.500000000000017,0.866025403784429));
#13452=DIRECTION('',(1.,0.,0.));
#13453=DIRECTION('',(0.,0.,-1.));
#13454=DIRECTION('',(0.,-0.500000000000017,0.866025403784429));
#13455=DIRECTION('',(1.,0.,0.));
#13456=DIRECTION('',(0.,0.,-1.));
#13457=DIRECTION('',(1.,0.,0.));
#13458=DIRECTION('',(0.,0.,-1.));
#13459=DIRECTION('',(-1.,0.,0.));
#13460=DIRECTION('',(0.,0.,1.));
#13461=DIRECTION('',(0.,0.500000000000017,-0.866025403784429));
#13462=DIRECTION('',(1.,0.,0.));
#13463=DIRECTION('',(0.,0.,-1.));
#13464=DIRECTION('',(0.,1.,0.));
#13465=DIRECTION('',(1.,0.,0.));
#13466=DIRECTION('',(0.,0.,-1.));
#13467=DIRECTION('',(1.,0.,0.));
#13468=DIRECTION('',(0.,0.,-1.));
#13469=DIRECTION('',(1.,0.,0.));
#13470=DIRECTION('',(0.,0.,-1.));
#13471=DIRECTION('',(0.,-1.,0.));
#13472=DIRECTION('',(1.,0.,0.));
#13473=DIRECTION('',(0.,0.,-1.));
#13474=DIRECTION('',(0.,-0.500000000000017,-0.866025403784429));
#13475=DIRECTION('',(-1.,0.,0.));
#13476=DIRECTION('',(0.,0.,1.));
#13477=DIRECTION('',(1.,0.,0.));
#13478=DIRECTION('',(0.,0.,-1.));
#13479=DIRECTION('',(1.,0.,0.));
#13480=DIRECTION('',(0.,-0.866025403784429,0.500000000000017));
#13481=DIRECTION('',(1.,0.,0.));
#13482=DIRECTION('',(0.,0.,-1.));
#13483=DIRECTION('',(1.,0.,0.));
#13484=DIRECTION('',(-1.,0.,0.));
#13485=DIRECTION('',(-1.,0.,0.));
#13486=DIRECTION('',(0.,-0.866025403784429,0.500000000000017));
#13487=DIRECTION('',(1.,0.,0.));
#13488=DIRECTION('',(-1.,0.,0.));
#13489=DIRECTION('',(0.,0.,1.));
#13490=DIRECTION('',(0.923879532495686,-0.127001190541798,-0.360994885055894));
#13491=DIRECTION('',(0.382683432402753,0.306607996591093,0.87151874735478));
#13492=DIRECTION('',(-6.28186391793406E-12,0.943325094549798,-0.331870104095887));
#13493=DIRECTION('',(0.,0.331870104095887,0.943325094549798));
#13494=DIRECTION('',(1.,0.,0.));
#13495=DIRECTION('',(0.,-0.501286326780399,-0.865281467837498));
#13496=DIRECTION('',(1.,0.,0.));
#13497=DIRECTION('',(0.,0.,-1.));
#13498=DIRECTION('',(0.,0.759070488182569,-0.651008443854822));
#13499=DIRECTION('',(0.,0.651008443854822,0.759070488182569));
#13500=DIRECTION('',(0.923879532502116,-0.249130145811104,-0.290483699838405));
#13501=DIRECTION('',(0.382683432387229,0.6014533767622,0.7012896877594));
#13502=DIRECTION('',(-1.,0.,0.));
#13503=DIRECTION('',(0.,0.,1.));
#13504=DIRECTION('',(-1.,0.,0.));
#13505=DIRECTION('',(0.,0.651008443854794,0.759070488182593));
#13506=DIRECTION('',(-1.,0.,0.));
#13507=DIRECTION('',(0.,0.866025403784429,-0.500000000000017));
#13508=DIRECTION('',(0.,0.500000000000017,0.866025403784429));
#13509=DIRECTION('',(0.,0.500000000000017,0.866025403784429));
#13510=DIRECTION('',(1.,0.,0.));
#13511=DIRECTION('',(0.,0.500000000000017,0.866025403784429));
#13512=DIRECTION('',(1.,0.,0.));
#13513=DIRECTION('',(1.,0.,0.));
#13514=DIRECTION('',(0.,1.,0.));
#13515=DIRECTION('',(1.,0.,0.));
#13516=DIRECTION('',(0.,0.,-1.));
#13517=DIRECTION('',(1.,0.,0.));
#13518=DIRECTION('',(1.,0.,0.));
#13519=DIRECTION('',(0.,1.,0.));
#13520=DIRECTION('',(1.,0.,0.));
#13521=DIRECTION('',(0.,0.,-1.));
#13522=DIRECTION('',(1.,0.,0.));
#13523=DIRECTION('',(1.,0.,0.));
#13524=DIRECTION('',(1.,0.,0.));
#13525=DIRECTION('',(0.,1.,0.));
#13526=DIRECTION('',(1.,0.,0.));
#13527=DIRECTION('',(0.,0.,-1.));
#13528=DIRECTION('',(1.,0.,0.));
#13529=DIRECTION('',(1.,0.,0.));
#13530=DIRECTION('',(0.,0.500000000000017,0.866025403784429));
#13531=DIRECTION('',(-1.,0.,0.));
#13532=DIRECTION('',(0.,0.500000000470527,0.86602540351278));
#13533=DIRECTION('',(0.,-0.86602540351278,0.500000000470527));
#13534=DIRECTION('',(0.,0.500000000000017,0.866025403784429));
#13535=DIRECTION('',(1.,0.,0.));
#13536=DIRECTION('',(0.,1.,0.));
#13537=DIRECTION('',(-1.,0.,0.));
#13538=DIRECTION('',(0.,0.,1.));
#13539=DIRECTION('',(0.,0.866025403784429,-0.500000000000017));
#13540=DIRECTION('',(0.,0.500000000000017,0.866025403784429));
#13541=DIRECTION('',(1.,0.,0.));
#13542=DIRECTION('',(0.,0.,-1.));
#13543=DIRECTION('',(0.,-0.500000000000017,0.866025403784429));
#13544=DIRECTION('',(0.,-0.866025403784429,-0.500000000000017));
#13545=DIRECTION('',(-1.,0.,0.));
#13546=DIRECTION('',(0.,0.,1.));
#13547=DIRECTION('',(0.,-0.500000000000017,0.866025403784429));
#13548=DIRECTION('',(1.,0.,0.));
#13549=DIRECTION('',(0.,1.,0.));
#13550=DIRECTION('',(-1.,0.,0.));
#13551=DIRECTION('',(0.,0.,1.));
#13552=DIRECTION('',(0.,0.,1.));
#13553=DIRECTION('',(0.,-1.,0.));
#13554=DIRECTION('',(1.,0.,0.));
#13555=DIRECTION('',(0.,0.,-1.));
#13556=DIRECTION('',(0.,-0.500000000000017,-0.866025403784429));
#13557=DIRECTION('',(0.,0.866025403784429,-0.500000000000017));
#13558=DIRECTION('',(-1.,0.,0.));
#13559=DIRECTION('',(0.,0.,1.));
#13560=DIRECTION('',(0.,-0.500000000000017,-0.866025403784429));
#13561=DIRECTION('',(0.,-1.,0.));
#13562=DIRECTION('',(1.,0.,0.));
#13563=DIRECTION('',(0.,1.,0.));
#13564=DIRECTION('',(-1.,0.,0.));
#13565=DIRECTION('',(0.,0.,1.));
#13566=DIRECTION('',(0.,-0.866025403784429,-0.500000000000017));
#13567=DIRECTION('',(0.,0.500000000000017,-0.866025403784429));
#13568=DIRECTION('',(1.,0.,0.));
#13569=DIRECTION('',(0.,0.,-1.));
#13570=DIRECTION('',(0.,1.,0.));
#13571=DIRECTION('',(0.,0.,1.));
#13572=DIRECTION('',(-1.,0.,0.));
#13573=DIRECTION('',(0.,0.,1.));
#13574=DIRECTION('',(0.,1.,0.));
#13575=DIRECTION('',(0.,0.500000000000017,-0.866025403784429));
#13576=DIRECTION('',(0.,-0.500000000000017,0.866025403784429));
#13577=DIRECTION('',(-1.,0.,0.));
#13578=DIRECTION('',(0.,-0.500000000000017,0.866025403784429));
#13579=DIRECTION('',(0.,-0.866025403784429,-0.500000000000017));
#13580=DIRECTION('',(0.,-0.500000000000017,0.866025403784429));
#13581=DIRECTION('',(0.,0.866025403784429,0.500000000000017));
#13582=DIRECTION('',(0.,-0.500000000000017,0.866025403784429));
#13583=DIRECTION('',(1.,0.,0.));
#13584=DIRECTION('',(-1.,0.,0.));
#13585=DIRECTION('',(0.,-0.500000000000017,0.866025403784429));
#13586=DIRECTION('',(0.,-0.500000000000017,0.866025403784429));
#13587=DIRECTION('',(1.,0.,0.));
#13588=DIRECTION('',(0.,-0.500000000000017,0.866025403784429));
#13589=DIRECTION('',(0.,-0.866025403784429,-0.500000000000017));
#13590=DIRECTION('',(0.,-0.500000000000017,0.866025403784429));
#13591=DIRECTION('',(0.,-0.866025403784429,-0.500000000000017));
#13592=DIRECTION('',(0.,-0.499999999998195,0.866025403785481));
#13593=DIRECTION('',(1.,0.,0.));
#13594=DIRECTION('',(0.,0.,-1.));
#13595=DIRECTION('',(0.,-0.866025403784429,0.500000000000017));
#13596=DIRECTION('',(1.,0.,0.));
#13597=DIRECTION('',(0.,0.,-1.));
#13598=DIRECTION('',(0.,0.500000000000017,0.866025403784429));
#13599=DIRECTION('',(1.,0.,0.));
#13600=DIRECTION('',(0.,0.,-1.));
#13601=DIRECTION('',(1.,0.,0.));
#13602=DIRECTION('',(0.,0.,-1.));
#13603=DIRECTION('',(1.,0.,0.));
#13604=DIRECTION('',(0.,0.,-1.));
#13605=DIRECTION('',(0.,1.,0.));
#13606=DIRECTION('',(1.,0.,0.));
#13607=DIRECTION('',(0.,0.,-1.));
#13608=DIRECTION('',(0.,0.,-1.));
#13609=DIRECTION('',(0.,1.,0.));
#13610=DIRECTION('',(-1.,0.,0.));
#13611=DIRECTION('',(0.,0.,1.));
#13612=DIRECTION('',(0.,1.,0.));
#13613=DIRECTION('',(0.,0.,-1.));
#13614=DIRECTION('',(1.,0.,0.));
#13615=DIRECTION('',(0.,0.,-1.));
#13616=DIRECTION('',(0.,1.,0.));
#13617=DIRECTION('',(1.,0.,0.));
#13618=DIRECTION('',(0.,0.,-1.));
#13619=DIRECTION('',(1.,0.,0.));
#13620=DIRECTION('',(0.,0.,-1.));
#13621=DIRECTION('',(-1.,0.,0.));
#13622=DIRECTION('',(0.,0.,1.));
#13623=DIRECTION('',(0.,0.500000000058653,-0.866025403750575));
#13624=DIRECTION('',(1.,0.,0.));
#13625=DIRECTION('',(0.,0.,-1.));
#13626=DIRECTION('',(0.,-0.866025403713985,-0.50000000012203));
#13627=DIRECTION('',(0.,0.500000000000379,-0.86602540378422));
#13628=DIRECTION('',(-1.,0.,0.));
#13629=DIRECTION('',(0.,0.,1.));
#13630=DIRECTION('',(0.,-0.866025403784244,-0.500000000000338));
#13631=DIRECTION('',(1.,0.,0.));
#13632=DIRECTION('',(0.,0.,-1.));
#13633=DIRECTION('',(0.,-0.500000000016322,0.866025403775015));
#13634=DIRECTION('',(1.,0.,0.));
#13635=DIRECTION('',(0.,0.,-1.));
#13636=DIRECTION('',(1.,0.,0.));
#13637=DIRECTION('',(0.,0.,-1.));
#13638=DIRECTION('',(-1.,0.,0.));
#13639=DIRECTION('',(0.,0.,1.));
#13640=DIRECTION('',(0.,0.499999999941415,0.866025403818263));
#13641=DIRECTION('',(1.,0.,0.));
#13642=DIRECTION('',(0.,0.,-1.));
#13643=DIRECTION('',(0.,0.866025403854513,-0.499999999878628));
#13644=DIRECTION('',(0.,0.500000000000181,0.866025403784334));
#13645=DIRECTION('',(-1.,0.,0.));
#13646=DIRECTION('',(0.,0.,1.));
#13647=DIRECTION('',(0.,0.500000000000017,0.866025403784429));
#13648=DIRECTION('',(1.,0.,0.));
#13649=DIRECTION('',(0.,0.,-1.));
#13650=DIRECTION('',(0.,-0.500000000000017,0.866025403784429));
#13651=DIRECTION('',(0.,0.866025403784429,0.500000000000017));
#13652=DIRECTION('',(0.,0.500000000000017,-0.866025403784429));
#13653=DIRECTION('',(1.,0.,0.));
#13654=DIRECTION('',(0.,0.,-1.));
#13655=DIRECTION('',(0.,1.,0.));
#13656=DIRECTION('',(0.,0.,-1.));
#13657=DIRECTION('',(0.,-1.,0.));
#13658=DIRECTION('',(1.,0.,0.));
#13659=DIRECTION('',(0.,0.,-1.));
#13660=DIRECTION('',(0.,-0.500000000000017,-0.866025403784429));
#13661=DIRECTION('',(0.,-0.866025403784429,0.500000000000017));
#13662=DIRECTION('',(0.,0.500000000000017,0.866025403784429));
#13663=DIRECTION('',(1.,0.,0.));
#13664=DIRECTION('',(0.,0.,-1.));
#13665=DIRECTION('',(1.,0.,0.));
#13666=DIRECTION('',(0.,0.,-1.));
#13667=DIRECTION('',(0.,0.866025403784429,-0.500000000000017));
#13668=DIRECTION('',(0.,0.500000000000017,0.866025403784429));
#13669=DIRECTION('',(1.,0.,0.));
#13670=DIRECTION('',(0.,0.500000000000059,0.866025403784405));
#13671=DIRECTION('',(1.,0.,0.));
#13672=DIRECTION('',(1.,0.,0.));
#13673=DIRECTION('',(0.,0.,-1.));
#13674=DIRECTION('',(1.,0.,0.));
#13675=DIRECTION('',(0.,0.,-1.));
#13676=DIRECTION('',(1.,0.,0.));
#13677=DIRECTION('',(0.,-0.866025403784429,0.500000000000017));
#13678=DIRECTION('',(0.,-0.500000000000017,-0.866025403784429));
#13679=DIRECTION('',(0.,-0.499999999999799,-0.866025403784555));
#13680=DIRECTION('',(1.,0.,0.));
#13681=DIRECTION('',(0.,0.500000000000017,0.866025403784429));
#13682=DIRECTION('',(0.,-0.866025403784429,0.500000000000017));
#13683=DIRECTION('',(0.,-0.866025403785203,0.499999999998675));
#13684=DIRECTION('',(1.,0.,0.));
#13685=DIRECTION('',(0.,0.,-1.));
#13686=DIRECTION('',(0.,-0.866025403784429,-0.500000000000017));
#13687=DIRECTION('',(0.,0.500000000000017,-0.866025403784429));
#13688=DIRECTION('',(1.,0.,0.));
#13689=DIRECTION('',(0.,0.499999999999814,-0.866025403784546));
#13690=DIRECTION('',(1.,0.,0.));
#13691=DIRECTION('',(1.,0.,0.));
#13692=DIRECTION('',(0.,-0.866025403784429,0.500000000000017));
#13693=DIRECTION('',(1.,0.,0.));
#13694=DIRECTION('',(0.,0.,-1.));
#13695=DIRECTION('',(1.,0.,0.));
#13696=DIRECTION('',(0.,0.866025403784429,0.500000000000017));
#13697=DIRECTION('',(0.,-0.500000000000017,0.866025403784429));
#13698=DIRECTION('',(0.,-0.500000000000078,0.866025403784394));
#13699=DIRECTION('',(1.,0.,0.));
#13700=DIRECTION('',(0.,0.500000000000017,-0.866025403784429));
#13701=DIRECTION('',(0.,0.866025403784429,0.500000000000017));
#13702=DIRECTION('',(0.,0.866025403785204,0.499999999998674));
#13703=DIRECTION('',(1.,0.,0.));
#13704=DIRECTION('',(0.,-0.866025403784429,0.500000000000017));
#13705=DIRECTION('',(0.,0.,1.));
#13706=DIRECTION('',(0.,-1.,0.));
#13707=DIRECTION('',(1.,0.,0.));
#13708=DIRECTION('',(0.,-1.,-5.92533763763718E-15));
#13709=DIRECTION('',(1.,0.,0.));
#13710=DIRECTION('',(1.,0.,0.));
#13711=DIRECTION('',(0.,0.866025403784429,0.500000000000017));
#13712=DIRECTION('',(1.,0.,0.));
#13713=DIRECTION('',(0.,0.,-1.));
#13714=DIRECTION('',(1.,0.,0.));
#13715=DIRECTION('',(0.,0.,-1.));
#13716=DIRECTION('',(0.,1.,0.));
#13717=DIRECTION('',(0.,1.,9.3755342367677E-16));
#13718=DIRECTION('',(1.,0.,0.));
#13719=DIRECTION('',(0.,-1.,0.));
#13720=DIRECTION('',(0.,0.,-1.));
#13721=DIRECTION('',(0.,0.,-1.));
#13722=DIRECTION('',(1.,0.,0.));
#13723=DIRECTION('',(0.,0.866025403784429,0.500000000000017));
#13724=DIRECTION('',(0.,0.500000000000017,0.866025403784429));
#13725=DIRECTION('',(0.,-0.866025403784429,0.500000000000017));
#13726=DIRECTION('',(0.,0.500000000000017,0.866025403784429));
#13727=DIRECTION('',(0.,-0.866025403784429,0.500000000000017));
#13728=DIRECTION('',(0.,0.500000000000017,0.866025403784429));
#13729=DIRECTION('',(0.,-0.866025403784429,0.500000000000017));
#13730=DIRECTION('',(0.,-0.500000000000017,-0.866025403784429));
#13731=DIRECTION('',(0.,-0.866025403784429,0.500000000000017));
#13732=DIRECTION('',(0.,-0.500000000000017,-0.866025403784429));
#13733=DIRECTION('',(0.,-0.500000000000017,-0.866025403784429));
#13734=DIRECTION('',(-1.,0.,0.));
#13735=DIRECTION('',(2.44820787739084E-7,0.866025523785919,-0.499999792151222));
#13736=DIRECTION('',(0.,0.499999792151237,0.866025523785945));
#13737=DIRECTION('',(-1.,0.,0.));
#13738=DIRECTION('',(0.,0.,-1.));
#13739=DIRECTION('',(-1.,0.,0.));
#13740=DIRECTION('',(0.,0.,1.));
#13741=DIRECTION('',(-2.4715270379437E-7,0.866025282642253,-0.5000002098243));
#13742=DIRECTION('',(0.,0.500000209824316,0.86602528264228));
#13743=DIRECTION('',(0.382683432369896,-0.622216577333494,-0.682934785672093));
#13744=DIRECTION('',(0.923879532509296,0.257730545065194,0.282880850449094));
#13745=DIRECTION('',(0.,0.500000000000017,0.866025403784429));
#13746=DIRECTION('',(0.,-0.866025403784429,0.500000000000017));
#13747=DIRECTION('',(0.,-0.739203285327071,0.673482370193656));
#13748=DIRECTION('',(0.,-0.673482370193656,-0.739203285327071));
#13749=DIRECTION('',(-1.,0.,0.));
#13750=DIRECTION('',(0.,-0.499191491962708,-0.866491693181213));
#13751=DIRECTION('',(1.45715384203271E-12,0.952854484327969,-0.303427638319388));
#13752=DIRECTION('',(0.,0.303427638319388,0.952854484327969));
#13753=DIRECTION('',(0.382683431853814,-0.28033058470631,-0.880322755733831));
#13754=DIRECTION('',(0.923879532723064,0.116116729950078,0.364641624120332));
#13755=DIRECTION('',(0.,0.500000000000017,0.866025403784429));
#13756=DIRECTION('',(1.,0.,0.));
#13757=DIRECTION('',(0.,0.500000000000017,0.866025403784429));
#13758=DIRECTION('',(0.,-0.866025403784429,0.500000000000017));
#13759=DIRECTION('',(0.,-0.965925826309944,-0.258819045024612));
#13760=DIRECTION('',(3.14021024713714E-14,0.258819045024612,-0.965925826309944));
#13761=DIRECTION('',(0.,0.866025403784429,-0.500000000000017));
#13762=DIRECTION('',(0.,0.500000000000017,0.866025403784429));
#13763=DIRECTION('',(-1.,8.12746217340535E-15,-3.0332101777529E-14));
#13764=DIRECTION('',(-3.0332101777529E-14,0.,1.));
#13765=DIRECTION('',(-1.,0.,0.));
#13766=DIRECTION('',(0.,0.866025403784429,-0.500000000000017));
#13767=DIRECTION('',(-1.,0.,0.));
#13768=DIRECTION('',(-1.,0.,0.));
#13769=DIRECTION('',(0.,0.,1.));
#13770=DIRECTION('',(-1.,0.,0.));
#13771=DIRECTION('',(0.,-0.982117112913987,-0.188271018803997));
#13772=DIRECTION('',(0.,0.866025403784429,-0.500000000000017));
#13773=DIRECTION('',(0.,0.500000000000017,0.866025403784429));
#13774=DIRECTION('',(0.,0.866025403784429,-0.500000000000017));
#13775=DIRECTION('',(-1.,0.,0.));
#13776=DIRECTION('',(0.,0.866025403784429,-0.500000000000017));
#13777=DIRECTION('',(0.,0.866025403784429,-0.500000000000017));
#13778=DIRECTION('',(0.,0.500000000000017,0.866025403784429));
#13779=DIRECTION('',(0.,-0.965925826268201,-0.2588190451804));
#13780=DIRECTION('',(-2.74768396624501E-14,-0.2588190451804,0.965925826268201));
#13781=DIRECTION('',(0.,0.500000000000017,0.866025403784429));
#13782=DIRECTION('',(0.,-0.866025403784429,0.500000000000017));
#13783=DIRECTION('',(1.,0.,0.));
#13784=DIRECTION('',(0.,0.,-1.));
#13785=DIRECTION('',(1.,0.,0.));
#13786=DIRECTION('',(0.,0.500000000000017,0.866025403784429));
#13787=DIRECTION('',(1.,0.,0.));
#13788=DIRECTION('',(1.,0.,0.));
#13789=DIRECTION('',(1.,0.,0.));
#13790=DIRECTION('',(0.,0.,-1.));
#13791=DIRECTION('',(1.,0.,0.));
#13792=DIRECTION('',(0.,-0.944673878676923,-0.328011071376408));
#13793=DIRECTION('',(0.,0.499999999999889,0.866025403784503));
#13794=DIRECTION('',(0.,-0.866025403784503,0.499999999999889));
#13795=DIRECTION('',(0.,0.866025403784429,-0.500000000000017));
#13796=DIRECTION('',(0.,0.500000000000017,0.866025403784429));
#13797=DIRECTION('',(0.,0.866025403784429,-0.500000000000017));
#13798=DIRECTION('',(1.,0.,0.));
#13799=DIRECTION('',(0.,0.866025403784429,-0.500000000000017));
#13800=DIRECTION('',(0.,-0.500000000000017,-0.866025403784429));
#13801=DIRECTION('',(0.,0.866025403784429,-0.500000000000017));
#13802=DIRECTION('',(0.,0.500000000000017,0.866025403784429));
#13803=DIRECTION('',(1.,0.,0.));
#13804=DIRECTION('',(0.,0.500000000000017,0.866025403784429));
#13805=DIRECTION('',(0.,-0.866025403784429,0.500000000000017));
#13806=DIRECTION('',(0.,0.500000000000017,0.866025403784429));
#13807=DIRECTION('',(0.,0.866025403784429,-0.500000000000017));
#13808=DIRECTION('',(0.,0.500000000000017,0.866025403784429));
#13809=DIRECTION('',(1.,0.,0.));
#13810=DIRECTION('',(0.,0.500000000000017,0.866025403784429));
#13811=DIRECTION('',(0.,0.500000000000017,0.866025403784429));
#13812=DIRECTION('',(-1.,0.,0.));
#13813=DIRECTION('',(0.,0.500000000000017,0.866025403784429));
#13814=DIRECTION('',(0.,-0.866025403784429,0.500000000000017));
#13815=DIRECTION('',(7.88860905221012E-31,0.0663375685877023,-0.997797237415434));
#13816=DIRECTION('',(2.8392495196411E-14,-0.997797237415434,-0.0663375685877023));
#13817=DIRECTION('',(0.,0.610246272419036,-0.792211769035699));
#13818=DIRECTION('',(0.,0.792211769035699,0.610246272419036));
#13819=DIRECTION('',(-1.,0.,0.));
#13820=DIRECTION('',(0.,0.,1.));
#13821=DIRECTION('',(-1.,0.,0.));
#13822=DIRECTION('',(0.,-0.792211769035668,-0.610246272419076));
#13823=DIRECTION('',(-1.,0.,0.));
#13824=DIRECTION('',(-1.,0.,0.));
#13825=DIRECTION('',(0.,0.,1.));
#13826=DIRECTION('',(-1.,0.,0.));
#13827=DIRECTION('',(0.,-0.305610350355712,-0.952156664501939));
#13828=DIRECTION('',(0.,0.610246272419527,-0.792211769035321));
#13829=DIRECTION('',(0.,0.792211769035321,0.610246272419527));
#13830=DIRECTION('',(1.,0.,0.));
#13831=DIRECTION('',(0.,-0.935819398799175,-0.352479861596591));
#13832=DIRECTION('',(0.,-0.610246272419006,-0.792211769035722));
#13833=DIRECTION('',(0.,0.792211769035722,-0.610246272419006));
#13834=DIRECTION('',(1.,0.,0.));
#13835=DIRECTION('',(0.,0.,-1.));
#13836=DIRECTION('',(1.,0.,0.));
#13837=DIRECTION('',(0.,0.,-1.));
#13838=DIRECTION('',(1.,0.,0.));
#13839=DIRECTION('',(1.,0.,0.));
#13840=DIRECTION('',(0.,0.,-1.));
#13841=DIRECTION('',(1.,0.,0.));
#13842=DIRECTION('',(1.,0.,0.));
#13843=DIRECTION('',(0.,0.,-1.));
#13844=DIRECTION('',(1.,0.,0.));
#13845=DIRECTION('',(0.,0.,-1.));
#13846=DIRECTION('',(1.,0.,0.));
#13847=DIRECTION('',(1.,0.,0.));
#13848=DIRECTION('',(0.,0.,-1.));
#13849=DIRECTION('',(1.,0.,0.));
#13850=DIRECTION('',(0.,0.,-1.));
#13851=DIRECTION('',(1.,0.,0.));
#13852=DIRECTION('',(1.,0.,0.));
#13853=DIRECTION('',(0.,0.,-1.));
#13854=DIRECTION('',(-1.,0.,0.));
#13855=DIRECTION('',(1.,0.,0.));
#13856=DIRECTION('',(0.,0.,-1.));
#13857=DIRECTION('',(1.,0.,0.));
#13858=DIRECTION('',(0.,-0.935403692003045,0.353581578970217));
#13859=DIRECTION('',(0.,0.380952380952408,0.924594658997493));
#13860=DIRECTION('',(0.,-0.924594658997493,0.380952380952408));
#13861=DIRECTION('',(0.,-0.991198653371457,0.132382889961694));
#13862=DIRECTION('',(0.,-0.132382889961694,-0.991198653371457));
#13863=DIRECTION('',(1.,0.,0.));
#13864=DIRECTION('',(0.,-0.693071160144791,-0.720869174660391));
#13865=DIRECTION('',(0.,0.500000000000017,0.866025403784429));
#13866=DIRECTION('',(0.,-0.866025403784429,0.500000000000017));
#13867=DIRECTION('',(1.,0.,0.));
#13868=DIRECTION('',(0.,0.,-1.));
#13869=DIRECTION('',(1.,0.,0.));
#13870=DIRECTION('',(0.,-0.132382889961806,-0.991198653371442));
#13871=DIRECTION('',(1.,0.,0.));
#13872=DIRECTION('',(1.,0.,0.));
#13873=DIRECTION('',(0.,0.,-1.));
#13874=DIRECTION('',(-1.57772181044203E-30,0.897286540678927,0.441448597139514));
#13875=DIRECTION('',(-2.33816573659207E-14,0.441448597139514,-0.897286540678927));
#13876=DIRECTION('',(0.,-0.500000000000017,-0.866025403784429));
#13877=DIRECTION('',(0.,0.866025403784429,-0.500000000000017));
#13878=DIRECTION('',(0.,0.991198653371442,-0.132382889961809));
#13879=DIRECTION('',(0.,0.132382889961809,0.991198653371442));
#13880=DIRECTION('',(1.,0.,0.));
#13881=DIRECTION('',(0.,-0.935819398799175,-0.352479861596591));
#13882=DIRECTION('',(0.,0.380952380951671,0.924594658997797));
#13883=DIRECTION('',(0.,-0.924594658997797,0.380952380951671));
#13884=DIRECTION('',(0.,0.830948969750343,0.556348640396329));
#13885=DIRECTION('',(-2.33816573659212E-14,0.556348640396329,-0.830948969750343));
#13886=DIRECTION('',(0.,-1.,0.));
#13887=DIRECTION('',(0.,0.,-1.));
#13888=DIRECTION('',(1.,0.,0.));
#13889=DIRECTION('',(0.,0.,-1.));
#13890=DIRECTION('',(1.,0.,0.));
#13891=DIRECTION('',(0.,0.,-1.));
#13892=DIRECTION('',(1.,0.,0.));
#13893=DIRECTION('',(1.,0.,0.));
#13894=DIRECTION('',(0.,0.,-1.));
#13895=DIRECTION('',(1.,0.,0.));
#13896=DIRECTION('',(0.,-0.591540456000197,-0.806275318309496));
#13897=DIRECTION('',(0.,-1.,-3.33066907387547E-16));
#13898=DIRECTION('',(0.,3.33066907387547E-16,-1.));
#13899=DIRECTION('',(0.,1.,0.));
#13900=DIRECTION('',(0.,0.,1.));
#13901=DIRECTION('',(0.,1.,0.));
#13902=DIRECTION('',(0.,0.,1.));
#13903=DIRECTION('',(0.,-1.,0.));
#13904=DIRECTION('',(0.,0.,1.));
#13905=DIRECTION('',(0.,-1.,0.));
#13906=DIRECTION('',(0.,-1.,0.));
#13907=DIRECTION('',(1.,0.,0.));
#13908=DIRECTION('',(1.,0.,0.));
#13909=DIRECTION('',(0.,-1.,0.));
#13910=DIRECTION('',(1.,0.,0.));
#13911=DIRECTION('',(0.,0.,-1.));
#13912=DIRECTION('',(1.,0.,0.));
#13913=DIRECTION('',(1.,0.,0.));
#13914=DIRECTION('',(0.,0.,-1.));
#13915=DIRECTION('',(1.,0.,0.));
#13916=DIRECTION('',(0.,-0.806275318309496,0.591540456000197));
#13917=DIRECTION('',(0.,2.33146835171283E-15,1.));
#13918=DIRECTION('',(0.,-1.,2.33146835171283E-15));
#13919=DIRECTION('',(0.,0.,-1.));
#13920=DIRECTION('',(0.,1.,0.));
#13921=DIRECTION('',(0.,0.,-1.));
#13922=DIRECTION('',(-1.,0.,0.));
#13923=DIRECTION('',(0.,0.,1.));
#13924=DIRECTION('',(0.,1.,0.));
#13925=DIRECTION('',(0.,0.,1.));
#13926=DIRECTION('',(0.,0.,1.));
#13927=DIRECTION('',(-1.,0.,0.));
#13928=DIRECTION('',(-1.,0.,0.));
#13929=DIRECTION('',(0.,0.,1.));
#13930=DIRECTION('',(-1.,0.,0.));
#13931=DIRECTION('',(0.,0.,1.));
#13932=DIRECTION('',(1.,0.,0.));
#13933=DIRECTION('',(-1.,0.,0.));
#13934=DIRECTION('',(0.,0.,1.));
#13935=DIRECTION('',(0.,-0.707106780888497,0.707106781484598));
#13936=DIRECTION('',(3.14019866827099E-14,0.707106781484598,0.707106780888497));
#13937=DIRECTION('',(0.,1.,0.));
#13938=DIRECTION('',(0.,0.,1.));
#13939=DIRECTION('',(0.,1.,0.));
#13940=DIRECTION('',(0.,0.,1.));
#13941=DIRECTION('',(0.,1.,0.));
#13942=DIRECTION('',(0.,0.,1.));
#13943=DIRECTION('',(0.,-1.,0.));
#13944=DIRECTION('',(0.,0.,1.));
#13945=DIRECTION('',(0.,-1.,0.));
#13946=DIRECTION('',(0.,-1.,0.));
#13947=DIRECTION('',(1.,0.,0.));
#13948=DIRECTION('',(-2.46942528436535E-7,2.42088468678647E-7,0.99999999999994));
#13949=DIRECTION('',(0.99999999999997,0.,2.46942528436542E-7));
#13950=DIRECTION('',(-0.382683432980806,-0.902547161884914,0.197387969986803));
#13951=DIRECTION('',(0.923879532256249,-0.373847275892705,0.0817607741253612));
#13952=DIRECTION('',(-1.19681919930059E-9,-0.213651198719952,-0.97691000879586));
#13953=DIRECTION('',(0.,0.97691000879586,-0.213651198719952));
#13954=DIRECTION('',(-1.,0.,0.));
#13955=DIRECTION('',(0.,0.999999564444476,0.000933333197826378));
#13956=DIRECTION('',(-1.,0.,0.));
#13957=DIRECTION('',(0.,0.,1.));
#13958=DIRECTION('',(0.,0.213651198925125,-0.976910008750989));
#13959=DIRECTION('',(0.,0.976910008750989,0.213651198925125));
#13960=DIRECTION('',(-0.382683432532004,-0.90254716209441,-0.197387969899003));
#13961=DIRECTION('',(0.923879532442148,-0.373847275433238,-0.0817607741256264));
#13962=DIRECTION('',(0.,1.,0.));
#13963=DIRECTION('',(0.,0.,1.));
#13964=DIRECTION('',(0.,1.,0.));
#13965=DIRECTION('',(1.,0.,0.));
#13966=DIRECTION('',(0.,1.,0.));
#13967=DIRECTION('',(0.,1.,0.));
#13968=DIRECTION('',(0.,0.,1.));
#13969=DIRECTION('',(1.57009428768E-14,-0.707106781243598,-0.707106781129498));
#13970=DIRECTION('',(1.57009428769799E-14,0.707106781129498,-0.707106781243598));
#13971=DIRECTION('',(0.,0.,1.));
#13972=DIRECTION('',(1.,0.,0.));
#13973=DIRECTION('',(-1.,-1.66419989831597E-24,-2.2204486358543E-14));
#13974=DIRECTION('',(-2.2204486358543E-14,0.,1.));
#13975=DIRECTION('',(-1.,0.,0.));
#13976=DIRECTION('',(0.,1.,0.));
#13977=DIRECTION('',(-1.,0.,0.));
#13978=DIRECTION('',(-1.,0.,0.));
#13979=DIRECTION('',(0.,0.,1.));
#13980=DIRECTION('',(1.,0.,0.));
#13981=DIRECTION('',(0.,1.,0.));
#13982=DIRECTION('',(0.,0.,1.));
#13983=DIRECTION('',(0.,0.,1.));
#13984=DIRECTION('',(1.,0.,0.));
#13985=DIRECTION('',(0.,0.,1.));
#13986=DIRECTION('',(0.,0.,1.));
#13987=DIRECTION('',(1.,0.,0.));
#13988=DIRECTION('',(0.,-1.22124532708767E-15,1.));
#13989=DIRECTION('',(0.,-1.,-1.22124532708767E-15));
#13990=DIRECTION('',(1.,0.,0.));
#13991=DIRECTION('',(0.,-0.654106041537636,-0.756402859872942));
#13992=DIRECTION('',(1.,0.,0.));
#13993=DIRECTION('',(0.,0.,-1.));
#13994=DIRECTION('',(0.,1.,0.));
#13995=DIRECTION('',(0.,0.,1.));
#13996=DIRECTION('',(0.,1.,0.));
#13997=DIRECTION('',(1.,0.,0.));
#13998=DIRECTION('',(0.,1.,0.));
#13999=DIRECTION('',(0.,1.,1.22124532708767E-15));
#14000=DIRECTION('',(0.,-1.22124532708767E-15,1.));
#14001=DIRECTION('',(1.,0.,0.));
#14002=DIRECTION('',(0.,-0.756402859872942,0.654106041537636));
#14003=DIRECTION('',(1.,0.,0.));
#14004=DIRECTION('',(0.,0.,-1.));
#14005=DIRECTION('',(0.,-0.380952380952408,0.924594658997493));
#14006=DIRECTION('',(0.,-0.924594658997493,-0.380952380952408));
#14007=DIRECTION('',(1.,0.,0.));
#14008=DIRECTION('',(0.,-0.935819398799175,-0.352479861596591));
#14009=DIRECTION('',(0.,-0.99119865337145,-0.132382889961749));
#14010=DIRECTION('',(0.,0.132382889961749,-0.99119865337145));
#14011=DIRECTION('',(-1.,0.,0.));
#14012=DIRECTION('',(0.,-0.671786684663426,0.740744659318529));
#14013=DIRECTION('',(-1.,0.,0.));
#14014=DIRECTION('',(0.,0.,1.));
#14015=DIRECTION('',(0.,0.500000000000017,-0.866025403784429));
#14016=DIRECTION('',(0.,0.866025403784429,0.500000000000017));
#14017=DIRECTION('',(0.,0.500000000000017,-0.866025403784429));
#14018=DIRECTION('',(1.,0.,0.));
#14019=DIRECTION('',(0.,0.500000000000017,-0.866025403784429));
#14020=DIRECTION('',(0.,0.499999999999886,-0.866025403784505));
#14021=DIRECTION('',(0.,0.866025403784505,0.499999999999886));
#14022=DIRECTION('',(1.,0.,0.));
#14023=DIRECTION('',(0.,0.188271018803997,0.982117112913987));
#14024=DIRECTION('',(1.,0.,0.));
#14025=DIRECTION('',(0.,0.,-1.));
#14026=DIRECTION('',(0.,-0.866025403784429,-0.500000000000017));
#14027=DIRECTION('',(0.,0.500000000000017,-0.866025403784429));
#14028=DIRECTION('',(0.,-0.866025403784429,-0.500000000000017));
#14029=DIRECTION('',(1.,0.,0.));
#14030=DIRECTION('',(0.,-0.866025403784429,-0.500000000000017));
#14031=DIRECTION('',(0.,-0.866025403784429,-0.500000000000017));
#14032=DIRECTION('',(0.,0.500000000000017,-0.866025403784429));
#14033=DIRECTION('',(-1.570137631161E-14,0.2588190451804,0.965925826268201));
#14034=DIRECTION('',(4.710326206576E-14,-0.965925826268201,0.2588190451804));
#14035=DIRECTION('',(0.,0.500000000000017,-0.866025403784429));
#14036=DIRECTION('',(0.,0.866025403784429,0.500000000000017));
#14037=DIRECTION('',(-1.,-4.95620725557859E-14,-2.97514357459768E-15));
#14038=DIRECTION('',(4.95620725557859E-14,-1.,0.));
#14039=DIRECTION('',(-1.,0.,0.));
#14040=DIRECTION('',(0.,-0.866025403784429,-0.500000000000017));
#14041=DIRECTION('',(-1.,0.,0.));
#14042=DIRECTION('',(-1.,0.,0.));
#14043=DIRECTION('',(0.,0.,1.));
#14044=DIRECTION('',(1.,0.,0.));
#14045=DIRECTION('',(0.,-0.866025403784429,-0.500000000000017));
#14046=DIRECTION('',(0.,0.500000000000017,-0.866025403784429));
#14047=DIRECTION('',(0.,0.500000000000017,-0.866025403784429));
#14048=DIRECTION('',(0.,0.500000000000017,-0.866025403784429));
#14049=DIRECTION('',(-1.,0.,0.));
#14050=DIRECTION('',(-1.,0.,0.));
#14051=DIRECTION('',(0.,0.331870104101806,-0.943325094547716));
#14052=DIRECTION('',(1.,0.,0.));
#14053=DIRECTION('',(-1.,0.,0.));
#14054=DIRECTION('',(0.,0.,1.));
#14055=DIRECTION('',(0.923879532502106,-0.127001190539701,0.360994885040202));
#14056=DIRECTION('',(0.382683432387254,0.306607996630596,-0.871518747347688));
#14057=DIRECTION('',(0.,-0.943325094547752,-0.331870104101702));
#14058=DIRECTION('',(0.,0.331870104101702,-0.943325094547752));
#14059=DIRECTION('',(1.,0.,0.));
#14060=DIRECTION('',(0.,-0.498712569180974,0.866767427480355));
#14061=DIRECTION('',(1.,0.,0.));
#14062=DIRECTION('',(0.,0.,-1.));
#14063=DIRECTION('',(1.,0.,0.));
#14064=DIRECTION('',(0.,0.,-1.));
#14065=DIRECTION('',(0.,-0.759070488182595,-0.651008443854791));
#14066=DIRECTION('',(0.,0.651008443854792,-0.759070488182595));
#14067=DIRECTION('',(-0.923879532508059,0.249130145817889,-0.290483699813687));
#14068=DIRECTION('',(0.382683432372882,0.601453376761514,-0.701289687767816));
#14069=DIRECTION('',(1.,0.,0.));
#14070=DIRECTION('',(0.,0.,-1.));
#14071=DIRECTION('',(-2.48109555181032E-7,0.866025282167814,0.500000210646052));
#14072=DIRECTION('',(0.,-0.500000210646067,0.866025282167841));
#14073=DIRECTION('',(-1.,0.,0.));
#14074=DIRECTION('',(0.,0.,-1.));
#14075=DIRECTION('',(-1.,0.,0.));
#14076=DIRECTION('',(0.,0.,1.));
#14077=DIRECTION('',(2.47291200007233E-7,0.866025524994267,0.4999997900583));
#14078=DIRECTION('',(0.,-0.499999790058315,0.866025524994293));
#14079=DIRECTION('',(0.382683432369915,-0.280330584853411,0.880322755462635));
#14080=DIRECTION('',(0.923879532509288,0.116116730200478,-0.364641624582231));
#14081=DIRECTION('',(0.,0.500000000000017,-0.866025403784429));
#14082=DIRECTION('',(0.,0.866025403784429,0.500000000000017));
#14083=DIRECTION('',(0.,0.952854484252174,0.303427638557407));
#14084=DIRECTION('',(0.,-0.303427638557407,0.952854484252174));
#14085=DIRECTION('',(-1.,0.,0.));
#14086=DIRECTION('',(0.,-0.500808072481778,0.865558359983362));
#14087=DIRECTION('',(0.,0.739203285327037,0.673482370193693));
#14088=DIRECTION('',(0.,-0.673482370193693,0.739203285327037));
#14089=DIRECTION('',(-0.382683432531998,0.622216577381197,-0.682934785537797));
#14090=DIRECTION('',(0.923879532442151,0.257730545142477,-0.282880850597975));
#14091=DIRECTION('',(0.,0.500000000000017,-0.866025403784429));
#14092=DIRECTION('',(1.,0.,0.));
#14093=DIRECTION('',(1.,0.,0.));
#14094=DIRECTION('',(0.,0.651008443854794,-0.759070488182593));
#14095=DIRECTION('',(1.,0.,0.));
#14096=DIRECTION('',(1.,0.,0.));
#14097=DIRECTION('',(0.,0.866025403784429,0.500000000000017));
#14098=DIRECTION('',(0.,0.500000000000017,-0.866025403784429));
#14099=DIRECTION('',(-1.,0.,0.));
#14100=DIRECTION('',(0.,0.499999999527662,-0.866025404057143));
#14101=DIRECTION('',(0.,0.866025404057143,0.499999999527662));
#14102=DIRECTION('',(-1.,0.,0.));
#14103=DIRECTION('',(0.,0.328011071376318,0.944673878676954));
#14104=DIRECTION('',(0.,-0.866025403784429,-0.500000000000017));
#14105=DIRECTION('',(0.,0.500000000000017,-0.866025403784429));
#14106=DIRECTION('',(0.,-0.866025403784429,-0.500000000000017));
#14107=DIRECTION('',(-1.,0.,0.));
#14108=DIRECTION('',(0.,-0.866025403784429,-0.500000000000017));
#14109=DIRECTION('',(0.,-0.866025403784429,-0.500000000000017));
#14110=DIRECTION('',(0.,0.500000000000017,-0.866025403784429));
#14111=DIRECTION('',(7.88860905221012E-31,0.258819045024612,0.965925826309944));
#14112=DIRECTION('',(-2.74768396624513E-14,0.965925826309944,-0.258819045024612));
#14113=DIRECTION('',(0.,0.500000000000017,-0.866025403784429));
#14114=DIRECTION('',(0.,0.866025403784429,0.500000000000017));
#14115=DIRECTION('',(1.,0.,0.));
#14116=DIRECTION('',(0.,0.,-1.));
#14117=DIRECTION('',(1.,0.,0.));
#14118=DIRECTION('',(0.,0.500000000000017,-0.866025403784429));
#14119=DIRECTION('',(1.,0.,0.));
#14120=DIRECTION('',(1.,0.,0.));
#14121=DIRECTION('',(0.,-0.500000000000017,0.866025403784429));
#14122=DIRECTION('',(0.,-0.866025403784429,-0.500000000000017));
#14123=DIRECTION('',(0.,-0.866025403784429,-0.500000000000017));
#14124=DIRECTION('',(0.,0.500000000000017,-0.866025403784429));
#14125=DIRECTION('',(1.,0.,0.));
#14126=DIRECTION('',(0.,0.500000000000017,-0.866025403784429));
#14127=DIRECTION('',(0.,0.500000000000017,-0.866025403784429));
#14128=DIRECTION('',(-1.,0.,0.));
#14129=DIRECTION('',(0.,0.500000000000017,-0.866025403784429));
#14130=DIRECTION('',(0.,0.866025403784429,0.500000000000017));
#14131=DIRECTION('',(0.,-0.89728653972153,0.441448599085514));
#14132=DIRECTION('',(3.0062609342911E-14,0.441448599085514,0.89728653972153));
#14133=DIRECTION('',(0.,-0.991198653371482,-0.132382889961507));
#14134=DIRECTION('',(0.,0.132382889961507,-0.991198653371482));
#14135=DIRECTION('',(-1.,0.,0.));
#14136=DIRECTION('',(0.,0.,1.));
#14137=DIRECTION('',(-1.,0.,0.));
#14138=DIRECTION('',(0.,-0.132382889961806,0.991198653371442));
#14139=DIRECTION('',(1.,0.,0.));
#14140=DIRECTION('',(0.,-0.935819398799175,-0.352479861596591));
#14141=DIRECTION('',(0.,-0.38095238095237,0.924594658997509));
#14142=DIRECTION('',(0.,-0.924594658997509,-0.38095238095237));
#14143=DIRECTION('',(3.15544362088404E-30,-0.830948969927268,0.556348640132078));
#14144=DIRECTION('',(-2.33816573659191E-14,0.556348640132078,0.830948969927268));
#14145=DIRECTION('',(0.,1.,0.));
#14146=DIRECTION('',(0.,0.,1.));
#14147=DIRECTION('',(1.,0.,0.));
#14148=DIRECTION('',(0.,0.,-1.));
#14149=DIRECTION('',(1.,0.,0.));
#14150=DIRECTION('',(0.,0.924594658997497,0.380952380952399));
#14151=DIRECTION('',(1.,0.,0.));
#14152=DIRECTION('',(0.,0.,-1.));
#14153=DIRECTION('',(0.,1.,0.));
#14154=DIRECTION('',(1.,0.,0.));
#14155=DIRECTION('',(0.,1.,0.));
#14156=DIRECTION('',(0.,1.,0.));
#14157=DIRECTION('',(-1.,0.,0.));
#14158=DIRECTION('',(0.,1.,0.));
#14159=DIRECTION('',(0.,0.,1.));
#14160=DIRECTION('',(0.,-0.707106781129498,-0.707106781243598));
#14161=DIRECTION('',(-2.55142218028299E-14,-0.707106781243598,0.707106781129498));
#14162=DIRECTION('',(0.,0.,1.));
#14163=DIRECTION('',(1.,0.,0.));
#14164=DIRECTION('',(1.,0.,0.));
#14165=DIRECTION('',(0.,0.,-1.));
#14166=DIRECTION('',(1.,0.,0.));
#14167=DIRECTION('',(0.,0.,1.));
#14168=DIRECTION('',(0.,0.,1.));
#14169=DIRECTION('',(-1.,0.,0.));
#14170=DIRECTION('',(0.,5.45000433671561E-10,1.));
#14171=DIRECTION('',(0.,-1.,5.45000433671561E-10));
#14172=DIRECTION('',(-1.,0.,0.));
#14173=DIRECTION('',(0.,-0.756402859872942,-0.654106041537636));
#14174=DIRECTION('',(0.,1.,0.));
#14175=DIRECTION('',(0.,0.,1.));
#14176=DIRECTION('',(0.,1.,0.));
#14177=DIRECTION('',(-1.,0.,0.));
#14178=DIRECTION('',(0.,1.,0.));
#14179=DIRECTION('',(0.,0.,-1.));
#14180=DIRECTION('',(0.,1.,0.));
#14181=DIRECTION('',(1.,0.,0.));
#14182=DIRECTION('',(1.,0.,0.));
#14183=DIRECTION('',(0.,-0.982878547956566,-0.184254606365194));
#14184=DIRECTION('',(1.,0.,0.));
#14185=DIRECTION('',(0.,0.,-1.));
#14186=DIRECTION('',(1.,0.,0.));
#14187=DIRECTION('',(1.,0.,0.));
#14188=DIRECTION('',(0.,0.,-1.));
#14189=DIRECTION('',(1.,0.,0.));
#14190=DIRECTION('',(0.,0.,-1.));
#14191=DIRECTION('',(1.,0.,0.));
#14192=DIRECTION('',(1.,0.,0.));
#14193=DIRECTION('',(0.,0.,1.));
#14194=DIRECTION('',(1.,0.,0.));
#14195=DIRECTION('',(0.,0.,-1.));
#14196=DIRECTION('',(-0.923879532644896,-0.376131335991998,0.0705111852454897));
#14197=DIRECTION('',(0.382683432042529,-0.9080613735408,0.1702290595737));
#14198=DIRECTION('',(-1.21393034513417E-10,-0.184254606369845,-0.982878547955694));
#14199=DIRECTION('',(0.,0.982878547955694,-0.184254606369845));
#14200=DIRECTION('',(1.,0.,0.));
#14201=DIRECTION('',(0.,0.999998895961361,-0.00148595964286194));
#14202=DIRECTION('',(0.,-0.184254606365173,0.98287854795657));
#14203=DIRECTION('',(0.,-0.98287854795657,-0.184254606365173));
#14204=DIRECTION('',(1.,0.,0.));
#14205=DIRECTION('',(0.,0.,-1.));
#14206=DIRECTION('',(-1.,0.,0.));
#14207=DIRECTION('',(0.,0.,-1.));
#14208=DIRECTION('',(2.47692974466698E-7,-2.42825140892166E-7,0.99999999999994));
#14209=DIRECTION('',(0.999999999999969,0.,-2.47692974466705E-7));
#14210=DIRECTION('',(-0.923879532508061,-0.376131336332884,-0.0705111852199671));
#14211=DIRECTION('',(0.382683432372876,-0.908061373399744,-0.170229059583508));
#14212=DIRECTION('',(0.,-1.,0.));
#14213=DIRECTION('',(-1.,0.,0.));
#14214=DIRECTION('',(0.,-1.,5.45000433671561E-10));
#14215=DIRECTION('',(0.,-5.45000433671561E-10,-1.));
#14216=DIRECTION('',(-1.,0.,0.));
#14217=DIRECTION('',(0.,0.654106041537636,-0.756402859872942));
#14218=DIRECTION('',(0.,0.,1.));
#14219=DIRECTION('',(1.,0.,0.));
#14220=DIRECTION('',(0.,0.,1.));
#14221=DIRECTION('',(-1.,0.,0.));
#14222=DIRECTION('',(0.,0.,1.));
#14223=DIRECTION('',(1.,0.,0.));
#14224=DIRECTION('',(0.,0.707106781243598,-0.707106781129498));
#14225=DIRECTION('',(-2.74768396624499E-14,-0.707106781129498,-0.707106781243598));
#14226=DIRECTION('',(0.,-1.,0.));
#14227=DIRECTION('',(0.,0.,-1.));
#14228=DIRECTION('',(0.,-1.,0.));
#14229=DIRECTION('',(-1.,0.,0.));
#14230=DIRECTION('',(0.,-0.500000000000017,-0.866025403784429));
#14231=DIRECTION('',(-1.,0.,0.));
#14232=DIRECTION('',(0.,-0.500000000000017,-0.866025403784429));
#14233=DIRECTION('',(0.,-0.500000000000017,-0.866025403784429));
#14234=DIRECTION('',(0.,0.866025403784429,-0.500000000000017));
#14235=DIRECTION('',(0.,-0.2588190451804,0.965925826268201));
#14236=DIRECTION('',(-2.74768396624501E-14,0.965925826268201,0.2588190451804));
#14237=DIRECTION('',(0.,0.866025403784429,-0.500000000000017));
#14238=DIRECTION('',(0.,0.500000000000017,0.866025403784429));
#14239=DIRECTION('',(1.,0.,0.));
#14240=DIRECTION('',(0.,0.,-1.));
#14241=DIRECTION('',(1.,0.,0.));
#14242=DIRECTION('',(0.,0.866025403784429,-0.500000000000017));
#14243=DIRECTION('',(1.,0.,0.));
#14244=DIRECTION('',(1.,0.,0.));
#14245=DIRECTION('',(1.,0.,0.));
#14246=DIRECTION('',(0.,0.,-1.));
#14247=DIRECTION('',(1.,0.,0.));
#14248=DIRECTION('',(0.,0.40248468010032,-0.915426721417145));
#14249=DIRECTION('',(0.,-0.499999999998539,-0.866025403785282));
#14250=DIRECTION('',(0.,0.866025403785283,-0.499999999998539));
#14251=DIRECTION('',(0.,-0.866025403784429,0.500000000000017));
#14252=DIRECTION('',(0.,-0.500000000000017,-0.866025403784429));
#14253=DIRECTION('',(0.,-0.866025403784429,0.500000000000017));
#14254=DIRECTION('',(0.,-0.500000000000017,-0.866025403784429));
#14255=DIRECTION('',(0.,-0.866025403784429,0.500000000000017));
#14256=DIRECTION('',(0.,-0.500000000000017,-0.866025403784429));
#14257=DIRECTION('',(0.,0.866025403784429,-0.500000000000017));
#14258=DIRECTION('',(0.,-0.500000000000017,-0.866025403784429));
#14259=DIRECTION('',(0.,0.866025403784429,-0.500000000000017));
#14260=DIRECTION('',(1.,0.,0.));
#14261=DIRECTION('',(0.,0.866025403784429,-0.500000000000017));
#14262=DIRECTION('',(0.,0.866025403784429,-0.500000000000017));
#14263=DIRECTION('',(-1.,0.,0.));
#14264=DIRECTION('',(0.,0.866025403512779,-0.500000000470529));
#14265=DIRECTION('',(0.,0.500000000470529,0.866025403512779));
#14266=DIRECTION('',(-1.,0.,0.));
#14267=DIRECTION('',(0.,-0.188271018803997,0.982117112913987));
#14268=DIRECTION('',(-1.,0.,0.));
#14269=DIRECTION('',(0.,0.,1.));
#14270=DIRECTION('',(0.,-0.500000000000017,-0.866025403784429));
#14271=DIRECTION('',(0.,0.866025403784429,-0.500000000000017));
#14272=DIRECTION('',(0.,-0.500000000000017,-0.866025403784429));
#14273=DIRECTION('',(-1.,0.,0.));
#14274=DIRECTION('',(-1.,0.,0.));
#14275=DIRECTION('',(0.,-0.500000000000017,-0.866025403784429));
#14276=DIRECTION('',(-1.,0.,0.));
#14277=DIRECTION('',(0.,0.,1.));
#14278=DIRECTION('',(0.,0.258819044695414,-0.965925826398152));
#14279=DIRECTION('',(3.14019866827117E-14,-0.965925826398152,-0.258819044695414));
#14280=DIRECTION('',(0.,0.500000000000017,0.866025403784429));
#14281=DIRECTION('',(0.,-0.866025403784429,0.500000000000017));
#14282=DIRECTION('',(0.,-0.500000000000017,-0.866025403784429));
#14283=DIRECTION('',(0.,-0.866025403784429,0.500000000000017));
#14284=DIRECTION('',(0.,-0.500000000000017,-0.866025403784429));
#14285=DIRECTION('',(1.,0.,0.));
#14286=DIRECTION('',(0.,-0.935819398799175,-0.352479861596591));
#14287=DIRECTION('',(0.,-0.610246272419056,-0.792211769035684));
#14288=DIRECTION('',(0.,0.792211769035684,-0.610246272419056));
#14289=DIRECTION('',(0.,-0.0663375707516378,-0.997797237271567));
#14290=DIRECTION('',(-2.33816573659192E-14,-0.997797237271567,0.0663375707516378));
#14291=DIRECTION('',(0.,-0.500000000000017,0.866025403784429));
#14292=DIRECTION('',(0.,-0.866025403784429,-0.500000000000017));
#14293=DIRECTION('',(1.,0.,0.));
#14294=DIRECTION('',(0.,0.,-1.));
#14295=DIRECTION('',(1.,0.,0.));
#14296=DIRECTION('',(0.,-0.792211769035668,0.610246272419076));
#14297=DIRECTION('',(1.,0.,0.));
#14298=DIRECTION('',(1.,0.,0.));
#14299=DIRECTION('',(0.,0.,-1.));
#14300=DIRECTION('',(1.,0.,0.));
#14301=DIRECTION('',(0.,-0.188271018803997,-0.982117112913987));
#14302=DIRECTION('',(0.,-0.499999999999887,0.866025403784504));
#14303=DIRECTION('',(0.,-0.866025403784504,-0.499999999999887));
#14304=DIRECTION('',(0.,-0.500000000000017,0.866025403784429));
#14305=DIRECTION('',(1.,0.,0.));
#14306=DIRECTION('',(0.,-0.500000000000017,0.866025403784429));
#14307=DIRECTION('',(0.,-0.866025403784429,-0.500000000000017));
#14308=DIRECTION('',(0.,-0.500000000000017,0.866025403784429));
#14309=DIRECTION('',(0.,0.866025403784429,0.500000000000017));
#14310=DIRECTION('',(0.,-0.500000000000017,0.866025403784429));
#14311=DIRECTION('',(1.,0.,0.));
#14312=DIRECTION('',(0.,-0.500000000000017,0.866025403784429));
#14313=DIRECTION('',(0.,-0.500000000000017,0.866025403784429));
#14314=DIRECTION('',(-1.,0.,0.));
#14315=DIRECTION('',(0.,-0.500000000000017,0.866025403784429));
#14316=DIRECTION('',(0.,-0.866025403784429,-0.500000000000017));
#14317=DIRECTION('',(7.88860905221012E-31,0.965925826309944,-0.258819045024612));
#14318=DIRECTION('',(-2.74768396624513E-14,-0.258819045024612,-0.965925826309944));
#14319=DIRECTION('',(0.,-0.866025403784429,-0.500000000000017));
#14320=DIRECTION('',(0.,0.500000000000017,-0.866025403784429));
#14321=DIRECTION('',(1.,0.,0.));
#14322=DIRECTION('',(0.,0.,-1.));
#14323=DIRECTION('',(1.,0.,0.));
#14324=DIRECTION('',(0.,-0.866025403784429,-0.500000000000017));
#14325=DIRECTION('',(1.,0.,0.));
#14326=DIRECTION('',(1.,0.,0.));
#14327=DIRECTION('',(0.,0.,-1.));
#14328=DIRECTION('',(1.,0.,0.));
#14329=DIRECTION('',(0.,0.982117112913987,-0.188271018803997));
#14330=DIRECTION('',(0.,-0.866025403784504,-0.499999999999887));
#14331=DIRECTION('',(0.,0.499999999999887,-0.866025403784504));
#14332=DIRECTION('',(0.,-0.866025403784429,-0.500000000000017));
#14333=DIRECTION('',(1.,0.,0.));
#14334=DIRECTION('',(0.,-0.866025403784429,-0.500000000000017));
#14335=DIRECTION('',(0.,0.500000000000017,-0.866025403784429));
#14336=DIRECTION('',(0.,-0.866025403784429,-0.500000000000017));
#14337=DIRECTION('',(0.,-0.500000000000017,0.866025403784429));
#14338=DIRECTION('',(0.,-0.866025403784429,-0.500000000000017));
#14339=DIRECTION('',(1.,0.,0.));
#14340=DIRECTION('',(0.,-0.866025403784429,-0.500000000000017));
#14341=DIRECTION('',(0.,-0.866025403784429,-0.500000000000017));
#14342=DIRECTION('',(-1.,0.,0.));
#14343=DIRECTION('',(0.,-0.86602540405606,-0.499999999529539));
#14344=DIRECTION('',(0.,0.499999999529538,-0.86602540405606));
#14345=DIRECTION('',(-1.,0.,0.));
#14346=DIRECTION('',(0.,0.944673878676923,-0.328011071376408));
#14347=DIRECTION('',(-1.,0.,0.));
#14348=DIRECTION('',(0.,0.,1.));
#14349=DIRECTION('',(-1.,0.,0.));
#14350=DIRECTION('',(0.,-0.500000000000017,0.866025403784429));
#14351=DIRECTION('',(-1.,3.03321017758594E-14,-8.12746217820131E-15));
#14352=DIRECTION('',(-3.03321017758594E-14,-1.,0.));
#14353=DIRECTION('',(3.1402102471E-14,0.965925826268201,-0.2588190451804));
#14354=DIRECTION('',(0.,0.2588190451804,0.965925826268201));
#14355=DIRECTION('',(1.,0.,0.));
#14356=DIRECTION('',(0.,-0.0389791784833896,-0.99924002303989));
#14357=DIRECTION('',(0.,1.,-3.25119813016084E-10));
#14358=DIRECTION('',(0.,3.25119813016084E-10,1.));
#14359=DIRECTION('',(1.,0.,0.));
#14360=DIRECTION('',(0.,0.,-1.));
#14361=DIRECTION('',(0.,-1.,3.25119813016084E-10));
#14362=DIRECTION('',(0.,-3.25119813016084E-10,-1.));
#14363=DIRECTION('',(1.,0.,0.));
#14364=DIRECTION('',(0.,0.0389791784833896,0.99924002303989));
#14365=DIRECTION('',(1.,0.,0.));
#14366=DIRECTION('',(0.,0.,-1.));
#14367=DIRECTION('',(1.,0.,0.));
#14368=DIRECTION('',(0.,0.,-1.));
#14369=DIRECTION('',(1.,0.,0.));
#14370=DIRECTION('',(1.,0.,0.));
#14371=DIRECTION('',(1.,0.,0.));
#14372=DIRECTION('',(0.,0.,-1.));
#14373=DIRECTION('',(1.,0.,0.));
#14374=DIRECTION('',(0.,0.0389791784833896,0.99924002303989));
#14375=DIRECTION('',(0.,1.,-3.18879291028029E-10));
#14376=DIRECTION('',(0.,3.18879291028029E-10,1.));
#14377=DIRECTION('',(0.,-1.,3.18879207761303E-10));
#14378=DIRECTION('',(0.,-3.18879207761303E-10,-1.));
#14379=DIRECTION('',(1.,0.,0.));
#14380=DIRECTION('',(0.,0.,-1.));
#14381=DIRECTION('',(1.,0.,0.));
#14382=DIRECTION('',(0.,0.,-1.));
#14383=DIRECTION('',(1.,0.,0.));
#14384=DIRECTION('',(0.,0.,-1.));
#14385=DIRECTION('',(1.,0.,0.));
#14386=DIRECTION('',(0.,0.,-1.));
#14387=DIRECTION('',(-1.,0.,0.));
#14388=DIRECTION('',(0.,1.,0.));
#14389=DIRECTION('',(1.,0.,0.));
#14390=DIRECTION('',(0.,0.,-1.));
#14391=DIRECTION('',(0.,0.707106781186548,0.707106781186548));
#14392=DIRECTION('',(0.,1.,0.));
#14393=DIRECTION('',(0.,0.707106781186548,-0.707106781186548));
#14394=DIRECTION('',(0.,0.,-1.));
#14395=DIRECTION('',(0.,-0.707106781186548,-0.707106781186548));
#14396=DIRECTION('',(0.,-1.,0.));
#14397=DIRECTION('',(0.,-0.707106781186548,0.707106781186548));
#14398=DIRECTION('',(0.,0.,1.));
#14399=DIRECTION('',(0.,0.380439739460811,-0.924805711833026));
#14400=DIRECTION('',(-1.,0.,0.));
#14401=DIRECTION('',(0.,0.380439739460811,-0.924805711833026));
#14402=DIRECTION('',(0.,0.924805711833026,0.380439739460811));
#14403=DIRECTION('',(0.,0.380439739460811,-0.924805711833026));
#14404=DIRECTION('',(0.,0.924805711833026,0.380439739460811));
#14405=DIRECTION('',(-0.382683432420816,-0.46193976601052,0.800103145306134));
#14406=DIRECTION('',(-0.923879532488204,0.191341716225012,-0.331413574075421));
#14407=DIRECTION('',(0.703948055423503,0.270207880081601,-0.656844606286203));
#14408=DIRECTION('',(-0.682221892583961,0.,-0.731145190286552));
#14409=DIRECTION('',(0.,-0.866025403784429,-0.500000000000017));
#14410=DIRECTION('',(0.,0.500000000000017,-0.866025403784429));
#14411=DIRECTION('',(0.,-0.866025403784429,-0.500000000000017));
#14412=DIRECTION('',(-1.,0.,0.));
#14413=DIRECTION('',(0.,-0.866025403784429,-0.500000000000017));
#14414=DIRECTION('',(-2.77555756156289E-15,0.866025403612268,0.500000000298208));
#14415=DIRECTION('',(0.,-0.500000000298208,0.866025403612268));
#14416=DIRECTION('',(-0.382683432557914,-0.461939766491218,0.80010314496303));
#14417=DIRECTION('',(-0.923879532431416,0.191341716268004,-0.331413574208907));
#14418=DIRECTION('',(0.703948055423485,0.433740175341891,-0.562429191596488));
#14419=DIRECTION('',(-0.624201418293963,0.,-0.781263457099975));
#14420=DIRECTION('',(0.,0.610685370281984,-0.791873334898679));
#14421=DIRECTION('',(0.,0.791873334898679,0.610685370281984));
#14422=DIRECTION('',(0.,0.610685370281984,-0.791873334898679));
#14423=DIRECTION('',(0.,-0.791873334898679,-0.610685370281984));
#14424=DIRECTION('',(0.,0.610685370281984,-0.791873334898679));
#14425=DIRECTION('',(0.,0.791873334898679,0.610685370281984));
#14426=DIRECTION('',(0.,-0.610685370281984,0.791873334898679));
#14427=DIRECTION('',(0.,-0.791873334898679,-0.610685370281984));
#14428=DIRECTION('',(0.,-0.610685370281984,0.791873334898679));
#14429=DIRECTION('',(1.,0.,0.));
#14430=DIRECTION('',(0.703948055423732,0.433740175341724,-0.562429191596309));
#14431=DIRECTION('',(-1.,0.,0.));
#14432=DIRECTION('',(-1.,0.,0.));
#14433=DIRECTION('',(0.,-0.610685370281984,0.791873334898679));
#14434=DIRECTION('',(0.,-0.610685370281984,0.791873334898679));
#14435=DIRECTION('',(1.,0.,0.));
#14436=DIRECTION('',(0.,-0.610685370281984,0.791873334898679));
#14437=DIRECTION('',(0.,-0.791873334898679,-0.610685370281984));
#14438=DIRECTION('',(-0.000714997230383954,0.79247955282234,0.609898062906799));
#14439=DIRECTION('',(0.,-0.609898218803219,0.792479755388528));
#14440=DIRECTION('',(1.,0.,0.));
#14441=DIRECTION('',(0.,0.499191491962708,0.866491693181213));
#14442=DIRECTION('',(-0.000685301836346473,0.131960819436021,0.991254696077233));
#14443=DIRECTION('',(0.,-0.991254928843052,0.13196085042298));
#14444=DIRECTION('',(0.,-0.991125109742745,0.132932376934406));
#14445=DIRECTION('',(1.,0.,0.));
#14446=DIRECTION('',(0.,-0.991125109742745,0.132932376934406));
#14447=DIRECTION('',(0.,0.991125109742731,-0.132932376934513));
#14448=DIRECTION('',(0.,0.132932376934513,0.991125109742731));
#14449=DIRECTION('',(1.,0.,0.));
#14450=DIRECTION('',(0.,0.827748651501937,0.561099073191825));
#14451=DIRECTION('',(1.,0.,0.));
#14452=DIRECTION('',(0.,0.,-1.));
#14453=DIRECTION('',(1.,0.,0.));
#14454=DIRECTION('',(0.,0.791873334898679,0.610685370281984));
#14455=DIRECTION('',(-1.,0.,0.));
#14456=DIRECTION('',(1.,0.,0.));
#14457=DIRECTION('',(0.,0.,-1.));
#14458=DIRECTION('',(1.,0.,0.));
#14459=DIRECTION('',(0.,0.0744004766807882,0.997228443772876));
#14460=DIRECTION('',(0.,0.991125109742729,-0.132932376934531));
#14461=DIRECTION('',(0.,0.132932376934531,0.991125109742729));
#14462=DIRECTION('',(0.,0.991125109742745,-0.132932376934406));
#14463=DIRECTION('',(0.,-0.132932376934406,-0.991125109742745));
#14464=DIRECTION('',(0.,0.991125109742745,-0.132932376934406));
#14465=DIRECTION('',(0.,0.132932376934406,0.991125109742745));
#14466=DIRECTION('',(0.,-0.991125109742745,0.132932376934406));
#14467=DIRECTION('',(0.,-0.132932376934406,-0.991125109742745));
#14468=DIRECTION('',(0.,-0.991125109742745,0.132932376934406));
#14469=DIRECTION('',(-1.,0.,0.));
#14470=DIRECTION('',(-0.703948055423833,0.703948055423107,-0.094415414689711));
#14471=DIRECTION('',(-1.,0.,0.));
#14472=DIRECTION('',(1.,0.,0.));
#14473=DIRECTION('',(0.,0.963312193676515,0.268383340604704));
#14474=DIRECTION('',(-0.703948055423469,0.703948055423469,-0.0944154146897357));
#14475=DIRECTION('',(-1.65700786425305E-14,-0.132932376934389,-0.991125109742748));
#14476=DIRECTION('',(-0.703948055423469,0.703948055423469,-0.0944154146897357));
#14477=DIRECTION('',(-0.707106781186548,-0.707106781186548,0.));
#14478=DIRECTION('',(-0.703948055423469,0.703948055423469,-0.0944154146897357));
#14479=DIRECTION('',(-0.703948055423469,0.703948055423469,-0.0944154146897357));
#14480=DIRECTION('',(-0.707106781186548,-0.707106781186548,0.));
#14481=DIRECTION('',(0.382683432557908,-0.923879532431419,3.18098177749307E-10));
#14482=DIRECTION('',(-0.923879532431419,-0.382683432557908,-1.26888198449902E-11));
#14483=DIRECTION('',(-1.88457414629693E-10,2.66245369437368E-10,1.));
#14484=DIRECTION('',(0.,-1.,2.66245369437368E-10));
#14485=DIRECTION('',(0.,0.,1.));
#14486=DIRECTION('',(-1.,0.,0.));
#14487=DIRECTION('',(0.,0.,1.));
#14488=DIRECTION('',(5.83044661401093E-16,3.44308209376694E-10,-1.));
#14489=DIRECTION('',(0.,1.,3.44308209376694E-10));
#14490=DIRECTION('',(-0.382683432557908,0.923879532431419,3.18099084369706E-10));
#14491=DIRECTION('',(-0.923879532431419,-0.382683432557908,1.26884443105403E-11));
#14492=DIRECTION('',(0.703948055423469,-0.703948055423469,-0.0944154146897357));
#14493=DIRECTION('',(0.707106781186548,0.707106781186548,0.));
#14494=DIRECTION('',(0.,-0.991125109742745,-0.132932376934406));
#14495=DIRECTION('',(0.,0.132932376934406,-0.991125109742745));
#14496=DIRECTION('',(0.,-0.991125109742745,-0.132932376934406));
#14497=DIRECTION('',(0.,-0.132932376934406,0.991125109742745));
#14498=DIRECTION('',(0.,-0.991125109742745,-0.132932376934406));
#14499=DIRECTION('',(0.,0.132932376934406,-0.991125109742745));
#14500=DIRECTION('',(0.,0.991125109742745,0.132932376934406));
#14501=DIRECTION('',(0.,-0.132932376934406,0.991125109742745));
#14502=DIRECTION('',(0.,0.991125109742745,0.132932376934406));
#14503=DIRECTION('',(1.,0.,0.));
#14504=DIRECTION('',(0.703948055423833,-0.703948055423107,-0.094415414689711));
#14505=DIRECTION('',(-1.,0.,0.));
#14506=DIRECTION('',(-1.,0.,0.));
#14507=DIRECTION('',(0.,0.991125109742745,0.132932376934406));
#14508=DIRECTION('',(0.,0.991125109742745,0.132932376934406));
#14509=DIRECTION('',(1.,0.,0.));
#14510=DIRECTION('',(0.,0.991125109742745,0.132932376934406));
#14511=DIRECTION('',(0.,-0.132932376934406,0.991125109742745));
#14512=DIRECTION('',(0.000714997318147874,-0.131947439800892,0.991256456175104));
#14513=DIRECTION('',(0.,-0.991256709550841,-0.131947473528066));
#14514=DIRECTION('',(1.,0.,0.));
#14515=DIRECTION('',(0.,0.499191491962708,0.866491693181213));
#14516=DIRECTION('',(0.000685301837354406,-0.792471338705926,0.609908769973862));
#14517=DIRECTION('',(0.,-0.609908913192266,-0.79247152479356));
#14518=DIRECTION('',(0.,0.610685370281984,0.791873334898679));
#14519=DIRECTION('',(1.,0.,0.));
#14520=DIRECTION('',(0.,0.610685370281984,0.791873334898679));
#14521=DIRECTION('',(0.,-0.610685370282032,-0.791873334898642));
#14522=DIRECTION('',(0.,0.791873334898642,-0.610685370282032));
#14523=DIRECTION('',(1.,0.,0.));
#14524=DIRECTION('',(0.,0.0720517256730402,-0.997400896744903));
#14525=DIRECTION('',(1.,0.,0.));
#14526=DIRECTION('',(0.,0.,-1.));
#14527=DIRECTION('',(1.,0.,0.));
#14528=DIRECTION('',(0.,0.132932376934406,-0.991125109742745));
#14529=DIRECTION('',(-1.,0.,0.));
#14530=DIRECTION('',(1.,0.,0.));
#14531=DIRECTION('',(0.,0.,-1.));
#14532=DIRECTION('',(1.,0.,0.));
#14533=DIRECTION('',(0.,0.826424927343313,-0.563046924745709));
#14534=DIRECTION('',(0.,-0.610685370281937,-0.791873334898716));
#14535=DIRECTION('',(0.,0.791873334898716,-0.610685370281937));
#14536=DIRECTION('',(0.,-0.610685370281984,-0.791873334898679));
#14537=DIRECTION('',(0.,-0.791873334898679,0.610685370281984));
#14538=DIRECTION('',(0.,-0.610685370281984,-0.791873334898679));
#14539=DIRECTION('',(0.,0.791873334898679,-0.610685370281984));
#14540=DIRECTION('',(0.,0.610685370281984,0.791873334898679));
#14541=DIRECTION('',(0.,-0.791873334898679,0.610685370281984));
#14542=DIRECTION('',(0.,0.610685370281984,0.791873334898679));
#14543=DIRECTION('',(-1.,0.,0.));
#14544=DIRECTION('',(-0.703948055423732,-0.433740175341723,-0.562429191596309));
#14545=DIRECTION('',(-1.,0.,0.));
#14546=DIRECTION('',(1.,0.,0.));
#14547=DIRECTION('',(0.,-0.249229305922104,-0.968444501801516));
#14548=DIRECTION('',(-0.703948055423485,-0.433740175341891,-0.562429191596488));
#14549=DIRECTION('',(1.60427227058335E-14,-0.791873334898669,0.610685370281997));
#14550=DIRECTION('',(-0.703948055423485,-0.433740175341891,-0.562429191596488));
#14551=DIRECTION('',(-0.624201418293963,0.,0.781263457099975));
#14552=DIRECTION('',(-0.703948055423485,-0.433740175341891,-0.562429191596488));
#14553=DIRECTION('',(-0.703948055423485,-0.433740175341891,-0.562429191596488));
#14554=DIRECTION('',(-0.624201418293963,0.,0.781263457099975));
#14555=DIRECTION('',(0.382683432557914,0.461939766491218,0.80010314496303));
#14556=DIRECTION('',(-0.923879532431416,0.191341716268004,0.331413574208907));
#14557=DIRECTION('',(-1.8845111582344E-10,0.866025403651297,-0.500000000230608));
#14558=DIRECTION('',(0.,0.500000000230608,0.866025403651297));
#14559=DIRECTION('',(0.,0.866025403784429,-0.500000000000017));
#14560=DIRECTION('',(-1.,0.,0.));
#14561=DIRECTION('',(0.,0.866025403784429,-0.500000000000017));
#14562=DIRECTION('',(0.,0.866025403784429,-0.500000000000017));
#14563=DIRECTION('',(0.,0.500000000000017,0.866025403784429));
#14564=DIRECTION('',(0.382683432420816,0.46193976601052,0.800103145306134));
#14565=DIRECTION('',(-0.923879532488204,0.191341716225012,0.331413574075421));
#14566=DIRECTION('',(-0.703948055423503,-0.270207880081601,-0.656844606286203));
#14567=DIRECTION('',(-0.682221892583961,0.,0.731145190286552));
#14568=DIRECTION('',(0.,-0.380439739460811,-0.924805711833026));
#14569=DIRECTION('',(0.,0.924805711833026,-0.380439739460811));
#14570=DIRECTION('',(0.,-0.380439739460811,-0.924805711833026));
#14571=DIRECTION('',(-1.,0.,0.));
#14572=DIRECTION('',(0.,-0.380439739460811,-0.924805711833026));
#14573=DIRECTION('',(0.,-0.3804397394607,-0.924805711833072));
#14574=DIRECTION('',(0.,0.924805711833072,-0.3804397394607));
#14575=DIRECTION('',(-1.,0.,0.));
#14576=DIRECTION('',(0.,-0.888271584682568,0.459318616915883));
#14577=DIRECTION('',(-1.,0.,0.));
#14578=DIRECTION('',(0.,0.,1.));
#14579=DIRECTION('',(-1.,0.,0.));
#14580=DIRECTION('',(0.,-0.924805711833026,-0.380439739460811));
#14581=DIRECTION('',(-1.,0.,0.));
#14582=DIRECTION('',(0.,0.924805711833026,-0.380439739460811));
#14583=DIRECTION('',(0.,-0.380439739460811,-0.924805711833026));
#14584=DIRECTION('',(-0.703948055423503,-0.270207880081601,-0.656844606286203));
#14585=DIRECTION('',(-1.,0.,0.));
#14586=DIRECTION('',(-1.,0.,0.));
#14587=DIRECTION('',(-1.,0.,0.));
#14588=DIRECTION('',(0.,-0.714082887754445,-0.700061161196844));
#14589=DIRECTION('',(-1.,0.,0.));
#14590=DIRECTION('',(0.,0.500000000000017,0.866025403784429));
#14591=DIRECTION('',(-1.,0.,0.));
#14592=DIRECTION('',(0.,0.,1.));
#14593=DIRECTION('',(-1.,0.,0.));
#14594=DIRECTION('',(0.,0.500000000000017,0.866025403784429));
#14595=DIRECTION('',(0.,0.866025403784429,-0.500000000000017));
#14596=DIRECTION('',(0.,0.866025403784429,-0.500000000000017));
#14597=DIRECTION('',(-1.,0.,0.));
#14598=DIRECTION('',(-1.,0.,0.));
#14599=DIRECTION('',(0.,-0.791873334898679,0.610685370281984));
#14600=DIRECTION('',(-1.,0.,0.));
#14601=DIRECTION('',(0.,0.,1.));
#14602=DIRECTION('',(0.923879532552715,0.191341716280403,0.331413573863606));
#14603=DIRECTION('',(-0.382683432265074,0.461939766198379,0.800103145272164));
#14604=DIRECTION('',(-1.84801868252649E-10,0.866025403784431,-0.500000000000014));
#14605=DIRECTION('',(0.,0.500000000000014,0.866025403784431));
#14606=DIRECTION('',(0.,-0.866025403784429,0.500000000000017));
#14607=DIRECTION('',(0.,0.500000000000017,0.866025403784429));
#14608=DIRECTION('',(0.,-0.866025403784429,0.500000000000017));
#14609=DIRECTION('',(0.,-0.866025403784429,0.500000000000017));
#14610=DIRECTION('',(0.,-0.500000000000017,-0.866025403784429));
#14611=DIRECTION('',(0.923879532578475,0.191341716003795,0.331413573951492));
#14612=DIRECTION('',(-0.382683432202882,0.461939766346185,0.800103145216574));
#14613=DIRECTION('',(-0.703948055423503,-0.270207880081601,-0.656844606286203));
#14614=DIRECTION('',(-0.682221892583961,0.,0.731145190286552));
#14615=DIRECTION('',(-0.703948055423503,-0.270207880081601,-0.656844606286203));
#14616=DIRECTION('',(-0.707106781186515,0.353553390593308,0.612372435695813));
#14617=DIRECTION('',(-0.70394805542354,-0.270207880082108,-0.656844606285954));
#14618=DIRECTION('',(-0.707106781186515,0.353553390593308,0.612372435695813));
#14619=DIRECTION('',(0.70710678118658,0.353553390593275,0.612372435695756));
#14620=DIRECTION('',(-1.,0.,0.));
#14621=DIRECTION('',(0.,0.963312193676515,-0.268383340604704));
#14622=DIRECTION('',(1.,0.,0.));
#14623=DIRECTION('',(0.,-0.132932376934406,0.991125109742745));
#14624=DIRECTION('',(1.,0.,0.));
#14625=DIRECTION('',(0.,0.,-1.));
#14626=DIRECTION('',(1.,0.,0.));
#14627=DIRECTION('',(0.,-1.,0.));
#14628=DIRECTION('',(0.,0.,1.));
#14629=DIRECTION('',(0.,0.,1.));
#14630=DIRECTION('',(-1.,0.,0.));
#14631=DIRECTION('',(-1.,0.,0.));
#14632=DIRECTION('',(0.,-0.132932376934406,-0.991125109742745));
#14633=DIRECTION('',(-1.,0.,0.));
#14634=DIRECTION('',(0.,0.,1.));
#14635=DIRECTION('',(0.923879532552739,-0.382683432265016,1.70729538405907E-10));
#14636=DIRECTION('',(-0.382683432265016,-0.923879532552739,-9.00770068159738E-11));
#14637=DIRECTION('',(-1.84796822467182E-10,-1.21132054567815E-15,1.));
#14638=DIRECTION('',(1.,0.,1.84796822467182E-10));
#14639=DIRECTION('',(0.,0.,-1.));
#14640=DIRECTION('',(0.,-1.,0.));
#14641=DIRECTION('',(0.,0.,-1.));
#14642=DIRECTION('',(-1.30670801251766E-10,1.30670563222095E-10,-1.));
#14643=DIRECTION('',(-1.,0.,1.30670801251766E-10));
#14644=DIRECTION('',(-0.923879532552739,0.382683432265016,1.70729538408608E-10));
#14645=DIRECTION('',(-0.382683432265016,-0.923879532552739,9.00777578836839E-11));
#14646=DIRECTION('',(0.703948055423469,-0.703948055423469,-0.0944154146897357));
#14647=DIRECTION('',(0.707106781186548,0.707106781186548,0.));
#14648=DIRECTION('',(0.703948055423469,-0.703948055423469,-0.0944154146897357));
#14649=DIRECTION('',(-1.65700786425305E-14,-0.132932376934389,0.991125109742748));
#14650=DIRECTION('',(0.703948055423469,-0.703948055423469,-0.0944154146897357));
#14651=DIRECTION('',(-0.707106781186548,-0.707106781186548,0.));
#14652=DIRECTION('',(0.707106781186548,-0.707106781186548,0.));
#14653=DIRECTION('',(-1.,0.,0.));
#14654=DIRECTION('',(0.,-0.249229305922104,0.968444501801516));
#14655=DIRECTION('',(1.,0.,0.));
#14656=DIRECTION('',(0.,-0.791873334898679,-0.610685370281984));
#14657=DIRECTION('',(1.,0.,0.));
#14658=DIRECTION('',(0.,0.,-1.));
#14659=DIRECTION('',(1.,0.,0.));
#14660=DIRECTION('',(0.,0.500000000000017,-0.866025403784429));
#14661=DIRECTION('',(0.,-0.866025403784429,-0.500000000000017));
#14662=DIRECTION('',(0.,-0.866025403784429,-0.500000000000017));
#14663=DIRECTION('',(-1.,0.,0.));
#14664=DIRECTION('',(1.,0.,0.));
#14665=DIRECTION('',(0.,0.500000000000017,-0.866025403784429));
#14666=DIRECTION('',(1.,0.,0.));
#14667=DIRECTION('',(0.,0.,-1.));
#14668=DIRECTION('',(-0.923879532578475,-0.191341716003795,0.331413573951492));
#14669=DIRECTION('',(-0.382683432202882,0.461939766346185,-0.800103145216574));
#14670=DIRECTION('',(0.703948055423503,0.270207880081601,-0.656844606286203));
#14671=DIRECTION('',(-0.682221892583961,0.,-0.731145190286552));
#14672=DIRECTION('',(0.,0.866025403784429,0.500000000000017));
#14673=DIRECTION('',(0.,-0.500000000000017,0.866025403784429));
#14674=DIRECTION('',(0.,0.866025403784429,0.500000000000017));
#14675=DIRECTION('',(0.,0.500000000000017,-0.866025403784429));
#14676=DIRECTION('',(-1.30672500597839E-10,0.866025403719091,0.500000000113186));
#14677=DIRECTION('',(0.,-0.500000000113186,0.866025403719091));
#14678=DIRECTION('',(0.,0.866025403784429,0.500000000000017));
#14679=DIRECTION('',(-0.707106781186515,0.353553390593308,-0.612372435695813));
#14680=DIRECTION('',(0.70710678118658,0.353553390593275,-0.612372435695756));
#14681=DIRECTION('',(0.703948055423485,0.433740175341891,-0.562429191596488));
#14682=DIRECTION('',(0.703948055423483,0.270207880081349,-0.656844606286327));
#14683=DIRECTION('',(0.703948055423503,0.270207880081601,-0.656844606286203));
#14684=DIRECTION('',(-0.707106781186515,0.353553390593308,-0.612372435695813));
#14685=DIRECTION('',(0.703948055423485,0.433740175341891,-0.562429191596488));
#14686=DIRECTION('',(1.60427227058335E-14,-0.791873334898669,-0.610685370281997));
#14687=DIRECTION('',(0.703948055423485,0.433740175341891,-0.562429191596488));
#14688=DIRECTION('',(-0.624201418293963,0.,-0.781263457099975));
#14689=DIRECTION('',(-0.923879532552715,-0.191341716280403,0.331413573863606));
#14690=DIRECTION('',(-0.382683432265074,0.461939766198379,-0.800103145272164));
#14691=DIRECTION('',(1.,0.,0.));
#14692=DIRECTION('',(0.,0.977279680823788,-0.211953828578198));
#14693=DIRECTION('',(0.,0.380439739460117,-0.924805711833312));
#14694=DIRECTION('',(0.,0.924805711833312,0.380439739460117));
#14695=DIRECTION('',(1.,0.,0.));
#14696=DIRECTION('',(0.,0.,-1.));
#14697=DIRECTION('',(0.,0.738595417248591,0.674148952101373));
#14698=DIRECTION('',(0.,-0.674148952101373,0.738595417248591));
#14699=DIRECTION('',(-1.,0.,0.));
#14700=DIRECTION('',(0.,0.686783739296231,-0.726861813165533));
#14701=DIRECTION('',(-1.,0.,0.));
#14702=DIRECTION('',(0.,0.,1.));
#14703=DIRECTION('',(0.,0.953127827077063,0.302567918410655));
#14704=DIRECTION('',(0.,-0.302567918410655,0.953127827077063));
#14705=DIRECTION('',(1.,0.,0.));
#14706=DIRECTION('',(0.,0.292136295237913,0.956376696184441));
#14707=DIRECTION('',(1.,0.,0.));
#14708=DIRECTION('',(0.,0.,-1.));
#14709=DIRECTION('',(0.,0.610685370281984,-0.791873334898679));
#14710=DIRECTION('',(0.,0.791873334898679,0.610685370281984));
#14711=DIRECTION('',(0.,0.610685370281984,-0.791873334898679));
#14712=DIRECTION('',(-1.,0.,0.));
#14713=DIRECTION('',(0.,0.610685370281984,-0.791873334898679));
#14714=DIRECTION('',(0.,-0.610685370530132,0.79187333470731));
#14715=DIRECTION('',(0.,-0.79187333470731,-0.610685370530132));
#14716=DIRECTION('',(1.,0.,0.));
#14717=DIRECTION('',(0.,-0.998591572494332,-0.0530553611173917));
#14718=DIRECTION('',(1.,0.,0.));
#14719=DIRECTION('',(0.,0.,-1.));
#14720=DIRECTION('',(0.,0.866025403784429,0.500000000000017));
#14721=DIRECTION('',(0.,-0.500000000000017,0.866025403784429));
#14722=DIRECTION('',(0.,0.866025403784429,0.500000000000017));
#14723=DIRECTION('',(-1.,0.,0.));
#14724=DIRECTION('',(0.,0.866025403784429,0.500000000000017));
#14725=DIRECTION('',(0.,-0.866025403628492,-0.500000000270108));
#14726=DIRECTION('',(0.,0.500000000270107,-0.866025403628492));
#14727=DIRECTION('',(1.,0.,0.));
#14728=DIRECTION('',(0.,-0.0801606507083881,-0.996781957139077));
#14729=DIRECTION('',(1.,0.,0.));
#14730=DIRECTION('',(0.,0.,-1.));
#14731=DIRECTION('',(0.,-0.380439739460811,0.924805711833026));
#14732=DIRECTION('',(0.,-0.924805711833026,-0.380439739460811));
#14733=DIRECTION('',(0.,-0.380439739460811,0.924805711833026));
#14734=DIRECTION('',(-1.,0.,0.));
#14735=DIRECTION('',(0.,-0.380439739460811,0.924805711833026));
#14736=DIRECTION('',(0.,0.924805711833026,0.380439739460811));
#14737=DIRECTION('',(0.,0.380439739460811,-0.924805711833026));
#14738=DIRECTION('',(-1.,0.,0.));
#14739=DIRECTION('',(0.,0.380439739460811,-0.924805711833026));
#14740=DIRECTION('',(1.,0.,0.));
#14741=DIRECTION('',(1.,0.,0.));
#14742=DIRECTION('',(0.,0.924805711833041,0.380439739460775));
#14743=DIRECTION('',(1.,0.,0.));
#14744=DIRECTION('',(0.,0.,-1.));
#14745=DIRECTION('',(-1.,0.,0.));
#14746=DIRECTION('',(-1.,0.,0.));
#14747=DIRECTION('',(0.,1.,0.));
#14748=DIRECTION('',(-1.,0.,0.));
#14749=DIRECTION('',(0.,0.,1.));
#14750=DIRECTION('',(1.,0.,0.));
#14751=DIRECTION('',(1.,0.,0.));
#14752=DIRECTION('',(0.,-0.302567918405409,0.953127827078728));
#14753=DIRECTION('',(1.,0.,0.));
#14754=DIRECTION('',(0.,0.,-1.));
#14755=DIRECTION('',(-1.,0.,0.));
#14756=DIRECTION('',(0.,-0.791873334898679,-0.610685370281984));
#14757=DIRECTION('',(0.,-0.610685370281984,0.791873334898679));
#14758=DIRECTION('',(0.,-0.610685370281984,0.791873334898679));
#14759=DIRECTION('',(1.,0.,0.));
#14760=DIRECTION('',(1.,0.,0.));
#14761=DIRECTION('',(0.,-0.791873334898679,-0.610685370281984));
#14762=DIRECTION('',(1.,0.,0.));
#14763=DIRECTION('',(0.,0.,-1.));
#14764=DIRECTION('',(-1.,0.,0.));
#14765=DIRECTION('',(0.,0.500000000000017,-0.866025403784429));
#14766=DIRECTION('',(0.,-0.866025403784429,-0.500000000000017));
#14767=DIRECTION('',(0.,-0.866025403784429,-0.500000000000017));
#14768=DIRECTION('',(1.,0.,0.));
#14769=DIRECTION('',(1.,0.,0.));
#14770=DIRECTION('',(0.,0.500000000000017,-0.866025403784429));
#14771=DIRECTION('',(1.,0.,0.));
#14772=DIRECTION('',(0.,0.,-1.));
#14773=DIRECTION('',(1.57772181044203E-30,-0.32258848349449,-0.946539312610271));
#14774=DIRECTION('',(2.76587815072192E-14,0.946539312610271,-0.32258848349449));
#14775=DIRECTION('',(0.,0.866025403784429,0.500000000000017));
#14776=DIRECTION('',(0.,-0.500000000000017,0.866025403784429));
#14777=DIRECTION('',(0.,-0.380439739460811,0.924805711833026));
#14778=DIRECTION('',(0.,-0.924805711833026,-0.380439739460811));
#14779=DIRECTION('',(0.,-0.380439739460811,0.924805711833026));
#14780=DIRECTION('',(1.,0.,0.));
#14781=DIRECTION('',(0.,-0.380439739460811,0.924805711833026));
#14782=DIRECTION('',(0.,-0.924805711833026,-0.380439739460811));
#14783=DIRECTION('',(0.,-0.380439739460811,0.924805711833026));
#14784=DIRECTION('',(-1.,0.,0.));
#14785=DIRECTION('',(0.,1.,0.));
#14786=DIRECTION('',(0.,0.866025403784429,0.500000000000017));
#14787=DIRECTION('',(0.,0.610685370281984,-0.791873334898679));
#14788=DIRECTION('',(-1.,0.,0.));
#14789=DIRECTION('',(0.,0.,1.));
#14790=DIRECTION('',(-1.,0.,0.));
#14791=DIRECTION('',(0.,1.,0.));
#14792=DIRECTION('',(0.,0.380439739460811,0.924805711833026));
#14793=DIRECTION('',(-1.,0.,0.));
#14794=DIRECTION('',(0.,0.,1.));
#14795=DIRECTION('',(0.,-0.610685370281984,-0.791873334898679));
#14796=DIRECTION('',(0.,-0.866025403784429,0.500000000000017));
#14797=DIRECTION('',(-1.,0.,0.));
#14798=DIRECTION('',(0.,1.,0.));
#14799=DIRECTION('',(-1.,0.,0.));
#14800=DIRECTION('',(0.,0.,1.));
#14801=DIRECTION('',(0.,0.991125109742745,-0.132932376934406));
#14802=DIRECTION('',(0.,0.,-1.));
#14803=DIRECTION('',(0.,-0.991125109742745,-0.132932376934406));
#14804=DIRECTION('',(-1.,0.,0.));
#14805=DIRECTION('',(0.,0.686783739296231,-0.726861813165533));
#14806=DIRECTION('',(0.,0.953127827078699,0.302567918405502));
#14807=DIRECTION('',(0.,-0.302567918405502,0.953127827078699));
#14808=DIRECTION('',(0.,0.738595417248565,0.674148952101402));
#14809=DIRECTION('',(0.,-0.674148952101402,0.738595417248565));
#14810=DIRECTION('',(1.57772181044203E-30,0.975819619004945,-0.21857738026851));
#14811=DIRECTION('',(3.75159606826817E-14,0.21857738026851,0.975819619004945));
#14812=DIRECTION('',(3.15544362088404E-30,0.298616227520287,0.954373275328659));
#14813=DIRECTION('',(3.69108307641984E-14,-0.954373275328659,0.298616227520287));
#14814=DIRECTION('',(0.,0.610685370281984,-0.791873334898679));
#14815=DIRECTION('',(0.,0.791873334898679,0.610685370281984));
#14816=DIRECTION('',(0.,0.610685370281984,-0.791873334898679));
#14817=DIRECTION('',(1.,0.,0.));
#14818=DIRECTION('',(0.,0.610685370281984,-0.791873334898679));
#14819=DIRECTION('',(0.,0.791873334898679,0.610685370281984));
#14820=DIRECTION('',(0.,-0.981021333969263,0.193899825418093));
#14821=DIRECTION('',(2.8119789605169E-14,-0.193899825418093,-0.981021333969263));
#14822=DIRECTION('',(0.,0.866025403784429,0.500000000000017));
#14823=DIRECTION('',(0.,-0.500000000000017,0.866025403784429));
#14824=DIRECTION('',(0.,0.866025403784429,0.500000000000017));
#14825=DIRECTION('',(1.,0.,0.));
#14826=DIRECTION('',(0.,-0.866025403784429,0.500000000000017));
#14827=DIRECTION('',(1.,0.,0.));
#14828=DIRECTION('',(0.,-0.866025403784429,0.500000000000017));
#14829=DIRECTION('',(0.,-0.500000000000017,-0.866025403784429));
#14830=DIRECTION('',(0.,0.866025403784429,-0.500000000000017));
#14831=DIRECTION('',(0.,-0.866025403784429,0.500000000000017));
#14832=DIRECTION('',(0.,-0.500000000000017,-0.866025403784429));
#14833=DIRECTION('',(1.57772181044203E-30,0.322588492383208,-0.946539309580922));
#14834=DIRECTION('',(2.85807602444406E-14,0.946539309580922,0.322588492383208));
#14835=DIRECTION('',(0.,0.380439739460811,0.924805711833026));
#14836=DIRECTION('',(0.,-0.924805711833026,0.380439739460811));
#14837=DIRECTION('',(1.,0.,0.));
#14838=DIRECTION('',(0.,0.,-1.));
#14839=DIRECTION('',(1.,0.,0.));
#14840=DIRECTION('',(0.,0.924805711833026,-0.380439739460811));
#14841=DIRECTION('',(1.,0.,0.));
#14842=DIRECTION('',(-1.,0.,0.));
#14843=DIRECTION('',(1.,0.,0.));
#14844=DIRECTION('',(0.,0.,-1.));
#14845=DIRECTION('',(1.,0.,0.));
#14846=DIRECTION('',(0.,0.545243076781816,-0.838277989226425));
#14847=DIRECTION('',(0.,-0.380439739460933,-0.924805711832976));
#14848=DIRECTION('',(0.,0.924805711832976,-0.380439739460933));
#14849=DIRECTION('',(0.,-0.866025403784429,0.500000000000017));
#14850=DIRECTION('',(0.,-0.500000000000017,-0.866025403784429));
#14851=DIRECTION('',(0.,-0.866025403784429,0.500000000000017));
#14852=DIRECTION('',(-1.,0.,0.));
#14853=DIRECTION('',(0.,-0.866025403784429,0.500000000000017));
#14854=DIRECTION('',(0.,0.866025403940442,-0.499999999729794));
#14855=DIRECTION('',(0.,0.499999999729794,0.866025403940442));
#14856=DIRECTION('',(1.,0.,0.));
#14857=DIRECTION('',(0.,0.903318822270598,0.428969818672199));
#14858=DIRECTION('',(1.,0.,0.));
#14859=DIRECTION('',(0.,0.,-1.));
#14860=DIRECTION('',(0.,-0.610685370281984,-0.791873334898679));
#14861=DIRECTION('',(0.,0.791873334898679,-0.610685370281984));
#14862=DIRECTION('',(0.,-0.610685370281984,-0.791873334898679));
#14863=DIRECTION('',(-1.,0.,0.));
#14864=DIRECTION('',(0.,-0.610685370281984,-0.791873334898679));
#14865=DIRECTION('',(0.,0.610685370282367,0.791873334898384));
#14866=DIRECTION('',(0.,-0.791873334898384,0.610685370282367));
#14867=DIRECTION('',(1.,0.,0.));
#14868=DIRECTION('',(0.,-0.305082440433814,0.952325944484843));
#14869=DIRECTION('',(1.,0.,0.));
#14870=DIRECTION('',(0.,0.,-1.));
#14871=DIRECTION('',(0.,-0.953127827078761,0.302567918405306));
#14872=DIRECTION('',(0.,-0.302567918405306,-0.953127827078761));
#14873=DIRECTION('',(-1.,0.,0.));
#14874=DIRECTION('',(0.,0.286088925593997,0.958203071719389));
#14875=DIRECTION('',(-1.,0.,0.));
#14876=DIRECTION('',(0.,0.,1.));
#14877=DIRECTION('',(0.,-0.738595417248113,0.674148952101897));
#14878=DIRECTION('',(0.,-0.674148952101897,-0.738595417248113));
#14879=DIRECTION('',(1.,0.,0.));
#14880=DIRECTION('',(0.,-0.974314662102118,-0.225190895048704));
#14881=DIRECTION('',(1.,0.,0.));
#14882=DIRECTION('',(0.,0.,-1.));
#14883=DIRECTION('',(0.,0.380439739460811,0.924805711833026));
#14884=DIRECTION('',(0.,-0.924805711833026,0.380439739460811));
#14885=DIRECTION('',(0.,0.380439739460811,0.924805711833026));
#14886=DIRECTION('',(-1.,0.,0.));
#14887=DIRECTION('',(0.,0.380439739460811,0.924805711833026));
#14888=DIRECTION('',(0.,0.924805711833026,-0.380439739460811));
#14889=DIRECTION('',(0.,-0.380439739460811,-0.924805711833026));
#14890=DIRECTION('',(-1.,0.,0.));
#14891=DIRECTION('',(0.,-0.380439739460811,-0.924805711833026));
#14892=DIRECTION('',(0.,0.380439739460811,0.924805711833026));
#14893=DIRECTION('',(1.,0.,0.));
#14894=DIRECTION('',(0.,0.380439739460811,0.924805711833026));
#14895=DIRECTION('',(0.,-0.924805711833026,0.380439739460811));
#14896=DIRECTION('',(0.,-0.975819614887719,-0.218577398649504));
#14897=DIRECTION('',(3.75159606826808E-14,0.218577398649504,-0.975819614887719));
#14898=DIRECTION('',(0.,-0.738595417248549,0.67414895210142));
#14899=DIRECTION('',(0.,-0.67414895210142,-0.738595417248549));
#14900=DIRECTION('',(1.,0.,0.));
#14901=DIRECTION('',(0.,0.,-1.));
#14902=DIRECTION('',(1.,0.,0.));
#14903=DIRECTION('',(0.,-0.674148952101384,-0.738595417248582));
#14904=DIRECTION('',(1.,0.,0.));
#14905=DIRECTION('',(-1.,0.,0.));
#14906=DIRECTION('',(0.,1.,0.));
#14907=DIRECTION('',(-1.,0.,0.));
#14908=DIRECTION('',(-1.,0.,0.));
#14909=DIRECTION('',(0.,0.,1.));
#14910=DIRECTION('',(-1.,0.,0.));
#14911=DIRECTION('',(0.,0.286088925593997,0.958203071719389));
#14912=DIRECTION('',(0.,-0.953127827078714,0.302567918405455));
#14913=DIRECTION('',(0.,-0.302567918405455,-0.953127827078714));
#14914=DIRECTION('',(1.57772181044203E-30,-0.298616245497296,0.954373269703788));
#14915=DIRECTION('',(3.81210680821995E-14,-0.954373269703788,-0.298616245497296));
#14916=DIRECTION('',(0.,-0.610685370281984,-0.791873334898679));
#14917=DIRECTION('',(0.,0.791873334898679,-0.610685370281984));
#14918=DIRECTION('',(1.,0.,0.));
#14919=DIRECTION('',(0.,0.,-1.));
#14920=DIRECTION('',(1.,0.,0.));
#14921=DIRECTION('',(0.,-0.791873334898679,0.610685370281984));
#14922=DIRECTION('',(1.,0.,0.));
#14923=DIRECTION('',(0.,-0.791873334898679,0.610685370281984));
#14924=DIRECTION('',(0.,0.610685370281984,0.791873334898679));
#14925=DIRECTION('',(-1.,0.,0.));
#14926=DIRECTION('',(0.,0.610685370281984,0.791873334898679));
#14927=DIRECTION('',(0.,-0.610685370281984,-0.791873334898679));
#14928=DIRECTION('',(1.,0.,0.));
#14929=DIRECTION('',(0.,-0.610685370281984,-0.791873334898679));
#14930=DIRECTION('',(0.,0.791873334898679,-0.610685370281984));
#14931=DIRECTION('',(7.88860905221012E-31,0.981021332148402,0.1938998346306));
#14932=DIRECTION('',(2.85807789737801E-14,-0.1938998346306,0.981021332148402));
#14933=DIRECTION('',(1.,0.,0.));
#14934=DIRECTION('',(0.,0.,-1.));
#14935=DIRECTION('',(1.,0.,0.));
#14936=DIRECTION('',(0.,0.500000000000017,0.866025403784429));
#14937=DIRECTION('',(1.,0.,0.));
#14938=DIRECTION('',(0.,0.500000000000017,0.866025403784429));
#14939=DIRECTION('',(0.,0.866025403784429,-0.500000000000017));
#14940=DIRECTION('',(0.,-0.991125109742745,-0.132932376934406));
#14941=DIRECTION('',(1.,0.,0.));
#14942=DIRECTION('',(0.,-0.991125109742745,-0.132932376934406));
#14943=DIRECTION('',(0.,0.132932376934406,-0.991125109742745));
#14944=DIRECTION('',(0.,0.991125109742745,0.132932376934406));
#14945=DIRECTION('',(0.,-0.991125109742745,-0.132932376934406));
#14946=DIRECTION('',(0.,0.132932376934406,-0.991125109742745));
#14947=DIRECTION('',(0.,0.677203387367402,-0.735795876679202));
#14948=DIRECTION('',(3.69108758021201E-14,0.735795876679202,0.677203387367402));
#14949=DIRECTION('',(0.,-0.214532409830171,-0.97671687050673));
#14950=DIRECTION('',(0.,0.97671687050673,-0.214532409830171));
#14951=DIRECTION('',(1.,0.,0.));
#14952=DIRECTION('',(0.,0.,-1.));
#14953=DIRECTION('',(1.,0.,0.));
#14954=DIRECTION('',(0.,0.976716870506722,-0.214532409830205));
#14955=DIRECTION('',(1.,0.,0.));
#14956=DIRECTION('',(-1.,0.,0.));
#14957=DIRECTION('',(1.,0.,0.));
#14958=DIRECTION('',(0.,0.,-1.));
#14959=DIRECTION('',(1.,0.,0.));
#14960=DIRECTION('',(0.,0.682178366864163,-0.73118580113576));
#14961=DIRECTION('',(0.,-0.214532409830002,-0.976716870506767));
#14962=DIRECTION('',(0.,0.976716870506767,-0.214532409830002));
#14963=DIRECTION('',(0.,-0.991125109742745,-0.132932376934406));
#14964=DIRECTION('',(0.,0.132932376934406,-0.991125109742745));
#14965=DIRECTION('',(0.,-0.991125109742745,-0.132932376934406));
#14966=DIRECTION('',(-1.,0.,0.));
#14967=DIRECTION('',(0.,-0.991125109742745,-0.132932376934406));
#14968=DIRECTION('',(0.,0.991125109701204,0.132932377244131));
#14969=DIRECTION('',(0.,-0.132932377244131,0.991125109701204));
#14970=DIRECTION('',(1.,0.,0.));
#14971=DIRECTION('',(0.,0.453348495712604,0.891333350343809));
#14972=DIRECTION('',(1.,0.,0.));
#14973=DIRECTION('',(0.,0.,-1.));
#14974=DIRECTION('',(0.,0.,-1.));
#14975=DIRECTION('',(-1.,0.,0.));
#14976=DIRECTION('',(0.,0.,-1.));
#14977=DIRECTION('',(-1.,0.,0.));
#14978=DIRECTION('',(0.,0.,-1.));
#14979=DIRECTION('',(0.,-3.12751158304536E-10,1.));
#14980=DIRECTION('',(0.,-1.,-3.12751158304536E-10));
#14981=DIRECTION('',(1.,0.,0.));
#14982=DIRECTION('',(0.,-0.823158171562209,0.567812138466906));
#14983=DIRECTION('',(1.,0.,0.));
#14984=DIRECTION('',(0.,0.,-1.));
#14985=DIRECTION('',(0.,0.991125109742745,-0.132932376934406));
#14986=DIRECTION('',(0.,0.132932376934406,0.991125109742745));
#14987=DIRECTION('',(0.,0.991125109742745,-0.132932376934406));
#14988=DIRECTION('',(-1.,0.,0.));
#14989=DIRECTION('',(0.,0.991125109742745,-0.132932376934406));
#14990=DIRECTION('',(0.,-0.991125109743321,0.132932376930111));
#14991=DIRECTION('',(0.,-0.132932376930111,-0.991125109743321));
#14992=DIRECTION('',(1.,0.,0.));
#14993=DIRECTION('',(0.,-0.672197240390018,-0.74037211590662));
#14994=DIRECTION('',(1.,0.,0.));
#14995=DIRECTION('',(0.,0.,-1.));
#14996=DIRECTION('',(0.,0.214532409830182,-0.976716870506727));
#14997=DIRECTION('',(0.,0.976716870506727,0.214532409830182));
#14998=DIRECTION('',(-1.,0.,0.));
#14999=DIRECTION('',(0.,-0.972872664890273,-0.231341258553893));
#15000=DIRECTION('',(-1.,0.,0.));
#15001=DIRECTION('',(0.,0.,1.));
#15002=DIRECTION('',(-1.,0.,0.));
#15003=DIRECTION('',(0.,1.,0.));
#15004=DIRECTION('',(-1.,0.,0.));
#15005=DIRECTION('',(-1.,0.,0.));
#15006=DIRECTION('',(0.,0.,1.));
#15007=DIRECTION('',(-1.,0.,0.));
#15008=DIRECTION('',(0.,-0.972872664890273,-0.231341258553893));
#15009=DIRECTION('',(0.,0.214532409830172,-0.976716870506729));
#15010=DIRECTION('',(0.,0.976716870506729,0.214532409830172));
#15011=DIRECTION('',(0.,-0.677203373507614,-0.735795889435316));
#15012=DIRECTION('',(3.75159606826808E-14,0.735795889435316,-0.677203373507614));
#15013=DIRECTION('',(0.,0.991125109742745,-0.132932376934406));
#15014=DIRECTION('',(0.,0.132932376934406,0.991125109742745));
#15015=DIRECTION('',(1.,0.,0.));
#15016=DIRECTION('',(0.,0.,-1.));
#15017=DIRECTION('',(1.,0.,0.));
#15018=DIRECTION('',(0.,-0.132932376934406,-0.991125109742745));
#15019=DIRECTION('',(1.,0.,0.));
#15020=DIRECTION('',(0.,-0.132932376934406,-0.991125109742745));
#15021=DIRECTION('',(0.,-0.991125109742745,0.132932376934406));
#15022=DIRECTION('',(-1.,0.,0.));
#15023=DIRECTION('',(0.,-0.991125109742745,0.132932376934406));
#15024=DIRECTION('',(0.,0.991125109742745,-0.132932376934406));
#15025=DIRECTION('',(1.,0.,0.));
#15026=DIRECTION('',(0.,0.991125109742745,-0.132932376934406));
#15027=DIRECTION('',(0.,0.132932376934406,0.991125109742745));
#15028=DIRECTION('',(0.,-0.658432848653935,0.75263947797964));
#15029=DIRECTION('',(2.76587815072215E-14,-0.75263947797964,-0.658432848653935));
#15030=DIRECTION('',(0.,0.,-1.));
#15031=DIRECTION('',(-1.,0.,0.));
#15032=DIRECTION('',(1.,0.,0.));
#15033=DIRECTION('',(0.,0.,-1.));
#15034=DIRECTION('',(1.,0.,0.));
#15035=DIRECTION('',(0.,-1.,0.));
#15036=DIRECTION('',(1.,0.,0.));
#15037=DIRECTION('',(0.,-1.,0.));
#15038=DIRECTION('',(0.,0.,1.));
#15039=DIRECTION('',(-1.,0.,0.));
#15040=DIRECTION('',(0.,0.,1.));
#15041=DIRECTION('',(0.,0.,-1.));
#15042=DIRECTION('',(1.,0.,0.));
#15043=DIRECTION('',(0.,0.,-1.));
#15044=DIRECTION('',(-1.,0.,0.));
#15045=DIRECTION('',(-3.15544362088405E-30,0.658432841586046,0.752639484162853));
#15046=DIRECTION('',(2.9041749613062E-14,-0.752639484162853,0.658432841586046));
#15047=DIRECTION('',(1.,0.,0.));
#15048=DIRECTION('',(0.,0.,-1.));
#15049=DIRECTION('',(1.,0.,0.));
#15050=DIRECTION('',(0.,-0.132932376934406,0.991125109742745));
#15051=DIRECTION('',(1.,0.,0.));
#15052=DIRECTION('',(0.,-0.132932376934406,0.991125109742745));
#15053=DIRECTION('',(0.,0.991125109742745,0.132932376934406));
#15054=DIRECTION('',(1.,0.,0.));
#15055=DIRECTION('',(0.,-0.0389791784833896,-0.99924002303989));
#15056=DIRECTION('',(1.,0.,0.));
#15057=DIRECTION('',(0.,0.,-1.));
#15058=DIRECTION('',(1.,0.,0.));
#15059=DIRECTION('',(0.,0.,-1.));
#15060=DIRECTION('',(1.,0.,0.));
#15061=DIRECTION('',(0.,0.,-1.));
#15062=DIRECTION('',(0.,0.707106781186548,-0.707106781186548));
#15063=DIRECTION('',(0.,0.707106781186548,0.707106781186548));
#15064=DIRECTION('',(1.,0.,0.));
#15065=DIRECTION('',(1.,0.,0.));
#15066=DIRECTION('',(0.,0.,-1.));
#15067=DIRECTION('',(-1.,0.,0.));
#15068=DIRECTION('',(1.,0.,0.));
#15069=DIRECTION('',(0.,-0.707106781186548,-0.707106781186548));
#15070=DIRECTION('',(0.,0.707106781186548,-0.707106781186548));
#15071=DIRECTION('',(1.,0.,0.));
#15072=DIRECTION('',(0.,-1.,0.));
#15073=DIRECTION('',(0.,0.,-1.));
#15074=DIRECTION('',(1.,0.,0.));
#15075=DIRECTION('',(0.,-0.707106781186548,0.707106781186548));
#15076=DIRECTION('',(0.,-0.707106781186548,-0.707106781186548));
#15077=DIRECTION('',(1.,0.,0.));
#15078=DIRECTION('',(0.,0.,1.));
#15079=DIRECTION('',(1.,0.,0.));
#15080=DIRECTION('',(1.,0.,0.));
#15081=DIRECTION('',(0.,0.707106781186548,0.707106781186548));
#15082=DIRECTION('',(0.,-0.707106781186548,0.707106781186548));
#15083=DIRECTION('',(1.,0.,0.));
#15084=DIRECTION('',(0.,1.,0.));
#15085=DIRECTION('',(0.,0.,1.));
#15086=CARTESIAN_POINT('',(0.,0.,0.));
#15087=CARTESIAN_POINT('',(-0.0111506,0.,0.));
#15088=CARTESIAN_POINT('',(-0.0111506,-0.00912267175394947,0.00249242152728485));
#15089=CARTESIAN_POINT('',(-0.0111506,-0.00912267175395157,0.00249242152728463));
#15090=CARTESIAN_POINT('',(-0.0111506,-0.0154345296475606,0.00164585809706331));
#15091=CARTESIAN_POINT('',(-0.0111506,-0.015367,0.00114236654133728));
#15092=CARTESIAN_POINT('',(-0.0111506,-0.015875,0.00114236654133728));
#15093=CARTESIAN_POINT('',(-0.0111506,-0.015875,0.));
#15094=CARTESIAN_POINT('',(-0.0111506,-0.0158749999999746,-0.00114236654141672));
#15095=CARTESIAN_POINT('',(-0.0111506,-0.015367,-0.00114236654133728));
#15096=CARTESIAN_POINT('',(-0.0111506,-0.0154345296474828,-0.00164585809708661));
#15097=CARTESIAN_POINT('',(-0.0111506,-0.0154345296474829,-0.00164585809708664));
#15098=CARTESIAN_POINT('',(-0.0111506,-0.00912267175395056,-0.00249242152728481));
#15099=CARTESIAN_POINT('',(-0.0111506,-0.009055142106469,-0.00198892997153545));
#15100=CARTESIAN_POINT('',(-0.0111506,-0.00855896993625095,-0.0018799475073418));
#15101=CARTESIAN_POINT('',(-0.0111506,0.,0.));
#15102=CARTESIAN_POINT('',(-0.0111506,-0.00855896993625127,0.00187994750734175));
#15103=CARTESIAN_POINT('',(-0.0111506,-0.009055142106469,0.00198892997153545));
#15104=CARTESIAN_POINT('',(-0.0111506,0.0089268184452326,0.0131769700144095));
#15105=CARTESIAN_POINT('',(-0.0111506,0.00892681844522987,0.0131769700144104));
#15106=CARTESIAN_POINT('',(-0.0111506,0.00694818155468988,0.0143193365557775));
#15107=CARTESIAN_POINT('',(-0.0111506,0.00669418155476734,0.0138793956506249));
#15108=CARTESIAN_POINT('',(-0.0111506,0.00629190990063982,0.0141896238187275));
#15109=CARTESIAN_POINT('',(-0.0111506,0.00629190990063985,0.0141896238187277));
#15110=CARTESIAN_POINT('',(-0.0111506,0.00240283551740832,0.00914667625294962));
#15111=CARTESIAN_POINT('',(-0.0111506,0.0028051071715372,0.00883644808484598));
#15112=CARTESIAN_POINT('',(-0.0111506,0.00265140266898652,0.00835225914869081));
#15113=CARTESIAN_POINT('',(-0.0111506,0.,0.));
#15114=CARTESIAN_POINT('',(-0.0111506,0.00590756726726428,0.006472311641349));
#15115=CARTESIAN_POINT('',(-0.0111506,0.0062500349349318,0.00684751811331078));
#15116=CARTESIAN_POINT('',(-0.0111506,0.00671983623654308,0.00665425472566509));
#15117=CARTESIAN_POINT('',(-0.0111506,0.00671983623654362,0.00665425472566525));
#15118=CARTESIAN_POINT('',(-0.0111506,0.00914261974684347,0.0125437657216409));
#15119=CARTESIAN_POINT('',(-0.0111506,0.00867281844523266,0.0127370291092868));
#15120=CARTESIAN_POINT('',(-0.0111506,0.,0.));
#15121=CARTESIAN_POINT('',(-0.0111506,0.0059075672672644,-0.00647231164134906));
#15122=CARTESIAN_POINT('',(-0.0111506,0.00265140266898586,-0.00835225914869028));
#15123=CARTESIAN_POINT('',(-0.0111506,0.0028051071715372,-0.00883644808484598));
#15124=CARTESIAN_POINT('',(-0.0111506,0.00240283551740847,-0.00914667625295091));
#15125=CARTESIAN_POINT('',(-0.0111506,0.00240283551740823,-0.00914667625295019));
#15126=CARTESIAN_POINT('',(-0.0111506,0.00629190990069834,-0.0141896238187839));
#15127=CARTESIAN_POINT('',(-0.0111506,0.00669418155476734,-0.0138793956506249));
#15128=CARTESIAN_POINT('',(-0.0111506,0.00694818155476978,-0.0143193365557461));
#15129=CARTESIAN_POINT('',(-0.0111506,0.00694818155476728,-0.0143193365557475));
#15130=CARTESIAN_POINT('',(-0.0111506,0.00892681844528447,-0.013176970014335));
#15131=CARTESIAN_POINT('',(-0.0111506,0.00867281844523266,-0.0127370291092868));
#15132=CARTESIAN_POINT('',(-0.0111506,0.00914261974684349,-0.0125437657216408));
#15133=CARTESIAN_POINT('',(-0.0111506,0.00914261974684303,-0.0125437657216408));
#15134=CARTESIAN_POINT('',(-0.0111506,0.00671983623654324,-0.00665425472566482));
#15135=CARTESIAN_POINT('',(-0.0111506,0.0062500349349318,-0.00684751811331078));
#15136=CARTESIAN_POINT('',(-0.0111506,0.0114800022752099,-0.0148874344304767));
#15137=CARTESIAN_POINT('',(-0.0111506,0.0114800022752106,-0.0148874344304762));
#15138=CARTESIAN_POINT('',(-0.0111506,0.00715289527646149,-0.0173856908213138));
#15139=CARTESIAN_POINT('',(-0.0111506,-0.00149296269622236,-0.00617464055048744));
#15140=CARTESIAN_POINT('',(-0.0111506,-0.00140166604608538,-0.00629302456014688));
#15141=CARTESIAN_POINT('',(-0.0111506,-0.00542438258740566,-0.00939530624107714));
#15142=CARTESIAN_POINT('',(-0.0111506,-0.0047490861125786,-0.00436039068358434));
#15143=CARTESIAN_POINT('',(-0.0111506,-0.0187680906503654,-0.00248012392700341));
#15144=CARTESIAN_POINT('',(-0.0111506,-0.0186328975512882,-0.00249825638847913));
#15145=CARTESIAN_POINT('',(-0.0111506,-0.0186328975509401,0.));
#15146=CARTESIAN_POINT('',(-0.0111506,-0.0186328975515104,0.00249825639067233));
#15147=CARTESIAN_POINT('',(-0.0111506,-0.00460091422784721,0.00438026389707347));
#15148=CARTESIAN_POINT('',(-0.0111506,-0.00474908611268421,0.00436039068360441));
#15149=CARTESIAN_POINT('',(-0.0111506,-0.00542438258740566,0.00939530624107714));
#15150=CARTESIAN_POINT('',(-0.0111506,-0.00140166604612016,0.00629302456004469));
#15151=CARTESIAN_POINT('',(-0.0111506,0.00831140946081608,0.0188879316400171));
#15152=CARTESIAN_POINT('',(-0.0111506,0.00715289527805592,0.0173856908197684));
#15153=CARTESIAN_POINT('',(-0.0111506,0.00715289527597408,0.0173856908205681));
#15154=CARTESIAN_POINT('',(-0.0111506,0.0114800022751033,0.0148874344302166));
#15155=CARTESIAN_POINT('',(-0.0111506,0.011480002274994,0.0148874344299509));
#15156=CARTESIAN_POINT('',(-0.0111506,0.00615075215869873,0.00193263387646101));
#15157=CARTESIAN_POINT('',(-0.0111506,0.0108487651748113,0.));
#15158=CARTESIAN_POINT('',(-0.0111506,0.00615075215869836,-0.00193263387645953));
#15159=CARTESIAN_POINT('',(-0.0111506,0.00615075215869736,-0.0019326338764562));
#15160=CARTESIAN_POINT('',(-0.0111506,0.,0.0037465));
#15161=CARTESIAN_POINT('',(-0.0111506,0.00155185111143078,0.0037465));
#15162=CARTESIAN_POINT('',(-0.0111506,-0.00155185111143077,0.0037465));
#15163=CARTESIAN_POINT('',(-0.0111506,-0.0026491755557154,0.0026491755557154));
#15164=CARTESIAN_POINT('',(-0.0111506,-0.0037465,0.00155185111143078));
#15165=CARTESIAN_POINT('',(-0.0111506,-0.0037465,0.));
#15166=CARTESIAN_POINT('',(-0.0111506,-0.0037465,-0.00155185111143077));
#15167=CARTESIAN_POINT('',(-0.0111506,-0.0026491755557154,-0.0026491755557154));
#15168=CARTESIAN_POINT('',(-0.0111506,-0.00155185111143078,-0.0037465));
#15169=CARTESIAN_POINT('',(-0.0111506,0.,-0.0037465));
#15170=CARTESIAN_POINT('',(-0.0111506,0.00155185111143077,-0.0037465));
#15171=CARTESIAN_POINT('',(-0.0111506,0.0026491755557154,-0.0026491755557154));
#15172=CARTESIAN_POINT('',(-0.0111506,0.0037465,-0.00155185111143078));
#15173=CARTESIAN_POINT('',(-0.0111506,0.0037465,0.));
#15174=CARTESIAN_POINT('',(-0.0111506,0.0037465,0.00155185111143077));
#15175=CARTESIAN_POINT('',(-0.0111506,0.0026491755557154,0.0026491755557154));
#15176=CARTESIAN_POINT('',(0.,0.,0.));
#15177=CARTESIAN_POINT('',(0.,0.0133625452038884,0.00169688695997697));
#15178=CARTESIAN_POINT('',(0.,0.0133625452038883,0.00169688695997735));
#15179=CARTESIAN_POINT('',(0.,0.0133762576859039,0.00182724202982099));
#15180=CARTESIAN_POINT('',(0.,0.0133121552495148,0.00159325745416223));
#15181=CARTESIAN_POINT('',(0.,0.0133121552495145,0.00159325745416027));
#15182=CARTESIAN_POINT('',(0.,0.0132250877329035,0.00151635349923436));
#15183=CARTESIAN_POINT('',(0.,0.0132250877329041,0.00151635349923531));
#15184=CARTESIAN_POINT('',(0.,0.0131013429389381,0.00146617440241902));
#15185=CARTESIAN_POINT('',(0.,0.0131013429389375,0.00146617440241857));
#15186=CARTESIAN_POINT('',(0.,0.0126200760950323,0.00139581379748442));
#15187=CARTESIAN_POINT('',(0.,0.0126200760950323,0.00139581379748443));
#15188=CARTESIAN_POINT('',(0.,0.0124871452628808,0.00140846724183916));
#15189=CARTESIAN_POINT('',(0.,0.0124871452628811,0.00140846724183922));
#15190=CARTESIAN_POINT('',(0.,0.012381705970026,0.00145722694428069));
#15191=CARTESIAN_POINT('',(0.,0.0123817059700258,0.00145722694428071));
#15192=CARTESIAN_POINT('',(0.,0.012303758088871,0.00154209362057977));
#15193=CARTESIAN_POINT('',(0.,0.0123037580888691,0.00154209362058092));
#15194=CARTESIAN_POINT('',(0.,0.012253301664356,0.00166306727730685));
#15195=CARTESIAN_POINT('',(0.,0.0122533016643559,0.00166306727730709));
#15196=CARTESIAN_POINT('',(0.,0.0122165578269828,0.00191439528482));
#15197=CARTESIAN_POINT('',(0.,0.0122165578269835,0.00191439528481829));
#15198=CARTESIAN_POINT('',(0.,0.012230270308999,0.00204475035466231));
#15199=CARTESIAN_POINT('',(0.,0.0122302703089986,0.00204475035466449));
#15200=CARTESIAN_POINT('',(0.,0.0122806602858414,0.00214837986376229));
#15201=CARTESIAN_POINT('',(0.,0.012280660285841,0.00214837986376001));
#15202=CARTESIAN_POINT('',(0.,0.0123677277125749,0.00222528380554947));
#15203=CARTESIAN_POINT('',(0.,0.0123677277125751,0.00222528380554992));
#15204=CARTESIAN_POINT('',(0.,0.0124914725065377,0.00227546290236482));
#15205=CARTESIAN_POINT('',(0.,0.0124914725065376,0.00227546290236479));
#15206=CARTESIAN_POINT('',(0.,0.012972739350446,0.00234582350729941));
#15207=CARTESIAN_POINT('',(0.,0.012972739350446,0.0023458235072994));
#15208=CARTESIAN_POINT('',(0.,0.0131056701825976,0.00233317006294467));
#15209=CARTESIAN_POINT('',(0.,0.0131056701825962,0.00233317006294443));
#15210=CARTESIAN_POINT('',(0.,0.0132111095653328,0.00228441037364382));
#15211=CARTESIAN_POINT('',(0.,0.0132111095653347,0.00228441037364357));
#15212=CARTESIAN_POINT('',(0.,0.0132890574240189,0.00219954369405951));
#15213=CARTESIAN_POINT('',(0.,0.0132890574240174,0.00219954369406045));
#15214=CARTESIAN_POINT('',(0.,0.0133395138485313,0.00207857003733243));
#15215=CARTESIAN_POINT('',(0.,0.0133395138485315,0.0020785700373322));
#15216=CARTESIAN_POINT('',(0.,0.0133762576859046,0.00182724202981928));
#15217=CARTESIAN_POINT('',(0.,0.,0.));
#15218=CARTESIAN_POINT('',(0.,-0.00314121267138226,0.0130984664221054));
#15219=CARTESIAN_POINT('',(0.,-0.00314121267138616,0.0130984664221043));
#15220=CARTESIAN_POINT('',(0.,-0.00327228562796324,0.0130979093720689));
#15221=CARTESIAN_POINT('',(0.,-0.00303271427676404,0.0130596550791441));
#15222=CARTESIAN_POINT('',(0.,-0.00303271427676424,0.0130596550791441));
#15223=CARTESIAN_POINT('',(0.,-0.00294679042126132,0.0129814752552729));
#15224=CARTESIAN_POINT('',(0.,-0.00294679042126158,0.012981475255273));
#15225=CARTESIAN_POINT('',(0.,-0.00288344097472704,0.0128639271720129));
#15226=CARTESIAN_POINT('',(0.,-0.00288344097472593,0.0128639271720116));
#15227=CARTESIAN_POINT('',(0.,-0.0027611163095826,0.0123931776992923));
#15228=CARTESIAN_POINT('',(0.,-0.00276111630958206,0.0123931776992912));
#15229=CARTESIAN_POINT('',(0.,-0.00275922594079794,0.0122596594205432));
#15230=CARTESIAN_POINT('',(0.,-0.00275922594079825,0.0122596594205443));
#15231=CARTESIAN_POINT('',(0.,-0.0027962199119686,0.0121495393849925));
#15232=CARTESIAN_POINT('',(0.,-0.00279621991196866,0.01214953938499));
#15233=CARTESIAN_POINT('',(0.,-0.00287209839321616,0.0120628175249669));
#15234=CARTESIAN_POINT('',(0.,-0.00287209839321607,0.0120628175249671));
#15235=CARTESIAN_POINT('',(0.,-0.00298686139596554,0.0119994938844288));
#15236=CARTESIAN_POINT('',(0.,-0.00298686139596327,0.0119994938844308));
#15237=CARTESIAN_POINT('',(0.,-0.00323269717945936,0.0119356132395462));
#15238=CARTESIAN_POINT('',(0.,-0.00323269717945943,0.0119356132395462));
#15239=CARTESIAN_POINT('',(0.,-0.00336377013603784,0.0119350561895097));
#15240=CARTESIAN_POINT('',(0.,-0.0033637701360397,0.0119350561895091));
#15241=CARTESIAN_POINT('',(0.,-0.00347226853636852,0.0119738675544471));
#15242=CARTESIAN_POINT('',(0.,-0.00347226853636825,0.0119738675544471));
#15243=CARTESIAN_POINT('',(0.,-0.00355819236902648,0.0120520472904013));
#15244=CARTESIAN_POINT('',(0.,-0.00355819236902622,0.0120520472904011));
#15245=CARTESIAN_POINT('',(0.,-0.00362154181556076,0.0121695953736613));
#15246=CARTESIAN_POINT('',(0.,-0.00362154181556093,0.0121695953736615));
#15247=CARTESIAN_POINT('',(0.,-0.0037438664807052,0.0126403448463845));
#15248=CARTESIAN_POINT('',(0.,-0.00374386648070574,0.0126403448463855));
#15249=CARTESIAN_POINT('',(0.,-0.00374575684948986,0.0127738631251335));
#15250=CARTESIAN_POINT('',(0.,-0.00374575684948908,0.0127738631251309));
#15251=CARTESIAN_POINT('',(0.,-0.00370876290116396,0.0128839832486012));
#15252=CARTESIAN_POINT('',(0.,-0.00370876290116398,0.0128839832486007));
#15253=CARTESIAN_POINT('',(0.,-0.00363288441420394,0.0129707050866456));
#15254=CARTESIAN_POINT('',(0.,-0.00363288441420404,0.0129707050866454));
#15255=CARTESIAN_POINT('',(0.,-0.00351812141145456,0.0130340287271838));
#15256=CARTESIAN_POINT('',(0.,-0.00351812141145174,0.0130340287271863));
#15257=CARTESIAN_POINT('',(0.,-0.00327228562796328,0.0130979093720689));
#15258=CARTESIAN_POINT('',(0.,0.,0.));
#15259=CARTESIAN_POINT('',(0.,0.0108487651748113,0.));
#15260=CARTESIAN_POINT('',(0.,0.00873466030227402,0.00086968483932323));
#15261=CARTESIAN_POINT('',(0.,0.00873465931756013,-0.000869685244407597));
#15262=CARTESIAN_POINT('',(-8.9272122680284E-15,0.0163181330274659,0.0193042412212287));
#15263=CARTESIAN_POINT('',(-7.8788729074591E-15,0.0138277927178561,0.0132505072782349));
#15264=CARTESIAN_POINT('',(1.0842021724855E-19,0.,0.));
#15265=CARTESIAN_POINT('',(-5.78380686172059E-17,0.0138277909576155,-0.0132505084898825));
#15266=CARTESIAN_POINT('',(0.,0.00867550833489986,-0.000725895937061458));
#15267=CARTESIAN_POINT('',(0.,0.0167007677455224,-0.00778769589680464));
#15268=CARTESIAN_POINT('',(0.,0.0167007677455216,-0.007787695896805));
#15269=CARTESIAN_POINT('',(0.,0.0131021383675654,-0.00810253517160728));
#15270=CARTESIAN_POINT('',(0.,0.0151127729796159,-0.00704720177635312));
#15271=CARTESIAN_POINT('',(0.,0.0151127729796147,-0.0070472017763526));
#15272=CARTESIAN_POINT('',(0.,0.,0.));
#15273=CARTESIAN_POINT('',(0.,0.0151127729796154,0.00704720177635262));
#15274=CARTESIAN_POINT('',(0.,0.0128107512005419,0.00597375139153098));
#15275=CARTESIAN_POINT('',(0.,0.0128107512005418,0.00597375139153087));
#15276=CARTESIAN_POINT('',(0.,0.,0.));
#15277=CARTESIAN_POINT('',(0.,0.0128107512005414,-0.00597375139153188));
#15278=CARTESIAN_POINT('',(0.,0.0110301648685009,-0.00514345034889534));
#15279=CARTESIAN_POINT('',(0.,0.0110301648685,-0.00514345034889445));
#15280=CARTESIAN_POINT('',(0.,0.0131021383675657,-0.00810253517160794));
#15281=CARTESIAN_POINT('',(0.,0.0123541961903669,-0.00214334608843413));
#15282=CARTESIAN_POINT('',(0.,0.0123541961903664,-0.00214334608843398));
#15283=CARTESIAN_POINT('',(0.,0.0125193654065154,-0.00214689042852998));
#15284=CARTESIAN_POINT('',(0.,0.0122139381521282,-0.00217773475450959));
#15285=CARTESIAN_POINT('',(0.,0.0122139381521307,-0.00217773475450965));
#15286=CARTESIAN_POINT('',(0.,0.0120601424187068,-0.00227416351341394));
#15287=CARTESIAN_POINT('',(0.,0.0120601424187069,-0.00227416351341392));
#15288=CARTESIAN_POINT('',(0.,0.0119697068138938,-0.00238441811579228));
#15289=CARTESIAN_POINT('',(0.,0.0119697068138927,-0.00238441811579318));
#15290=CARTESIAN_POINT('',(0.,0.0119041824437719,-0.00253260559727017));
#15291=CARTESIAN_POINT('',(0.,0.0119041824437701,-0.00253260559727274));
#15292=CARTESIAN_POINT('',(0.,0.0118771070118472,-0.00265668586683354));
#15293=CARTESIAN_POINT('',(0.,0.0118771070118489,-0.00265668586682954));
#15294=CARTESIAN_POINT('',(0.,0.0118749427876361,-0.00281869912582898));
#15295=CARTESIAN_POINT('',(0.,0.0118749427876356,-0.00281869912583125));
#15296=CARTESIAN_POINT('',(0.,0.0119112274995522,-0.0029566051957059));
#15297=CARTESIAN_POINT('',(0.,0.0119112274995522,-0.00295660519570646));
#15298=CARTESIAN_POINT('',(0.,0.0120108723642855,-0.00310833699811672));
#15299=CARTESIAN_POINT('',(0.,0.0120108723642856,-0.00310833699811706));
#15300=CARTESIAN_POINT('',(0.,0.0121240549578919,-0.0031980286598481));
#15301=CARTESIAN_POINT('',(0.,0.012124054957891,-0.00319802865984696));
#15302=CARTESIAN_POINT('',(0.,0.0122756864611027,-0.00326361312085824));
#15303=CARTESIAN_POINT('',(0.,0.0122756864611049,-0.00326361312085968));
#15304=CARTESIAN_POINT('',(0.,0.0132577688448766,-0.00347791233876644));
#15305=CARTESIAN_POINT('',(0.,0.0132577688448752,-0.00347791233876613));
#15306=CARTESIAN_POINT('',(0.,0.0132983820024437,-0.00329179189004542));
#15307=CARTESIAN_POINT('',(0.,0.013298382002444,-0.00329179189004397));
#15308=CARTESIAN_POINT('',(0.,0.0123162996186723,-0.00307749267213722));
#15309=CARTESIAN_POINT('',(0.,0.0123162996186719,-0.00307749267213722));
#15310=CARTESIAN_POINT('',(0.,0.0121963481862465,-0.00301882109650626));
#15311=CARTESIAN_POINT('',(0.,0.0121963481862466,-0.00301882109650629));
#15312=CARTESIAN_POINT('',(0.,0.0121148456892442,-0.00293604230835576));
#15313=CARTESIAN_POINT('',(0.,0.0121148456892463,-0.00293604230835689));
#15314=CARTESIAN_POINT('',(0.,0.0120717921006398,-0.00282915632503392));
#15315=CARTESIAN_POINT('',(0.,0.0120717921006381,-0.00282915632503168));
#15316=CARTESIAN_POINT('',(0.,0.0120671874696433,-0.00269816313403632));
#15317=CARTESIAN_POINT('',(0.,0.0120671874696437,-0.00269816313403779));
#15318=CARTESIAN_POINT('',(0.,0.0120942629015681,-0.00257408286447066));
#15319=CARTESIAN_POINT('',(0.,0.0120942629015681,-0.00257408286447119));
#15320=CARTESIAN_POINT('',(0.,0.0121530184157764,-0.00245691542759188));
#15321=CARTESIAN_POINT('',(0.,0.0121530184157766,-0.00245691542759091));
#15322=CARTESIAN_POINT('',(0.,0.0122366851619503,-0.00237768096219245));
#15323=CARTESIAN_POINT('',(0.,0.0122366851619498,-0.00237768096219327));
#15324=CARTESIAN_POINT('',(0.,0.012345263105401,-0.00233637941421557));
#15325=CARTESIAN_POINT('',(0.,0.0123452631054012,-0.00233637941421543));
#15326=CARTESIAN_POINT('',(0.,0.0124787522489455,-0.00233301087725136));
#15327=CARTESIAN_POINT('',(0.,0.012478752248945,-0.00233301087725147));
#15328=CARTESIAN_POINT('',(0.,0.0134608346327194,-0.0025473100951588));
#15329=CARTESIAN_POINT('',(0.,0.0134608346327177,-0.00254731009515845));
#15330=CARTESIAN_POINT('',(0.,0.0135014477902864,-0.00236118964643677));
#15331=CARTESIAN_POINT('',(0.,0.0135014477902864,-0.00236118964643653));
#15332=CARTESIAN_POINT('',(0.,0.012519365406515,-0.00214689042852983));
#15333=CARTESIAN_POINT('',(0.,0.0120556184452859,-0.00178463088629065));
#15334=CARTESIAN_POINT('',(0.,0.0120556184452859,-0.00178463088629059));
#15335=CARTESIAN_POINT('',(0.,0.0120736579054573,-0.00159498702726107));
#15336=CARTESIAN_POINT('',(0.,0.0135727700409563,-0.00192894663647697));
#15337=CARTESIAN_POINT('',(0.,0.0135727700409564,-0.00192894663647698));
#15338=CARTESIAN_POINT('',(0.,0.0135998292355145,-0.00164448080271813));
#15339=CARTESIAN_POINT('',(0.,0.0135998292355145,-0.00164448080271794));
#15340=CARTESIAN_POINT('',(0.,0.0123838008427628,-0.00073147570422245));
#15341=CARTESIAN_POINT('',(0.,0.0123838008427628,-0.000731475704222512));
#15342=CARTESIAN_POINT('',(0.,0.0136749936944715,-0.000854297619686586));
#15343=CARTESIAN_POINT('',(0.,0.0136749936944706,-0.000854297619686501));
#15344=CARTESIAN_POINT('',(0.,0.0136930331632439,-0.00066465367022772));
#15345=CARTESIAN_POINT('',(0.,0.0136930331632439,-0.000664653670227528));
#15346=CARTESIAN_POINT('',(0.,0.0121758815675735,-0.000520337920041154));
#15347=CARTESIAN_POINT('',(0.,0.0121758815675748,-0.000520337920041283));
#15348=CARTESIAN_POINT('',(0.,0.0121488223644149,-0.00080480384422958));
#15349=CARTESIAN_POINT('',(0.,0.0121488223644148,-0.000804803844229739));
#15350=CARTESIAN_POINT('',(0.,0.0133971305971102,-0.00172087949238577));
#15351=CARTESIAN_POINT('',(0.,0.0133971305971103,-0.00172087949238594));
#15352=CARTESIAN_POINT('',(0.,0.0120736579054578,-0.00159498702726112));
#15353=CARTESIAN_POINT('',(0.,0.0136996913003111,-3.62758492040874E-5));
#15354=CARTESIAN_POINT('',(0.,0.0136996913003111,-3.62758492041121E-5));
#15355=CARTESIAN_POINT('',(0.,0.0137044849984235,-0.000226715707628193));
#15356=CARTESIAN_POINT('',(0.,0.0123706654701995,-6.97297105221898E-5));
#15357=CARTESIAN_POINT('',(0.,0.0123706654701991,-6.97297105221992E-5));
#15358=CARTESIAN_POINT('',(0.,0.0123466970024951,0.00088246867351099));
#15359=CARTESIAN_POINT('',(0.,0.0123466970024951,0.000882468673511014));
#15360=CARTESIAN_POINT('',(0.,0.0121522054181542,0.00087757298650279));
#15361=CARTESIAN_POINT('',(0.,0.0121522054181535,0.000877572986502772));
#15362=CARTESIAN_POINT('',(0.,0.0121809675839699,-0.000265065255954534));
#15363=CARTESIAN_POINT('',(0.,0.0121809675839699,-0.000265065255954523));
#15364=CARTESIAN_POINT('',(0.,0.013704484998425,-0.000226715707628155));
#15365=CARTESIAN_POINT('',(0.,0.0135320205681171,0.00210671427667808));
#15366=CARTESIAN_POINT('',(0.,0.0135320205681171,0.00210671427667934));
#15367=CARTESIAN_POINT('',(0.,0.0135687644054902,0.00185538626916458));
#15368=CARTESIAN_POINT('',(0.,0.0134769711770731,0.00225910384446222));
#15369=CARTESIAN_POINT('',(0.,0.013476971177073,0.00225910384446275));
#15370=CARTESIAN_POINT('',(0.,0.0133944303518579,0.00237538643510384));
#15371=CARTESIAN_POINT('',(0.,0.0133944303518579,0.00237538643510385));
#15372=CARTESIAN_POINT('',(0.,0.0132477205675513,0.00248228797215784));
#15373=CARTESIAN_POINT('',(0.,0.0132477205675516,0.00248228797215756));
#15374=CARTESIAN_POINT('',(0.,0.013110196821431,0.00252635696804177));
#15375=CARTESIAN_POINT('',(0.,0.013110196821431,0.00252635696804176));
#15376=CARTESIAN_POINT('',(0.,0.0129451814461335,0.0025343196926982));
#15377=CARTESIAN_POINT('',(0.,0.0129451814461337,0.00253431969269815));
#15378=CARTESIAN_POINT('',(0.,0.0124639146022276,0.00246395908776387));
#15379=CARTESIAN_POINT('',(0.,0.0124639146022279,0.00246395908776386));
#15380=CARTESIAN_POINT('',(0.,0.0123080853549993,0.00240908928439066));
#15381=CARTESIAN_POINT('',(0.,0.0123080853549969,0.0024090892843904));
#15382=CARTESIAN_POINT('',(0.,0.0121889334525314,0.00232749463276088));
#15383=CARTESIAN_POINT('',(0.,0.0121889334525337,0.00232749463276171));
#15384=CARTESIAN_POINT('',(0.,0.0120789675994892,0.00218306744160315));
#15385=CARTESIAN_POINT('',(0.,0.0120789675994878,0.00218306744160211));
#15386=CARTESIAN_POINT('',(0.,0.0120331706032195,0.00204802202349945));
#15387=CARTESIAN_POINT('',(0.,0.0120331706032187,0.00204802202349827));
#15388=CARTESIAN_POINT('',(0.,0.0120240510849257,0.00188625104218938));
#15389=CARTESIAN_POINT('',(0.,0.0120240510849257,0.00188625104218963));
#15390=CARTESIAN_POINT('',(0.,0.0120607949222989,0.00163492303467596));
#15391=CARTESIAN_POINT('',(0.,0.0120607949222989,0.00163492303467584));
#15392=CARTESIAN_POINT('',(0.,0.0121158443161522,0.00148253346730255));
#15393=CARTESIAN_POINT('',(0.,0.012115844316152,0.00148253346730411));
#15394=CARTESIAN_POINT('',(0.,0.0121983851497951,0.00136625087789283));
#15395=CARTESIAN_POINT('',(0.,0.0121983851497954,0.00136625087789206));
#15396=CARTESIAN_POINT('',(0.,0.012345094945336,0.00125934934248144));
#15397=CARTESIAN_POINT('',(0.,0.0123450949453357,0.00125934934248187));
#15398=CARTESIAN_POINT('',(0.,0.0124826187139278,0.0012152803498825));
#15399=CARTESIAN_POINT('',(0.,0.0124826187139275,0.00121528034988267));
#15400=CARTESIAN_POINT('',(0.,0.0126476339993423,0.00120731761208563));
#15401=CARTESIAN_POINT('',(0.,0.012647633999343,0.00120731761208546));
#15402=CARTESIAN_POINT('',(0.,0.0131289008432507,0.00127767821701996));
#15403=CARTESIAN_POINT('',(0.,0.0131289008432488,0.00127767821702003));
#15404=CARTESIAN_POINT('',(0.,0.0132847301803595,0.00133254803353386));
#15405=CARTESIAN_POINT('',(0.,0.0132847301803609,0.00133254803353401));
#15406=CARTESIAN_POINT('',(0.,0.013403882060356,0.0014141426818784));
#15407=CARTESIAN_POINT('',(0.,0.0134038820603548,0.00141414268187798));
#15408=CARTESIAN_POINT('',(0.,0.0135138479021638,0.00155856987139352));
#15409=CARTESIAN_POINT('',(0.,0.0135138479021634,0.00155856987139322));
#15410=CARTESIAN_POINT('',(0.,0.0135596448900057,0.00169361528826531));
#15411=CARTESIAN_POINT('',(0.,0.013559644890006,0.00169361528826575));
#15412=CARTESIAN_POINT('',(0.,0.0135687644054903,0.00185538626916492));
#15413=CARTESIAN_POINT('',(0.,0.0117951301059004,0.00386211274911694));
#15414=CARTESIAN_POINT('',(0.,0.0117951301058994,0.00386211274911682));
#15415=CARTESIAN_POINT('',(0.,0.0119429825757905,0.00393582234228925));
#15416=CARTESIAN_POINT('',(0.,0.011703858683676,0.00370520121395664));
#15417=CARTESIAN_POINT('',(0.,0.0117038586836785,0.00370520121395913));
#15418=CARTESIAN_POINT('',(0.,0.0116751043927341,0.00356553114458004));
#15419=CARTESIAN_POINT('',(0.,0.011675104392733,0.00356553114457771));
#15420=CARTESIAN_POINT('',(0.,0.0116860498176733,0.00340387308247136));
#15421=CARTESIAN_POINT('',(0.,0.0116860498176735,0.00340387308247341));
#15422=CARTESIAN_POINT('',(0.,0.0117620169452231,0.00312840610072672));
#15423=CARTESIAN_POINT('',(0.,0.0117620169452231,0.00312840610072631));
#15424=CARTESIAN_POINT('',(0.,0.0118354795041803,0.00298398950515612));
#15425=CARTESIAN_POINT('',(0.,0.0118354795041802,0.00298398950515651));
#15426=CARTESIAN_POINT('',(0.,0.0119317599697267,0.00287880061899634));
#15427=CARTESIAN_POINT('',(0.,0.0119317599697274,0.00287880061899499));
#15428=CARTESIAN_POINT('',(0.,0.0120905578563467,0.00279085214779432));
#15429=CARTESIAN_POINT('',(0.,0.0120905578563474,0.00279085214779363));
#15430=CARTESIAN_POINT('',(0.,0.0122324740412158,0.00276411903147656));
#15431=CARTESIAN_POINT('',(0.,0.0122324740412138,0.00276411903147746));
#15432=CARTESIAN_POINT('',(0.,0.0123972082019094,0.00277661326674712));
#15433=CARTESIAN_POINT('',(0.,0.0123972082019083,0.00277661326674724));
#15434=CARTESIAN_POINT('',(0.,0.0128660881587273,0.00290591901242772));
#15435=CARTESIAN_POINT('',(0.,0.0128660881587288,0.00290591901242786));
#15436=CARTESIAN_POINT('',(0.,0.0130139406942916,0.00297962862371026));
#15437=CARTESIAN_POINT('',(0.,0.0130139406942883,0.00297962862370949));
#15438=CARTESIAN_POINT('',(0.,0.0131220938182643,0.00307532480398884));
#15439=CARTESIAN_POINT('',(0.,0.0131220938182684,0.00307532480399088));
#15440=CARTESIAN_POINT('',(0.,0.0132133652295438,0.00323223633612908));
#15441=CARTESIAN_POINT('',(0.,0.0132133652295429,0.00323223633612813));
#15442=CARTESIAN_POINT('',(0.,0.0132421194156803,0.00337190675351616));
#15443=CARTESIAN_POINT('',(0.,0.0132421194156805,0.00337190675351675));
#15444=CARTESIAN_POINT('',(0.,0.0132311741811979,0.00353356411432322));
#15445=CARTESIAN_POINT('',(0.,0.0132311741811977,0.00353356411432117));
#15446=CARTESIAN_POINT('',(0.,0.0131552070536481,0.00380903109606786));
#15447=CARTESIAN_POINT('',(0.,0.013155207053648,0.00380903109606859));
#15448=CARTESIAN_POINT('',(0.,0.013081744304234,0.00395344839294008));
#15449=CARTESIAN_POINT('',(0.,0.0130817443042338,0.00395344839294112));
#15450=CARTESIAN_POINT('',(0.,0.0129854639434931,0.00405863693109192));
#15451=CARTESIAN_POINT('',(0.,0.0129854639434937,0.00405863693109074));
#15452=CARTESIAN_POINT('',(0.,0.012826666067818,0.00414658540531146));
#15453=CARTESIAN_POINT('',(0.,0.0128266660678177,0.00414658540531174));
#15454=CARTESIAN_POINT('',(0.,0.0126619318195579,0.00413409114589312));
#15455=CARTESIAN_POINT('',(0.,0.012661931819558,0.00413409114589313));
#15456=CARTESIAN_POINT('',(0.,0.0127125765712578,0.003950446491395));
#15457=CARTESIAN_POINT('',(0.,0.0127125765712577,0.00395044649139581));
#15458=CARTESIAN_POINT('',(0.,0.0128147934977811,0.0039456999863338));
#15459=CARTESIAN_POINT('',(0.,0.0128147934977811,0.00394569998633381));
#15460=CARTESIAN_POINT('',(0.,0.0129026331953678,0.00387111842356682));
#15461=CARTESIAN_POINT('',(0.,0.0129026331953672,0.00387111842356709));
#15462=CARTESIAN_POINT('',(0.,0.0129676550884353,0.00375730880262416));
#15463=CARTESIAN_POINT('',(0.,0.0129676550884364,0.00375730880262289));
#15464=CARTESIAN_POINT('',(0.,0.0130436222159851,0.00348184182087952));
#15465=CARTESIAN_POINT('',(0.,0.0130436222159838,0.00348184182088198));
#15466=CARTESIAN_POINT('',(0.,0.0130461265941183,0.0033507921360071));
#15467=CARTESIAN_POINT('',(0.,0.0130461265941188,0.0033507921360055));
#15468=CARTESIAN_POINT('',(0.,0.0130089316482315,0.0032417290442785));
#15469=CARTESIAN_POINT('',(0.,0.0130089316482315,0.00324172904427875));
#15470=CARTESIAN_POINT('',(0.,0.0129320371941543,0.00315465287181702));
#15471=CARTESIAN_POINT('',(0.,0.0129320371941542,0.00315465287181674));
#15472=CARTESIAN_POINT('',(0.,0.0128154434070274,0.0030895636669233));
#15473=CARTESIAN_POINT('',(0.,0.0128154434070267,0.00308956366692267));
#15474=CARTESIAN_POINT('',(0.,0.0123465634502095,0.0029602579212427));
#15475=CARTESIAN_POINT('',(0.,0.0123465634502087,0.00296025792124225));
#15476=CARTESIAN_POINT('',(0.,0.0122130879503843,0.00295638406821318));
#15477=CARTESIAN_POINT('',(0.,0.0122130879503858,0.00295638406821365));
#15478=CARTESIAN_POINT('',(0.,0.0121024303516797,0.00299173792308318));
#15479=CARTESIAN_POINT('',(0.,0.0121024303516822,0.00299173792308316));
#15480=CARTESIAN_POINT('',(0.,0.0120145906322007,0.00306631947981512));
#15481=CARTESIAN_POINT('',(0.,0.0120145906321993,0.00306631947981575));
#15482=CARTESIAN_POINT('',(0.,0.0119495689323282,0.00318012840020546));
#15483=CARTESIAN_POINT('',(0.,0.011949568932327,0.00318012840020672));
#15484=CARTESIAN_POINT('',(0.,0.0118736018047784,0.00345559538195));
#15485=CARTESIAN_POINT('',(0.,0.0118736018047791,0.00345559538194861));
#15486=CARTESIAN_POINT('',(0.,0.0118710972334502,0.0035866457673723));
#15487=CARTESIAN_POINT('',(0.,0.0118710972334497,0.00358664576737387));
#15488=CARTESIAN_POINT('',(0.,0.0119082922012293,0.00369570886513848));
#15489=CARTESIAN_POINT('',(0.,0.0119082922012293,0.00369570886513773));
#15490=CARTESIAN_POINT('',(0.,0.0119936273274878,0.00375217768779116));
#15491=CARTESIAN_POINT('',(0.,0.01199362732749,0.00375217768779217));
#15492=CARTESIAN_POINT('',(0.,0.0119429825757905,0.00393582234228928));
#15493=CARTESIAN_POINT('',(0.,0.0114828708509612,0.0040730710511873));
#15494=CARTESIAN_POINT('',(0.,0.0114828708509611,0.00407307105118743));
#15495=CARTESIAN_POINT('',(0.,0.0114108350894718,0.00424942608816215));
#15496=CARTESIAN_POINT('',(0.,0.0128937111467629,0.00464935714310354));
#15497=CARTESIAN_POINT('',(0.,0.0128937111467636,0.00464935714310384));
#15498=CARTESIAN_POINT('',(0.,0.0128216753852746,0.0048257121800778));
#15499=CARTESIAN_POINT('',(0.,0.0128216753852747,0.00482571218007748));
#15500=CARTESIAN_POINT('',(0.,0.0121312641749009,0.00454369983649376));
#15501=CARTESIAN_POINT('',(0.,0.0121312641748994,0.00454369983649367));
#15502=CARTESIAN_POINT('',(0.,0.0125575441682142,0.0054723475399033));
#15503=CARTESIAN_POINT('',(0.,0.0125575441682138,0.00547234753990278));
#15504=CARTESIAN_POINT('',(0.,0.0124614965778257,0.00570748736495672));
#15505=CARTESIAN_POINT('',(0.,0.0124614965778265,0.00570748736495568));
#15506=CARTESIAN_POINT('',(0.,0.0121072641521441,0.00494545552944254));
#15507=CARTESIAN_POINT('',(0.,0.0121072641521439,0.00494545552944174));
#15508=CARTESIAN_POINT('',(0.,0.0110506562820214,0.00513120127303794));
#15509=CARTESIAN_POINT('',(0.,0.0110506562820221,0.005131201273038));
#15510=CARTESIAN_POINT('',(0.,0.01114670387241,0.00489606144798452));
#15511=CARTESIAN_POINT('',(0.,0.0111467038724097,0.00489606144798662));
#15512=CARTESIAN_POINT('',(0.,0.0120172044865082,0.00473718619913164));
#15513=CARTESIAN_POINT('',(0.,0.0120172044865097,0.00473718619913116));
#15514=CARTESIAN_POINT('',(0.,0.0118911211324092,0.00444560858132538));
#15515=CARTESIAN_POINT('',(0.,0.0118911211324092,0.00444560858132589));
#15516=CARTESIAN_POINT('',(0.,0.0114108350894704,0.00424942608816156));
#15517=CARTESIAN_POINT('',(0.,0.,0.));
#15518=CARTESIAN_POINT('',(0.,-0.00542438258740566,-0.00939530624107714));
#15519=CARTESIAN_POINT('',(-4.4636061340142E-15,-0.00361416098699835,-0.00799928013485794));
#15520=CARTESIAN_POINT('',(0.,-0.00512049917373345,-0.00712959424020494));
#15521=CARTESIAN_POINT('',(-8.9272122680284E-15,0.0051084641024222,-0.019309875769762));
#15522=CARTESIAN_POINT('',(-7.88297223113232E-15,0.00456137955685315,-0.018600473410863));
#15523=CARTESIAN_POINT('',(1.0842021724855E-19,0.,0.));
#15524=CARTESIAN_POINT('',(-5.42925289593355E-17,-0.0183891724442803,-0.00534996400252021));
#15525=CARTESIAN_POINT('',(0.,-0.00496639848944884,-0.00715026264023606));
#15526=CARTESIAN_POINT('',(0.,0.,0.));
#15527=CARTESIAN_POINT('',(0.,-0.00542438258740566,0.00939530624107714));
#15528=CARTESIAN_POINT('',(0.,-0.0051204993152773,0.00712959529553632));
#15529=CARTESIAN_POINT('',(1.35525271560688E-20,-0.00361416014382715,0.00799927948461234));
#15530=CARTESIAN_POINT('',(-8.9272122680284E-15,-0.0186140881299477,0.00531979978930062));
#15531=CARTESIAN_POINT('',(-7.85442091210573E-15,-0.018389172276491,0.00534996613231799));
#15532=CARTESIAN_POINT('',(1.0842021724855E-19,0.,0.));
#15533=CARTESIAN_POINT('',(-5.20628298712316E-17,0.00456138148686278,0.0186004724927973));
#15534=CARTESIAN_POINT('',(0.,-0.00370910984545064,0.00787615857729798));
#15535=CARTESIAN_POINT('',(0.,-0.0099694410994955,0.00698067780960452));
#15536=CARTESIAN_POINT('',(0.,-0.0099694410994955,0.00698067780960452));
#15537=CARTESIAN_POINT('',(0.,-0.0115787960612286,0.00810756028546669));
#15538=CARTESIAN_POINT('',(0.,0.,0.));
#15539=CARTESIAN_POINT('',(0.,-0.00123195513931239,0.0140813116769972));
#15540=CARTESIAN_POINT('',(0.,-0.00123195513931244,0.0140813116769972));
#15541=CARTESIAN_POINT('',(0.,-0.00145333072589159,0.0166116462101497));
#15542=CARTESIAN_POINT('',(0.,0.,0.));
#15543=CARTESIAN_POINT('',(0.,-0.0136594422537227,0.00956444443379828));
#15544=CARTESIAN_POINT('',(0.,-0.0136594422537227,0.00956444443379828));
#15545=CARTESIAN_POINT('',(0.,-0.0150947263563416,0.0105694411819237));
#15546=CARTESIAN_POINT('',(0.,-0.0150947263563416,0.0105694411819237));
#15547=CARTESIAN_POINT('',(0.,-0.0135680704774522,0.00729551708440782));
#15548=CARTESIAN_POINT('',(0.,-0.0135680704774522,0.00729551708440782));
#15549=CARTESIAN_POINT('',(0.,-0.00127713296914958,0.012304761592833));
#15550=CARTESIAN_POINT('',(0.,-0.00127713296914961,0.0123047615928332));
#15551=CARTESIAN_POINT('',(0.,-0.0014550419702379,0.0136222505701205));
#15552=CARTESIAN_POINT('',(0.,-0.002221065620217,0.0121772963024656));
#15553=CARTESIAN_POINT('',(0.,-0.00222106562021691,0.0121772963024656));
#15554=CARTESIAN_POINT('',(0.,-0.00219503015671704,0.011984493038045));
#15555=CARTESIAN_POINT('',(0.,-0.00219503015671707,0.0119844930380452));
#15556=CARTESIAN_POINT('',(0.,-0.00106231097543628,0.0121374513864863));
#15557=CARTESIAN_POINT('',(0.,-0.00106231097543638,0.0121374513864863));
#15558=CARTESIAN_POINT('',(0.,-0.00126625544002457,0.0136477436281945));
#15559=CARTESIAN_POINT('',(0.,-0.00126625544002451,0.013647743628194));
#15560=CARTESIAN_POINT('',(0.,-0.0014550419702379,0.0136222505701205));
#15561=CARTESIAN_POINT('',(0.,-0.003805918697139,0.0121216848785757));
#15562=CARTESIAN_POINT('',(0.,-0.00380591869713883,0.0121216848785733));
#15563=CARTESIAN_POINT('',(0.,-0.00392824336228341,0.0125924343512992));
#15564=CARTESIAN_POINT('',(0.,-0.00373441427369144,0.0119727535000661));
#15565=CARTESIAN_POINT('',(0.,-0.00373441427369196,0.0119727535000685));
#15566=CARTESIAN_POINT('',(0.,-0.0036403354584052,0.0118631904468813));
#15567=CARTESIAN_POINT('',(0.,-0.00364033545840548,0.0118631904468819));
#15568=CARTESIAN_POINT('',(0.,-0.00348479756822684,0.0117695976001761));
#15569=CARTESIAN_POINT('',(0.,-0.00348479756822766,0.0117695976001769));
#15570=CARTESIAN_POINT('',(0.,-0.00334556980842536,0.0117387713010287));
#15571=CARTESIAN_POINT('',(0.,-0.00334556980842156,0.0117387713010268));
#15572=CARTESIAN_POINT('',(0.,-0.0031837673122596,0.0117473134460602));
#15573=CARTESIAN_POINT('',(0.,-0.00318376731226242,0.0117473134460606));
#15574=CARTESIAN_POINT('',(0.,-0.00293793152876578,0.0118111940909453));
#15575=CARTESIAN_POINT('',(0.,-0.0029379315287675,0.0118111940909452));
#15576=CARTESIAN_POINT('',(0.,-0.00279243916369064,0.0118825027862855));
#15577=CARTESIAN_POINT('',(0.,-0.00279243916368908,0.0118825027862858));
#15578=CARTESIAN_POINT('',(0.,-0.0026858311399983,0.0119772097303155));
#15579=CARTESIAN_POINT('',(0.,-0.00268583113999713,0.011977209730316));
#15580=CARTESIAN_POINT('',(0.,-0.00259553315876582,0.0121346832447506));
#15581=CARTESIAN_POINT('',(0.,-0.00259553315876533,0.0121346832447511));
#15582=CARTESIAN_POINT('',(0.,-0.00256669408230388,0.0122761866203767));
#15583=CARTESIAN_POINT('',(0.,-0.00256669408230464,0.0122761866203751));
#15584=CARTESIAN_POINT('',(0.,-0.00257673951592138,0.0124410881715306));
#15585=CARTESIAN_POINT('',(0.,-0.00257673951592142,0.0124410881715302));
#15586=CARTESIAN_POINT('',(0.,-0.00269906418106582,0.0129118376442538));
#15587=CARTESIAN_POINT('',(0.,-0.00269906418106609,0.0129118376442574));
#15588=CARTESIAN_POINT('',(0.,-0.00277056853944112,0.0130607691335276));
#15589=CARTESIAN_POINT('',(0.,-0.00277056853944094,0.0130607691335268));
#15590=CARTESIAN_POINT('',(0.,-0.00286464743693192,0.0131703321418865));
#15591=CARTESIAN_POINT('',(0.,-0.00286464743693168,0.013170332141886));
#15592=CARTESIAN_POINT('',(0.,-0.0030201852363383,0.0132639250004485));
#15593=CARTESIAN_POINT('',(0.,-0.00302018523633952,0.0132639250004498));
#15594=CARTESIAN_POINT('',(0.,-0.0031594131698326,0.013294751245664));
#15595=CARTESIAN_POINT('',(0.,-0.00315941316983223,0.0132947512456639));
#15596=CARTESIAN_POINT('',(0.,-0.00332121548945058,0.0132862091435738));
#15597=CARTESIAN_POINT('',(0.,-0.00332121548944776,0.0132862091435734));
#15598=CARTESIAN_POINT('',(0.,-0.0035670512729444,0.0132223284986886));
#15599=CARTESIAN_POINT('',(0.,-0.00356705127294632,0.0132223284986885));
#15600=CARTESIAN_POINT('',(0.,-0.00371254381456732,0.0131510197604072));
#15601=CARTESIAN_POINT('',(0.,-0.00371254381456786,0.0131510197604071));
#15602=CARTESIAN_POINT('',(0.,-0.00381915166456684,0.0130563128703091));
#15603=CARTESIAN_POINT('',(0.,-0.00381915166456525,0.0130563128703099));
#15604=CARTESIAN_POINT('',(0.,-0.0039094497365713,0.0128988393440172));
#15605=CARTESIAN_POINT('',(0.,-0.00390944973657367,0.0128988393440149));
#15606=CARTESIAN_POINT('',(0.,-0.00393828873082868,0.0127573360132145));
#15607=CARTESIAN_POINT('',(0.,-0.00393828873082786,0.0127573360132163));
#15608=CARTESIAN_POINT('',(0.,-0.00392824336228344,0.0125924343512989));
#15609=CARTESIAN_POINT('',(0.,-0.00416037488318838,0.011547539559688));
#15610=CARTESIAN_POINT('',(0.,-0.00416037488318534,0.01154753955969));
#15611=CARTESIAN_POINT('',(0.,-0.00425445948559182,0.0114403821175359));
#15612=CARTESIAN_POINT('',(0.,-0.0040902329641329,0.0117149664614299));
#15613=CARTESIAN_POINT('',(0.,-0.00409023296413498,0.0117149664614272));
#15614=CARTESIAN_POINT('',(0.,-0.00407910494645756,0.0118589492844721));
#15615=CARTESIAN_POINT('',(0.,-0.00407910494645709,0.0118589492844736));
#15616=CARTESIAN_POINT('',(0.,-0.00410945512571898,0.0120213448037977));
#15617=CARTESIAN_POINT('',(0.,-0.00410945512571897,0.012021344803797));
#15618=CARTESIAN_POINT('',(0.,-0.00428902652604968,0.0124733652700979));
#15619=CARTESIAN_POINT('',(0.,-0.00428902652605039,0.0124733652701014));
#15620=CARTESIAN_POINT('',(0.,-0.00437839063603078,0.012612316784587));
#15621=CARTESIAN_POINT('',(0.,-0.00437839063603078,0.012612316784587));
#15622=CARTESIAN_POINT('',(0.,-0.00448529006665872,0.0127094115421649));
#15623=CARTESIAN_POINT('',(0.,-0.00448529006665795,0.0127094115421637));
#15624=CARTESIAN_POINT('',(0.,-0.00465120339447326,0.0127830622104894));
#15625=CARTESIAN_POINT('',(0.,-0.00465120339447508,0.0127830622104909));
#15626=CARTESIAN_POINT('',(0.,-0.00479317370230246,0.0127964435560101));
#15627=CARTESIAN_POINT('',(0.,-0.00479317370230128,0.0127964435560097));
#15628=CARTESIAN_POINT('',(0.,-0.00495267970199442,0.012767968094889));
#15629=CARTESIAN_POINT('',(0.,-0.0049526797019906,0.012767968094889));
#15630=CARTESIAN_POINT('',(0.,-0.00521824173280478,0.0126624698944685));
#15631=CARTESIAN_POINT('',(0.,-0.00521824173280619,0.0126624698944683));
#15632=CARTESIAN_POINT('',(0.,-0.00535380488135536,0.0125737250434699));
#15633=CARTESIAN_POINT('',(0.,-0.0053538048813585,0.0125737250434688));
#15634=CARTESIAN_POINT('',(0.,-0.00544788948690434,0.012466567609233));
#15635=CARTESIAN_POINT('',(0.,-0.00544788948690271,0.0124665676092341));
#15636=CARTESIAN_POINT('',(0.,-0.0055180312413094,0.012299140785116));
#15637=CARTESIAN_POINT('',(0.,-0.00551803124131029,0.012299140785115));
#15638=CARTESIAN_POINT('',(0.,-0.00548768119735124,0.0121367451142971));
#15639=CARTESIAN_POINT('',(0.,-0.0054876811973512,0.012136745114297));
#15640=CARTESIAN_POINT('',(0.,-0.00531063984347682,0.01220707724791));
#15641=CARTESIAN_POINT('',(0.,-0.00531063984347874,0.0122070772479095));
#15642=CARTESIAN_POINT('',(0.,-0.00531704703629614,0.0123092035288488));
#15643=CARTESIAN_POINT('',(0.,-0.00531704703629547,0.0123092035288472));
#15644=CARTESIAN_POINT('',(0.,-0.00525246921049904,0.012404638985534));
#15645=CARTESIAN_POINT('',(0.,-0.00525246921049864,0.0124046389855352));
#15646=CARTESIAN_POINT('',(0.,-0.00514641317938064,0.0124816617248334));
#15647=CARTESIAN_POINT('',(0.,-0.00514641317938197,0.0124816617248319));
#15648=CARTESIAN_POINT('',(0.,-0.00488085114857028,0.0125871599252513));
#15649=CARTESIAN_POINT('',(0.,-0.00488085114856651,0.0125871599252539));
#15650=CARTESIAN_POINT('',(0.,-0.0047508522663105,0.0126039132746732));
#15651=CARTESIAN_POINT('',(0.,-0.00475085226631006,0.0126039132746734));
#15652=CARTESIAN_POINT('',(0.,-0.00463838873823064,0.0125788099516008));
#15653=CARTESIAN_POINT('',(0.,-0.00463838873823345,0.0125788099516006));
#15654=CARTESIAN_POINT('',(0.,-0.00454346053079762,0.0125118498716147));
#15655=CARTESIAN_POINT('',(0.,-0.00454346053079776,0.0125118498716147));
#15656=CARTESIAN_POINT('',(0.,-0.00446606804876298,0.0124030330694113));
#15657=CARTESIAN_POINT('',(0.,-0.0044660680487625,0.0124030330694109));
#15658=CARTESIAN_POINT('',(0.,-0.00428649664843228,0.0119510126031111));
#15659=CARTESIAN_POINT('',(0.,-0.00428649664843242,0.0119510126031113));
#15660=CARTESIAN_POINT('',(0.,-0.0042681177259014,0.0118187518457993));
#15661=CARTESIAN_POINT('',(0.,-0.00426811772590058,0.0118187518457974));
#15662=CARTESIAN_POINT('',(0.,-0.00429121734637212,0.0117049036717283));
#15663=CARTESIAN_POINT('',(0.,-0.00429121734637232,0.0117049036717302));
#15664=CARTESIAN_POINT('',(0.,-0.00435579516378468,0.0116094681939382));
#15665=CARTESIAN_POINT('',(0.,-0.00435579516378508,0.0116094681939369));
#15666=CARTESIAN_POINT('',(0.,-0.00446185119490308,0.0115324454546388));
#15667=CARTESIAN_POINT('',(0.,-0.00446185119490175,0.0115324454546403));
#15668=CARTESIAN_POINT('',(0.,-0.00472741322571344,0.0114269472542208));
#15669=CARTESIAN_POINT('',(0.,-0.00472741322571264,0.0114269472542214));
#15670=CARTESIAN_POINT('',(0.,-0.00485741210797322,0.0114101939048015));
#15671=CARTESIAN_POINT('',(0.,-0.00485741210797307,0.0114101939048016));
#15672=CARTESIAN_POINT('',(0.,-0.00496987564443508,0.0114352972489788));
#15673=CARTESIAN_POINT('',(0.,-0.00496987564443728,0.0114352972489785));
#15674=CARTESIAN_POINT('',(0.,-0.0050352970385806,0.0115139792220946));
#15675=CARTESIAN_POINT('',(0.,-0.00503529703858067,0.0115139792220947));
#15676=CARTESIAN_POINT('',(0.,-0.00521233839245502,0.0114436470884817));
#15677=CARTESIAN_POINT('',(0.,-0.00521233839245397,0.0114436470884823));
#15678=CARTESIAN_POINT('',(0.,-0.00512297413878358,0.011304695704381));
#15679=CARTESIAN_POINT('',(0.,-0.00512297413878388,0.0113046957043823));
#15680=CARTESIAN_POINT('',(0.,-0.00495706097561946,0.0112310449584316));
#15681=CARTESIAN_POINT('',(0.,-0.00495706097561764,0.0112310449584301));
#15682=CARTESIAN_POINT('',(0.,-0.0048150906646432,0.0112176636049962));
#15683=CARTESIAN_POINT('',(0.,-0.00481509066464308,0.0112176636049962));
#15684=CARTESIAN_POINT('',(0.,-0.00465558466390476,0.0112461390634783));
#15685=CARTESIAN_POINT('',(0.,-0.00465558466390858,0.0112461390634783));
#15686=CARTESIAN_POINT('',(0.,-0.0043900226330944,0.0113516372638988));
#15687=CARTESIAN_POINT('',(0.,-0.00439002263309282,0.0113516372638991));
#15688=CARTESIAN_POINT('',(0.,-0.0042544594855903,0.0114403821175365));
#15689=CARTESIAN_POINT('',(0.,-0.00529869221680316,0.0109713304370743));
#15690=CARTESIAN_POINT('',(0.,-0.00529869221680195,0.0109713304370749));
#15691=CARTESIAN_POINT('',(0.,-0.00546615901981434,0.0108805277945504));
#15692=CARTESIAN_POINT('',(0.,-0.00602511335699074,0.0123110648611611));
#15693=CARTESIAN_POINT('',(0.,-0.00602511335699042,0.0123110648611606));
#15694=CARTESIAN_POINT('',(0.,-0.0061925801600016,0.0122202622186367));
#15695=CARTESIAN_POINT('',(0.,-0.00619258016000338,0.0122202622186358));
#15696=CARTESIAN_POINT('',(0.,-0.0058370974734576,0.0115646474987664));
#15697=CARTESIAN_POINT('',(0.,-0.00583709747345757,0.0115646474987663));
#15698=CARTESIAN_POINT('',(0.,-0.00680662531732158,0.0118873190805873));
#15699=CARTESIAN_POINT('',(0.,-0.00680662531732078,0.0118873190805867));
#15700=CARTESIAN_POINT('',(0.,-0.0070299141750559,0.0117662490060173));
#15701=CARTESIAN_POINT('',(0.,-0.00702991417505622,0.0117662490060169));
#15702=CARTESIAN_POINT('',(0.,-0.00623385414787002,0.0114970621511129));
#15703=CARTESIAN_POINT('',(0.,-0.00623385414787004,0.0114970621511129));
#15704=CARTESIAN_POINT('',(0.,-0.00630349303486832,0.0104265145819304));
#15705=CARTESIAN_POINT('',(0.,-0.00630349303486826,0.0104265145819301));
#15706=CARTESIAN_POINT('',(0.,-0.00608020417713146,0.0105475846565005));
#15707=CARTESIAN_POINT('',(0.,-0.00608020417713107,0.0105475846565006));
#15708=CARTESIAN_POINT('',(0.,-0.00601701985614958,0.0114302059826792));
#15709=CARTESIAN_POINT('',(0.,-0.00601701985614951,0.0114302059826796));
#15710=CARTESIAN_POINT('',(0.,-0.00571345131502524,0.0113366075840522));
#15711=CARTESIAN_POINT('',(0.,-0.00571345131502639,0.0113366075840521));
#15712=CARTESIAN_POINT('',(0.,-0.00546615901981402,0.0108805277945499));
#15713=CARTESIAN_POINT('',(0.,0.0133762576859046,0.00182724202981928));
#15714=CARTESIAN_POINT('',(0.,0.0133395138485315,0.00207857003733245));
#15715=CARTESIAN_POINT('',(-0.000254,0.0133395138485314,0.00207857003733243));
#15716=CARTESIAN_POINT('',(-0.000254,0.0133762576859046,0.00182724202981928));
#15717=CARTESIAN_POINT('',(-0.000254,0.0133762576859044,0.00182724202981935));
#15718=CARTESIAN_POINT('',(0.,0.0133762576859037,0.00182724202981936));
#15719=CARTESIAN_POINT('',(0.,0.0133625452038884,0.00169688695997697));
#15720=CARTESIAN_POINT('',(-0.000254,0.0133625452038884,0.00169688695997697));
#15721=CARTESIAN_POINT('',(-0.000254,0.0133625452038883,0.00169688695997702));
#15722=CARTESIAN_POINT('',(0.,0.0133625452038882,0.00169688695997707));
#15723=CARTESIAN_POINT('',(0.,0.0133121552495148,0.00159325745416223));
#15724=CARTESIAN_POINT('',(-0.000254,0.0133121552495148,0.00159325745416223));
#15725=CARTESIAN_POINT('',(-0.000254,0.013312155249515,0.00159325745416189));
#15726=CARTESIAN_POINT('',(0.,0.0133121552495157,0.00159325745416129));
#15727=CARTESIAN_POINT('',(0.,0.0132250877329035,0.00151635349923436));
#15728=CARTESIAN_POINT('',(-0.000254,0.0132250877329035,0.00151635349923436));
#15729=CARTESIAN_POINT('',(-0.000254,0.0132250877329034,0.00151635349923454));
#15730=CARTESIAN_POINT('',(0.,0.0132250877329032,0.00151635349923496));
#15731=CARTESIAN_POINT('',(0.,0.0131013429389381,0.00146617440241902));
#15732=CARTESIAN_POINT('',(-0.000254,0.0131013429389381,0.00146617440241902));
#15733=CARTESIAN_POINT('',(-0.000254,0.0131013429389381,0.00146617440241892));
#15734=CARTESIAN_POINT('',(0.,0.0131013429389382,0.00146617440241867));
#15735=CARTESIAN_POINT('',(0.,0.0126200760950323,0.00139581379748442));
#15736=CARTESIAN_POINT('',(-0.000254,0.0126200760950323,0.00139581379748442));
#15737=CARTESIAN_POINT('',(-0.000254,0.0126200760950323,0.00139581379748443));
#15738=CARTESIAN_POINT('',(0.,0.0126200760950323,0.00139581379748444));
#15739=CARTESIAN_POINT('',(0.,0.0124871452628808,0.00140846724183916));
#15740=CARTESIAN_POINT('',(-0.000254,0.0124871452628808,0.00140846724183916));
#15741=CARTESIAN_POINT('',(-0.000254,0.0124871452628808,0.0014084672418392));
#15742=CARTESIAN_POINT('',(0.,0.0124871452628808,0.00140846724183934));
#15743=CARTESIAN_POINT('',(0.,0.012381705970026,0.00145722694428069));
#15744=CARTESIAN_POINT('',(-0.000254,0.012381705970026,0.00145722694428069));
#15745=CARTESIAN_POINT('',(-0.000254,0.0123817059700259,0.00145722694428068));
#15746=CARTESIAN_POINT('',(0.,0.0123817059700259,0.00145722694428063));
#15747=CARTESIAN_POINT('',(0.,0.012303758088871,0.00154209362057977));
#15748=CARTESIAN_POINT('',(-0.000254,0.012303758088871,0.00154209362057977));
#15749=CARTESIAN_POINT('',(-0.000254,0.0123037580888706,0.00154209362057973));
#15750=CARTESIAN_POINT('',(0.,0.0123037580888698,0.00154209362057927));
#15751=CARTESIAN_POINT('',(0.,0.012253301664356,0.00166306727730685));
#15752=CARTESIAN_POINT('',(-0.000254,0.012253301664356,0.00166306727730685));
#15753=CARTESIAN_POINT('',(-0.000254,0.012253301664356,0.00166306727730685));
#15754=CARTESIAN_POINT('',(0.,0.0122533016643559,0.00166306727730682));
#15755=CARTESIAN_POINT('',(0.,0.0122165578269828,0.00191439528482));
#15756=CARTESIAN_POINT('',(-0.000254,0.0122165578269828,0.00191439528482));
#15757=CARTESIAN_POINT('',(-0.000254,0.012216557826983,0.00191439528481993));
#15758=CARTESIAN_POINT('',(0.,0.0122165578269836,0.00191439528481992));
#15759=CARTESIAN_POINT('',(0.,0.012230270308999,0.00204475035466231));
#15760=CARTESIAN_POINT('',(-0.000254,0.012230270308999,0.00204475035466231));
#15761=CARTESIAN_POINT('',(-0.000254,0.0122302703089987,0.00204475035466256));
#15762=CARTESIAN_POINT('',(0.,0.0122302703089978,0.00204475035466288));
#15763=CARTESIAN_POINT('',(0.,0.0122806602858414,0.00214837986376229));
#15764=CARTESIAN_POINT('',(-0.000254,0.0122806602858414,0.00214837986376229));
#15765=CARTESIAN_POINT('',(-0.000254,0.0122806602858416,0.00214837986376188));
#15766=CARTESIAN_POINT('',(0.,0.0122806602858424,0.00214837986376118));
#15767=CARTESIAN_POINT('',(0.,0.0123677277125749,0.00222528380554947));
#15768=CARTESIAN_POINT('',(-0.000254,0.0123677277125749,0.00222528380554947));
#15769=CARTESIAN_POINT('',(-0.000254,0.0123677277125748,0.00222528380554956));
#15770=CARTESIAN_POINT('',(0.,0.0123677277125747,0.00222528380554976));
#15771=CARTESIAN_POINT('',(0.,0.0124914725065377,0.00227546290236482));
#15772=CARTESIAN_POINT('',(-0.000254,0.0124914725065377,0.00227546290236482));
#15773=CARTESIAN_POINT('',(-0.000254,0.0124914725065377,0.00227546290236481));
#15774=CARTESIAN_POINT('',(0.,0.0124914725065377,0.0022754629023648));
#15775=CARTESIAN_POINT('',(0.,0.012972739350446,0.00234582350729941));
#15776=CARTESIAN_POINT('',(-0.000254,0.012972739350446,0.00234582350729941));
#15777=CARTESIAN_POINT('',(-0.000254,0.012972739350446,0.00234582350729941));
#15778=CARTESIAN_POINT('',(0.,0.012972739350446,0.0023458235072994));
#15779=CARTESIAN_POINT('',(0.,0.0131056701825976,0.00233317006294467));
#15780=CARTESIAN_POINT('',(-0.000254,0.0131056701825976,0.00233317006294467));
#15781=CARTESIAN_POINT('',(-0.000254,0.0131056701825974,0.0023331700629445));
#15782=CARTESIAN_POINT('',(0.,0.0131056701825972,0.00233317006294396));
#15783=CARTESIAN_POINT('',(0.,0.0132111095653328,0.00228441037364382));
#15784=CARTESIAN_POINT('',(-0.000254,0.0132111095653328,0.00228441037364382));
#15785=CARTESIAN_POINT('',(-0.000254,0.0132111095653331,0.00228441037364399));
#15786=CARTESIAN_POINT('',(0.,0.0132111095653337,0.00228441037364468));
#15787=CARTESIAN_POINT('',(0.,0.0132890574240189,0.00219954369405951));
#15788=CARTESIAN_POINT('',(-0.000254,0.0132890574240189,0.00219954369405951));
#15789=CARTESIAN_POINT('',(-0.000254,0.0132890574240186,0.00219954369405948));
#15790=CARTESIAN_POINT('',(0.,0.013289057424018,0.00219954369405911));
#15791=CARTESIAN_POINT('',(0.,0.0133395138485313,0.00207857003733243));
#15792=CARTESIAN_POINT('',(-0.000254,0.0133395138485313,0.00207857003733243));
#15793=CARTESIAN_POINT('',(-0.000254,0.,0.));
#15794=CARTESIAN_POINT('',(-0.000254,0.0135014477902864,-0.00236118964643677));
#15795=CARTESIAN_POINT('',(-0.000254,0.0135014477902864,-0.00236118964643665));
#15796=CARTESIAN_POINT('',(-0.000254,0.0134608346327185,-0.00254731009515863));
#15797=CARTESIAN_POINT('',(-0.000254,0.0134608346327194,-0.0025473100951588));
#15798=CARTESIAN_POINT('',(-0.000254,0.0124787522489454,-0.00233301087725141));
#15799=CARTESIAN_POINT('',(-0.000254,0.0124787522489455,-0.00233301087725136));
#15800=CARTESIAN_POINT('',(-0.000254,0.012345263105401,-0.00233637941421554));
#15801=CARTESIAN_POINT('',(-0.000254,0.012345263105401,-0.00233637941421557));
#15802=CARTESIAN_POINT('',(-0.000254,0.0122366851619503,-0.00237768096219263));
#15803=CARTESIAN_POINT('',(-0.000254,0.0122366851619503,-0.00237768096219245));
#15804=CARTESIAN_POINT('',(-0.000254,0.0121530184157763,-0.00245691542759173));
#15805=CARTESIAN_POINT('',(-0.000254,0.0121530184157764,-0.00245691542759188));
#15806=CARTESIAN_POINT('',(-0.000254,0.0120942629015681,-0.0025740828644707));
#15807=CARTESIAN_POINT('',(-0.000254,0.0120942629015681,-0.00257408286447066));
#15808=CARTESIAN_POINT('',(-0.000254,0.0120671874696435,-0.0026981631340364));
#15809=CARTESIAN_POINT('',(-0.000254,0.0120671874696433,-0.00269816313403632));
#15810=CARTESIAN_POINT('',(-0.000254,0.0120717921006393,-0.0028291563250338));
#15811=CARTESIAN_POINT('',(-0.000254,0.0120717921006398,-0.00282915632503392));
#15812=CARTESIAN_POINT('',(-0.000254,0.0121148456892446,-0.00293604230835572));
#15813=CARTESIAN_POINT('',(-0.000254,0.0121148456892442,-0.00293604230835576));
#15814=CARTESIAN_POINT('',(-0.000254,0.0121963481862465,-0.00301882109650625));
#15815=CARTESIAN_POINT('',(-0.000254,0.0121963481862465,-0.00301882109650626));
#15816=CARTESIAN_POINT('',(-0.000254,0.0123162996186723,-0.00307749267213726));
#15817=CARTESIAN_POINT('',(-0.000254,0.0123162996186723,-0.00307749267213722));
#15818=CARTESIAN_POINT('',(-0.000254,0.0132983820024438,-0.0032917918900447));
#15819=CARTESIAN_POINT('',(-0.000254,0.0132983820024437,-0.00329179189004542));
#15820=CARTESIAN_POINT('',(-0.000254,0.0132577688448759,-0.00347791233876629));
#15821=CARTESIAN_POINT('',(-0.000254,0.0132577688448766,-0.00347791233876644));
#15822=CARTESIAN_POINT('',(-0.000254,0.0122756864611027,-0.00326361312085849));
#15823=CARTESIAN_POINT('',(-0.000254,0.0122756864611027,-0.00326361312085824));
#15824=CARTESIAN_POINT('',(-0.000254,0.0121240549578919,-0.00319802865984791));
#15825=CARTESIAN_POINT('',(-0.000254,0.0121240549578919,-0.0031980286598481));
#15826=CARTESIAN_POINT('',(-0.000254,0.0120108723642854,-0.00310833699811677));
#15827=CARTESIAN_POINT('',(-0.000254,0.0120108723642855,-0.00310833699811672));
#15828=CARTESIAN_POINT('',(-0.000254,0.0119112274995522,-0.00295660519570597));
#15829=CARTESIAN_POINT('',(-0.000254,0.0119112274995522,-0.0029566051957059));
#15830=CARTESIAN_POINT('',(-0.000254,0.0118749427876359,-0.00281869912582913));
#15831=CARTESIAN_POINT('',(-0.000254,0.0118749427876361,-0.00281869912582898));
#15832=CARTESIAN_POINT('',(-0.000254,0.0118771070118476,-0.00265668586683346));
#15833=CARTESIAN_POINT('',(-0.000254,0.0118771070118472,-0.00265668586683354));
#15834=CARTESIAN_POINT('',(-0.000254,0.0119041824437716,-0.00253260559727016));
#15835=CARTESIAN_POINT('',(-0.000254,0.0119041824437719,-0.00253260559727017));
#15836=CARTESIAN_POINT('',(-0.000254,0.0119697068138936,-0.00238441811579225));
#15837=CARTESIAN_POINT('',(-0.000254,0.0119697068138938,-0.00238441811579228));
#15838=CARTESIAN_POINT('',(-0.000254,0.0120601424187068,-0.00227416351341395));
#15839=CARTESIAN_POINT('',(-0.000254,0.0120601424187068,-0.00227416351341394));
#15840=CARTESIAN_POINT('',(-0.000254,0.0122139381521285,-0.00217773475450986));
#15841=CARTESIAN_POINT('',(-0.000254,0.0122139381521282,-0.00217773475450959));
#15842=CARTESIAN_POINT('',(-0.000254,0.0123541961903669,-0.00214334608843406));
#15843=CARTESIAN_POINT('',(-0.000254,0.0123541961903669,-0.00214334608843413));
#15844=CARTESIAN_POINT('',(-0.000254,0.012519365406515,-0.00214689042852987));
#15845=CARTESIAN_POINT('',(-0.000254,0.012519365406515,-0.00214689042852983));
#15846=CARTESIAN_POINT('',(-0.000254,0.,0.));
#15847=CARTESIAN_POINT('',(-0.000254,0.0133971305971102,-0.00172087949238577));
#15848=CARTESIAN_POINT('',(-0.000254,0.0133971305971102,-0.00172087949238582));
#15849=CARTESIAN_POINT('',(-0.000254,0.0121488223644148,-0.000804803844229647));
#15850=CARTESIAN_POINT('',(-0.000254,0.0121488223644149,-0.00080480384422958));
#15851=CARTESIAN_POINT('',(-0.000254,0.0121758815675742,-0.000520337920041218));
#15852=CARTESIAN_POINT('',(-0.000254,0.0121758815675735,-0.000520337920041154));
#15853=CARTESIAN_POINT('',(-0.000254,0.0136930331632439,-0.000664653670227624));
#15854=CARTESIAN_POINT('',(-0.000254,0.0136930331632439,-0.00066465367022772));
#15855=CARTESIAN_POINT('',(-0.000254,0.013674993694471,-0.000854297619686544));
#15856=CARTESIAN_POINT('',(-0.000254,0.0136749936944715,-0.000854297619686586));
#15857=CARTESIAN_POINT('',(-0.000254,0.0123838008427628,-0.000731475704222469));
#15858=CARTESIAN_POINT('',(-0.000254,0.0123838008427628,-0.00073147570422245));
#15859=CARTESIAN_POINT('',(-0.000254,0.0135998292355145,-0.00164448080271805));
#15860=CARTESIAN_POINT('',(-0.000254,0.0135998292355145,-0.00164448080271813));
#15861=CARTESIAN_POINT('',(-0.000254,0.0135727700409564,-0.00192894663647697));
#15862=CARTESIAN_POINT('',(-0.000254,0.0135727700409563,-0.00192894663647697));
#15863=CARTESIAN_POINT('',(-0.000254,0.0120556184452859,-0.00178463088629062));
#15864=CARTESIAN_POINT('',(-0.000254,0.0120556184452859,-0.00178463088629065));
#15865=CARTESIAN_POINT('',(-0.000254,0.0120736579054576,-0.0015949870272611));
#15866=CARTESIAN_POINT('',(-0.000254,0.0120736579054578,-0.00159498702726112));
#15867=CARTESIAN_POINT('',(-0.000254,0.,0.));
#15868=CARTESIAN_POINT('',(-0.000254,0.0121809675839699,-0.000265065255954534));
#15869=CARTESIAN_POINT('',(-0.000254,0.0121809675839699,-0.000265065255954528));
#15870=CARTESIAN_POINT('',(-0.000254,0.0121522054181539,0.000877572986502781));
#15871=CARTESIAN_POINT('',(-0.000254,0.0121522054181542,0.00087757298650279));
#15872=CARTESIAN_POINT('',(-0.000254,0.0123466970024951,0.000882468673511002));
#15873=CARTESIAN_POINT('',(-0.000254,0.0123466970024951,0.00088246867351099));
#15874=CARTESIAN_POINT('',(-0.000254,0.0123706654701993,-6.97297105221944E-5));
#15875=CARTESIAN_POINT('',(-0.000254,0.0123706654701995,-6.97297105221898E-5));
#15876=CARTESIAN_POINT('',(-0.000254,0.0136996913003111,-3.62758492040997E-5));
#15877=CARTESIAN_POINT('',(-0.000254,0.0136996913003111,-3.62758492040874E-5));
#15878=CARTESIAN_POINT('',(-0.000254,0.0137044849984243,-0.000226715707628174));
#15879=CARTESIAN_POINT('',(-0.000254,0.013704484998425,-0.000226715707628155));
#15880=CARTESIAN_POINT('',(-0.000254,0.,0.));
#15881=CARTESIAN_POINT('',(-0.000254,0.0135596448900057,0.00169361528826531));
#15882=CARTESIAN_POINT('',(-0.000254,0.0135596448900058,0.00169361528826533));
#15883=CARTESIAN_POINT('',(-0.000254,0.0135138479021637,0.00155856987139353));
#15884=CARTESIAN_POINT('',(-0.000254,0.0135138479021638,0.00155856987139352));
#15885=CARTESIAN_POINT('',(-0.000254,0.0134038820603558,0.00141414268187847));
#15886=CARTESIAN_POINT('',(-0.000254,0.013403882060356,0.0014141426818784));
#15887=CARTESIAN_POINT('',(-0.000254,0.0132847301803596,0.00133254803353373));
#15888=CARTESIAN_POINT('',(-0.000254,0.0132847301803595,0.00133254803353386));
#15889=CARTESIAN_POINT('',(-0.000254,0.0131289008432506,0.00127767821702012));
#15890=CARTESIAN_POINT('',(-0.000254,0.0131289008432507,0.00127767821701996));
#15891=CARTESIAN_POINT('',(-0.000254,0.0126476339993423,0.00120731761208556));
#15892=CARTESIAN_POINT('',(-0.000254,0.0126476339993423,0.00120731761208563));
#15893=CARTESIAN_POINT('',(-0.000254,0.0124826187139278,0.00121528034988254));
#15894=CARTESIAN_POINT('',(-0.000254,0.0124826187139278,0.0012152803498825));
#15895=CARTESIAN_POINT('',(-0.000254,0.012345094945336,0.00125934934248153));
#15896=CARTESIAN_POINT('',(-0.000254,0.012345094945336,0.00125934934248144));
#15897=CARTESIAN_POINT('',(-0.000254,0.012198385149795,0.00136625087789271));
#15898=CARTESIAN_POINT('',(-0.000254,0.0121983851497951,0.00136625087789283));
#15899=CARTESIAN_POINT('',(-0.000254,0.0121158443161523,0.00148253346730271));
#15900=CARTESIAN_POINT('',(-0.000254,0.0121158443161522,0.00148253346730255));
#15901=CARTESIAN_POINT('',(-0.000254,0.0120607949222989,0.00163492303467596));
#15902=CARTESIAN_POINT('',(-0.000254,0.0120607949222989,0.00163492303467596));
#15903=CARTESIAN_POINT('',(-0.000254,0.0120240510849257,0.00188625104218939));
#15904=CARTESIAN_POINT('',(-0.000254,0.0120240510849257,0.00188625104218938));
#15905=CARTESIAN_POINT('',(-0.000254,0.0120331706032193,0.00204802202349942));
#15906=CARTESIAN_POINT('',(-0.000254,0.0120331706032195,0.00204802202349945));
#15907=CARTESIAN_POINT('',(-0.000254,0.0120789675994889,0.00218306744160316));
#15908=CARTESIAN_POINT('',(-0.000254,0.0120789675994892,0.00218306744160315));
#15909=CARTESIAN_POINT('',(-0.000254,0.0121889334525317,0.00232749463276074));
#15910=CARTESIAN_POINT('',(-0.000254,0.0121889334525314,0.00232749463276088));
#15911=CARTESIAN_POINT('',(-0.000254,0.012308085354999,0.00240908928439087));
#15912=CARTESIAN_POINT('',(-0.000254,0.0123080853549993,0.00240908928439066));
#15913=CARTESIAN_POINT('',(-0.000254,0.0124639146022276,0.00246395908776384));
#15914=CARTESIAN_POINT('',(-0.000254,0.0124639146022276,0.00246395908776387));
#15915=CARTESIAN_POINT('',(-0.000254,0.0129451814461335,0.00253431969269818));
#15916=CARTESIAN_POINT('',(-0.000254,0.0129451814461335,0.0025343196926982));
#15917=CARTESIAN_POINT('',(-0.000254,0.013110196821431,0.00252635696804177));
#15918=CARTESIAN_POINT('',(-0.000254,0.013110196821431,0.00252635696804177));
#15919=CARTESIAN_POINT('',(-0.000254,0.0132477205675513,0.00248228797215778));
#15920=CARTESIAN_POINT('',(-0.000254,0.0132477205675513,0.00248228797215784));
#15921=CARTESIAN_POINT('',(-0.000254,0.0133944303518579,0.00237538643510384));
#15922=CARTESIAN_POINT('',(-0.000254,0.0133944303518579,0.00237538643510384));
#15923=CARTESIAN_POINT('',(-0.000254,0.0134769711770731,0.00225910384446227));
#15924=CARTESIAN_POINT('',(-0.000254,0.0134769711770731,0.00225910384446222));
#15925=CARTESIAN_POINT('',(-0.000254,0.0135320205681172,0.00210671427667815));
#15926=CARTESIAN_POINT('',(-0.000254,0.0135320205681171,0.00210671427667808));
#15927=CARTESIAN_POINT('',(-0.000254,0.0135687644054903,0.00185538626916491));
#15928=CARTESIAN_POINT('',(-0.000254,0.0135687644054903,0.00185538626916492));
#15929=CARTESIAN_POINT('',(-0.000254,0.,0.));
#15930=CARTESIAN_POINT('',(-0.000254,0.0119936273274878,0.00375217768779116));
#15931=CARTESIAN_POINT('',(-0.000254,0.0119936273274889,0.00375217768779163));
#15932=CARTESIAN_POINT('',(-0.000254,0.0119082922012293,0.00369570886513826));
#15933=CARTESIAN_POINT('',(-0.000254,0.0119082922012293,0.00369570886513848));
#15934=CARTESIAN_POINT('',(-0.000254,0.01187109723345,0.00358664576737246));
#15935=CARTESIAN_POINT('',(-0.000254,0.0118710972334502,0.0035866457673723));
#15936=CARTESIAN_POINT('',(-0.000254,0.0118736018047785,0.00345559538195006));
#15937=CARTESIAN_POINT('',(-0.000254,0.0118736018047784,0.00345559538195));
#15938=CARTESIAN_POINT('',(-0.000254,0.011949568932328,0.00318012840020541));
#15939=CARTESIAN_POINT('',(-0.000254,0.0119495689323282,0.00318012840020546));
#15940=CARTESIAN_POINT('',(-0.000254,0.0120145906322004,0.00306631947981506));
#15941=CARTESIAN_POINT('',(-0.000254,0.0120145906322007,0.00306631947981512));
#15942=CARTESIAN_POINT('',(-0.000254,0.0121024303516801,0.00299173792308345));
#15943=CARTESIAN_POINT('',(-0.000254,0.0121024303516797,0.00299173792308318));
#15944=CARTESIAN_POINT('',(-0.000254,0.0122130879503845,0.0029563840682134));
#15945=CARTESIAN_POINT('',(-0.000254,0.0122130879503843,0.00295638406821318));
#15946=CARTESIAN_POINT('',(-0.000254,0.0123465634502095,0.00296025792124259));
#15947=CARTESIAN_POINT('',(-0.000254,0.0123465634502095,0.0029602579212427));
#15948=CARTESIAN_POINT('',(-0.000254,0.0128154434070274,0.00308956366692319));
#15949=CARTESIAN_POINT('',(-0.000254,0.0128154434070274,0.0030895636669233));
#15950=CARTESIAN_POINT('',(-0.000254,0.0129320371941543,0.00315465287181697));
#15951=CARTESIAN_POINT('',(-0.000254,0.0129320371941543,0.00315465287181702));
#15952=CARTESIAN_POINT('',(-0.000254,0.0130089316482315,0.00324172904427854));
#15953=CARTESIAN_POINT('',(-0.000254,0.0130089316482315,0.0032417290442785));
#15954=CARTESIAN_POINT('',(-0.000254,0.0130461265941185,0.00335079213600693));
#15955=CARTESIAN_POINT('',(-0.000254,0.0130461265941183,0.0033507921360071));
#15956=CARTESIAN_POINT('',(-0.000254,0.0130436222159847,0.00348184182087959));
#15957=CARTESIAN_POINT('',(-0.000254,0.0130436222159851,0.00348184182087952));
#15958=CARTESIAN_POINT('',(-0.000254,0.0129676550884355,0.00375730880262417));
#15959=CARTESIAN_POINT('',(-0.000254,0.0129676550884353,0.00375730880262416));
#15960=CARTESIAN_POINT('',(-0.000254,0.0129026331953677,0.00387111842356679));
#15961=CARTESIAN_POINT('',(-0.000254,0.0129026331953678,0.00387111842356682));
#15962=CARTESIAN_POINT('',(-0.000254,0.0128147934977811,0.0039456999863338));
#15963=CARTESIAN_POINT('',(-0.000254,0.0128147934977811,0.0039456999863338));
#15964=CARTESIAN_POINT('',(-0.000254,0.0127125765712577,0.00395044649139539));
#15965=CARTESIAN_POINT('',(-0.000254,0.0127125765712578,0.003950446491395));
#15966=CARTESIAN_POINT('',(-0.000254,0.0126619318195579,0.00413409114589313));
#15967=CARTESIAN_POINT('',(-0.000254,0.0126619318195579,0.00413409114589312));
#15968=CARTESIAN_POINT('',(-0.000254,0.0128266660678179,0.00414658540531155));
#15969=CARTESIAN_POINT('',(-0.000254,0.012826666067818,0.00414658540531146));
#15970=CARTESIAN_POINT('',(-0.000254,0.0129854639434931,0.00405863693109172));
#15971=CARTESIAN_POINT('',(-0.000254,0.0129854639434931,0.00405863693109192));
#15972=CARTESIAN_POINT('',(-0.000254,0.0130817443042341,0.0039534483929402));
#15973=CARTESIAN_POINT('',(-0.000254,0.013081744304234,0.00395344839294008));
#15974=CARTESIAN_POINT('',(-0.000254,0.0131552070536481,0.0038090310960679));
#15975=CARTESIAN_POINT('',(-0.000254,0.0131552070536481,0.00380903109606786));
#15976=CARTESIAN_POINT('',(-0.000254,0.0132311741811977,0.00353356411432313));
#15977=CARTESIAN_POINT('',(-0.000254,0.0132311741811979,0.00353356411432322));
#15978=CARTESIAN_POINT('',(-0.000254,0.0132421194156803,0.00337190675351619));
#15979=CARTESIAN_POINT('',(-0.000254,0.0132421194156803,0.00337190675351616));
#15980=CARTESIAN_POINT('',(-0.000254,0.0132133652295436,0.00323223633612906));
#15981=CARTESIAN_POINT('',(-0.000254,0.0132133652295438,0.00323223633612908));
#15982=CARTESIAN_POINT('',(-0.000254,0.013122093818265,0.00307532480398866));
#15983=CARTESIAN_POINT('',(-0.000254,0.0131220938182643,0.00307532480398884));
#15984=CARTESIAN_POINT('',(-0.000254,0.0130139406942912,0.00297962862371051));
#15985=CARTESIAN_POINT('',(-0.000254,0.0130139406942916,0.00297962862371026));
#15986=CARTESIAN_POINT('',(-0.000254,0.0128660881587273,0.0029059190124276));
#15987=CARTESIAN_POINT('',(-0.000254,0.0128660881587273,0.00290591901242772));
#15988=CARTESIAN_POINT('',(-0.000254,0.0123972082019094,0.00277661326674722));
#15989=CARTESIAN_POINT('',(-0.000254,0.0123972082019094,0.00277661326674712));
#15990=CARTESIAN_POINT('',(-0.000254,0.0122324740412157,0.00276411903147684));
#15991=CARTESIAN_POINT('',(-0.000254,0.0122324740412158,0.00276411903147656));
#15992=CARTESIAN_POINT('',(-0.000254,0.0120905578563467,0.00279085214779416));
#15993=CARTESIAN_POINT('',(-0.000254,0.0120905578563467,0.00279085214779432));
#15994=CARTESIAN_POINT('',(-0.000254,0.0119317599697267,0.00287880061899611));
#15995=CARTESIAN_POINT('',(-0.000254,0.0119317599697267,0.00287880061899634));
#15996=CARTESIAN_POINT('',(-0.000254,0.0118354795041804,0.00298398950515616));
#15997=CARTESIAN_POINT('',(-0.000254,0.0118354795041803,0.00298398950515612));
#15998=CARTESIAN_POINT('',(-0.000254,0.0117620169452231,0.0031284061007267));
#15999=CARTESIAN_POINT('',(-0.000254,0.0117620169452231,0.00312840610072672));
#16000=CARTESIAN_POINT('',(-0.000254,0.0116860498176735,0.00340387308247145));
#16001=CARTESIAN_POINT('',(-0.000254,0.0116860498176733,0.00340387308247136));
#16002=CARTESIAN_POINT('',(-0.000254,0.0116751043927338,0.00356553114457994));
#16003=CARTESIAN_POINT('',(-0.000254,0.0116751043927341,0.00356553114458004));
#16004=CARTESIAN_POINT('',(-0.000254,0.0117038586836766,0.00370520121395667));
#16005=CARTESIAN_POINT('',(-0.000254,0.011703858683676,0.00370520121395664));
#16006=CARTESIAN_POINT('',(-0.000254,0.0117951301059001,0.00386211274911699));
#16007=CARTESIAN_POINT('',(-0.000254,0.0117951301059004,0.00386211274911694));
#16008=CARTESIAN_POINT('',(-0.000254,0.0119429825757905,0.00393582234228927));
#16009=CARTESIAN_POINT('',(-0.000254,0.0119429825757905,0.00393582234228928));
#16010=CARTESIAN_POINT('',(-0.000254,0.,0.));
#16011=CARTESIAN_POINT('',(-0.000254,0.0118911211324092,0.00444560858132538));
#16012=CARTESIAN_POINT('',(-0.000254,0.0118911211324092,0.00444560858132556));
#16013=CARTESIAN_POINT('',(-0.000254,0.0120172044865089,0.0047371861991314));
#16014=CARTESIAN_POINT('',(-0.000254,0.0120172044865082,0.00473718619913164));
#16015=CARTESIAN_POINT('',(-0.000254,0.0111467038724099,0.00489606144798541));
#16016=CARTESIAN_POINT('',(-0.000254,0.01114670387241,0.00489606144798452));
#16017=CARTESIAN_POINT('',(-0.000254,0.0110506562820217,0.00513120127303798));
#16018=CARTESIAN_POINT('',(-0.000254,0.0110506562820214,0.00513120127303794));
#16019=CARTESIAN_POINT('',(-0.000254,0.012107264152144,0.00494545552944215));
#16020=CARTESIAN_POINT('',(-0.000254,0.0121072641521441,0.00494545552944254));
#16021=CARTESIAN_POINT('',(-0.000254,0.012461496577826,0.00570748736495638));
#16022=CARTESIAN_POINT('',(-0.000254,0.0124614965778257,0.00570748736495672));
#16023=CARTESIAN_POINT('',(-0.000254,0.012557544168214,0.00547234753990314));
#16024=CARTESIAN_POINT('',(-0.000254,0.0125575441682142,0.0054723475399033));
#16025=CARTESIAN_POINT('',(-0.000254,0.0121312641749004,0.00454369983649381));
#16026=CARTESIAN_POINT('',(-0.000254,0.0121312641749009,0.00454369983649376));
#16027=CARTESIAN_POINT('',(-0.000254,0.0128216753852747,0.00482571218007764));
#16028=CARTESIAN_POINT('',(-0.000254,0.0128216753852746,0.0048257121800778));
#16029=CARTESIAN_POINT('',(-0.000254,0.0128937111467632,0.00464935714310369));
#16030=CARTESIAN_POINT('',(-0.000254,0.0128937111467629,0.00464935714310354));
#16031=CARTESIAN_POINT('',(-0.000254,0.0114828708509611,0.00407307105118737));
#16032=CARTESIAN_POINT('',(-0.000254,0.0114828708509612,0.0040730710511873));
#16033=CARTESIAN_POINT('',(-0.000254,0.0114108350894711,0.00424942608816186));
#16034=CARTESIAN_POINT('',(-0.000254,0.0114108350894704,0.00424942608816156));
#16035=CARTESIAN_POINT('',(0.,0.012519365406515,-0.00214689042852983));
#16036=CARTESIAN_POINT('',(0.,0.0135014477902864,-0.00236118964643653));
#16037=CARTESIAN_POINT('',(0.,0.012519365406515,-0.00214689042852997));
#16038=CARTESIAN_POINT('',(0.,0.0123541961903669,-0.00214334608843413));
#16039=CARTESIAN_POINT('',(0.,0.0123541961903669,-0.00214334608843386));
#16040=CARTESIAN_POINT('',(0.,0.0122139381521282,-0.00217773475450959));
#16041=CARTESIAN_POINT('',(0.,0.0122139381521289,-0.00217773475451079));
#16042=CARTESIAN_POINT('',(0.,0.0120601424187068,-0.00227416351341394));
#16043=CARTESIAN_POINT('',(0.,0.0120601424187068,-0.00227416351341397));
#16044=CARTESIAN_POINT('',(0.,0.0119697068138938,-0.00238441811579228));
#16045=CARTESIAN_POINT('',(0.,0.0119697068138932,-0.00238441811579199));
#16046=CARTESIAN_POINT('',(0.,0.0119041824437719,-0.00253260559727017));
#16047=CARTESIAN_POINT('',(0.,0.0119041824437707,-0.00253260559726992));
#16048=CARTESIAN_POINT('',(0.,0.0118771070118472,-0.00265668586683354));
#16049=CARTESIAN_POINT('',(0.,0.0118771070118488,-0.00265668586683356));
#16050=CARTESIAN_POINT('',(0.,0.0118749427876361,-0.00281869912582898));
#16051=CARTESIAN_POINT('',(0.,0.011874942787635,-0.00281869912582927));
#16052=CARTESIAN_POINT('',(0.,0.0119112274995522,-0.0029566051957059));
#16053=CARTESIAN_POINT('',(0.,0.011911227499552,-0.00295660519570607));
#16054=CARTESIAN_POINT('',(0.,0.0120108723642855,-0.00310833699811672));
#16055=CARTESIAN_POINT('',(0.,0.0120108723642853,-0.00310833699811687));
#16056=CARTESIAN_POINT('',(0.,0.0121240549578919,-0.0031980286598481));
#16057=CARTESIAN_POINT('',(0.,0.0121240549578921,-0.00319802865984747));
#16058=CARTESIAN_POINT('',(0.,0.0122756864611027,-0.00326361312085824));
#16059=CARTESIAN_POINT('',(0.,0.0122756864611025,-0.00326361312085916));
#16060=CARTESIAN_POINT('',(0.,0.0132577688448766,-0.00347791233876644));
#16061=CARTESIAN_POINT('',(0.,0.0132577688448752,-0.00347791233876613));
#16062=CARTESIAN_POINT('',(0.,0.0132983820024437,-0.00329179189004542));
#16063=CARTESIAN_POINT('',(0.,0.013298382002444,-0.00329179189004397));
#16064=CARTESIAN_POINT('',(0.,0.0123162996186723,-0.00307749267213722));
#16065=CARTESIAN_POINT('',(0.,0.0123162996186722,-0.00307749267213739));
#16066=CARTESIAN_POINT('',(0.,0.0121963481862465,-0.00301882109650626));
#16067=CARTESIAN_POINT('',(0.,0.0121963481862465,-0.0030188210965062));
#16068=CARTESIAN_POINT('',(0.,0.0121148456892442,-0.00293604230835576));
#16069=CARTESIAN_POINT('',(0.,0.0121148456892456,-0.00293604230835519));
#16070=CARTESIAN_POINT('',(0.,0.0120717921006398,-0.00282915632503392));
#16071=CARTESIAN_POINT('',(0.,0.0120717921006381,-0.00282915632503398));
#16072=CARTESIAN_POINT('',(0.,0.0120671874696433,-0.00269816313403632));
#16073=CARTESIAN_POINT('',(0.,0.012067187469644,-0.00269816313403647));
#16074=CARTESIAN_POINT('',(0.,0.0120942629015681,-0.00257408286447066));
#16075=CARTESIAN_POINT('',(0.,0.0120942629015683,-0.00257408286447077));
#16076=CARTESIAN_POINT('',(0.,0.0121530184157764,-0.00245691542759188));
#16077=CARTESIAN_POINT('',(0.,0.012153018415776,-0.00245691542759146));
#16078=CARTESIAN_POINT('',(0.,0.0122366851619503,-0.00237768096219245));
#16079=CARTESIAN_POINT('',(0.,0.0122366851619505,-0.00237768096219301));
#16080=CARTESIAN_POINT('',(0.,0.012345263105401,-0.00233637941421557));
#16081=CARTESIAN_POINT('',(0.,0.012345263105401,-0.00233637941421543));
#16082=CARTESIAN_POINT('',(0.,0.0124787522489455,-0.00233301087725136));
#16083=CARTESIAN_POINT('',(0.,0.0124787522489454,-0.00233301087725156));
#16084=CARTESIAN_POINT('',(0.,0.0134608346327194,-0.0025473100951588));
#16085=CARTESIAN_POINT('',(0.,0.0134608346327177,-0.00254731009515845));
#16086=CARTESIAN_POINT('',(0.,0.0135014477902864,-0.00236118964643677));
#16087=CARTESIAN_POINT('',(0.,0.0120736579054578,-0.00159498702726112));
#16088=CARTESIAN_POINT('',(0.,0.0133971305971101,-0.00172087949238593));
#16089=CARTESIAN_POINT('',(0.,0.0120736579054573,-0.00159498702726107));
#16090=CARTESIAN_POINT('',(0.,0.0120556184452859,-0.00178463088629065));
#16091=CARTESIAN_POINT('',(0.,0.0120556184452859,-0.00178463088629059));
#16092=CARTESIAN_POINT('',(0.,0.0135727700409563,-0.00192894663647697));
#16093=CARTESIAN_POINT('',(0.,0.0135727700409564,-0.00192894663647698));
#16094=CARTESIAN_POINT('',(0.,0.0135998292355145,-0.00164448080271813));
#16095=CARTESIAN_POINT('',(0.,0.0135998292355146,-0.00164448080271797));
#16096=CARTESIAN_POINT('',(0.,0.0123838008427628,-0.00073147570422245));
#16097=CARTESIAN_POINT('',(0.,0.0123838008427628,-0.000731475704222508));
#16098=CARTESIAN_POINT('',(0.,0.0136749936944715,-0.000854297619686586));
#16099=CARTESIAN_POINT('',(0.,0.0136749936944706,-0.000854297619686501));
#16100=CARTESIAN_POINT('',(0.,0.0136930331632439,-0.00066465367022772));
#16101=CARTESIAN_POINT('',(0.,0.0136930331632439,-0.000664653670227529));
#16102=CARTESIAN_POINT('',(0.,0.0121758815675735,-0.000520337920041154));
#16103=CARTESIAN_POINT('',(0.,0.0121758815675748,-0.000520337920041283));
#16104=CARTESIAN_POINT('',(0.,0.0121488223644149,-0.00080480384422958));
#16105=CARTESIAN_POINT('',(0.,0.0121488223644148,-0.00080480384422971));
#16106=CARTESIAN_POINT('',(0.,0.0133971305971102,-0.00172087949238577));
#16107=CARTESIAN_POINT('',(0.,0.013704484998425,-0.000226715707628155));
#16108=CARTESIAN_POINT('',(0.,0.0121809675839699,-0.000265065255954523));
#16109=CARTESIAN_POINT('',(0.,0.0137044849984235,-0.000226715707628193));
#16110=CARTESIAN_POINT('',(0.,0.0136996913003111,-3.62758492040874E-5));
#16111=CARTESIAN_POINT('',(0.,0.0136996913003111,-3.62758492041121E-5));
#16112=CARTESIAN_POINT('',(0.,0.0123706654701995,-6.97297105221898E-5));
#16113=CARTESIAN_POINT('',(0.,0.0123706654701991,-6.97297105221992E-5));
#16114=CARTESIAN_POINT('',(0.,0.0123466970024951,0.00088246867351099));
#16115=CARTESIAN_POINT('',(0.,0.0123466970024951,0.000882468673511014));
#16116=CARTESIAN_POINT('',(0.,0.0121522054181542,0.00087757298650279));
#16117=CARTESIAN_POINT('',(0.,0.0121522054181535,0.000877572986502772));
#16118=CARTESIAN_POINT('',(0.,0.0121809675839699,-0.000265065255954534));
#16119=CARTESIAN_POINT('',(0.,0.0135687644054903,0.00185538626916492));
#16120=CARTESIAN_POINT('',(0.,0.013559644890006,0.0016936152882653));
#16121=CARTESIAN_POINT('',(0.,0.0135687644054902,0.0018553862691649));
#16122=CARTESIAN_POINT('',(0.,0.0135320205681171,0.00210671427667808));
#16123=CARTESIAN_POINT('',(0.,0.0135320205681175,0.00210671427667824));
#16124=CARTESIAN_POINT('',(0.,0.0134769711770731,0.00225910384446222));
#16125=CARTESIAN_POINT('',(0.,0.0134769711770733,0.00225910384446237));
#16126=CARTESIAN_POINT('',(0.,0.0133944303518579,0.00237538643510384));
#16127=CARTESIAN_POINT('',(0.,0.0133944303518579,0.00237538643510385));
#16128=CARTESIAN_POINT('',(0.,0.0132477205675513,0.00248228797215784));
#16129=CARTESIAN_POINT('',(0.,0.0132477205675513,0.00248228797215765));
#16130=CARTESIAN_POINT('',(0.,0.013110196821431,0.00252635696804177));
#16131=CARTESIAN_POINT('',(0.,0.013110196821431,0.00252635696804176));
#16132=CARTESIAN_POINT('',(0.,0.0129451814461335,0.0025343196926982));
#16133=CARTESIAN_POINT('',(0.,0.0129451814461335,0.00253431969269811));
#16134=CARTESIAN_POINT('',(0.,0.0124639146022276,0.00246395908776387));
#16135=CARTESIAN_POINT('',(0.,0.0124639146022277,0.00246395908776376));
#16136=CARTESIAN_POINT('',(0.,0.0123080853549993,0.00240908928439066));
#16137=CARTESIAN_POINT('',(0.,0.0123080853549986,0.00240908928439158));
#16138=CARTESIAN_POINT('',(0.,0.0121889334525314,0.00232749463276088));
#16139=CARTESIAN_POINT('',(0.,0.0121889334525325,0.00232749463276005));
#16140=CARTESIAN_POINT('',(0.,0.0120789675994892,0.00218306744160315));
#16141=CARTESIAN_POINT('',(0.,0.0120789675994883,0.00218306744160346));
#16142=CARTESIAN_POINT('',(0.,0.0120331706032195,0.00204802202349945));
#16143=CARTESIAN_POINT('',(0.,0.0120331706032188,0.00204802202349949));
#16144=CARTESIAN_POINT('',(0.,0.0120240510849257,0.00188625104218938));
#16145=CARTESIAN_POINT('',(0.,0.0120240510849258,0.0018862510421894));
#16146=CARTESIAN_POINT('',(0.,0.0120607949222989,0.00163492303467596));
#16147=CARTESIAN_POINT('',(0.,0.0120607949222989,0.00163492303467595));
#16148=CARTESIAN_POINT('',(0.,0.0121158443161522,0.00148253346730255));
#16149=CARTESIAN_POINT('',(0.,0.0121158443161528,0.00148253346730299));
#16150=CARTESIAN_POINT('',(0.,0.0121983851497951,0.00136625087789283));
#16151=CARTESIAN_POINT('',(0.,0.0121983851497948,0.00136625087789246));
#16152=CARTESIAN_POINT('',(0.,0.012345094945336,0.00125934934248144));
#16153=CARTESIAN_POINT('',(0.,0.0123450949453361,0.00125934934248173));
#16154=CARTESIAN_POINT('',(0.,0.0124826187139278,0.0012152803498825));
#16155=CARTESIAN_POINT('',(0.,0.0124826187139278,0.00121528034988265));
#16156=CARTESIAN_POINT('',(0.,0.0126476339993423,0.00120731761208563));
#16157=CARTESIAN_POINT('',(0.,0.0126476339993424,0.00120731761208536));
#16158=CARTESIAN_POINT('',(0.,0.0131289008432507,0.00127767821701996));
#16159=CARTESIAN_POINT('',(0.,0.0131289008432505,0.0012776782170206));
#16160=CARTESIAN_POINT('',(0.,0.0132847301803595,0.00133254803353386));
#16161=CARTESIAN_POINT('',(0.,0.0132847301803599,0.0013325480335333));
#16162=CARTESIAN_POINT('',(0.,0.013403882060356,0.0014141426818784));
#16163=CARTESIAN_POINT('',(0.,0.0134038820603554,0.00141414268187882));
#16164=CARTESIAN_POINT('',(0.,0.0135138479021638,0.00155856987139352));
#16165=CARTESIAN_POINT('',(0.,0.0135138479021635,0.00155856987139361));
#16166=CARTESIAN_POINT('',(0.,0.0135596448900057,0.00169361528826531));
#16167=CARTESIAN_POINT('',(0.,0.0119429825757905,0.00393582234228928));
#16168=CARTESIAN_POINT('',(0.,0.0119936273274901,0.00375217768779179));
#16169=CARTESIAN_POINT('',(0.,0.0119429825757905,0.00393582234228925));
#16170=CARTESIAN_POINT('',(0.,0.0117951301059004,0.00386211274911694));
#16171=CARTESIAN_POINT('',(0.,0.0117951301058997,0.00386211274911734));
#16172=CARTESIAN_POINT('',(0.,0.011703858683676,0.00370520121395664));
#16173=CARTESIAN_POINT('',(0.,0.0117038586836779,0.00370520121395624));
#16174=CARTESIAN_POINT('',(0.,0.0116751043927341,0.00356553114458004));
#16175=CARTESIAN_POINT('',(0.,0.0116751043927328,0.00356553114457996));
#16176=CARTESIAN_POINT('',(0.,0.0116860498176733,0.00340387308247136));
#16177=CARTESIAN_POINT('',(0.,0.011686049817674,0.00340387308247157));
#16178=CARTESIAN_POINT('',(0.,0.0117620169452231,0.00312840610072672));
#16179=CARTESIAN_POINT('',(0.,0.011762016945223,0.00312840610072665));
#16180=CARTESIAN_POINT('',(0.,0.0118354795041803,0.00298398950515612));
#16181=CARTESIAN_POINT('',(0.,0.0118354795041805,0.00298398950515625));
#16182=CARTESIAN_POINT('',(0.,0.0119317599697267,0.00287880061899634));
#16183=CARTESIAN_POINT('',(0.,0.0119317599697263,0.0028788006189956));
#16184=CARTESIAN_POINT('',(0.,0.0120905578563467,0.00279085214779432));
#16185=CARTESIAN_POINT('',(0.,0.0120905578563466,0.00279085214779378));
#16186=CARTESIAN_POINT('',(0.,0.0122324740412158,0.00276411903147656));
#16187=CARTESIAN_POINT('',(0.,0.0122324740412158,0.00276411903147761));
#16188=CARTESIAN_POINT('',(0.,0.0123972082019094,0.00277661326674712));
#16189=CARTESIAN_POINT('',(0.,0.0123972082019093,0.00277661326674752));
#16190=CARTESIAN_POINT('',(0.,0.0128660881587273,0.00290591901242772));
#16191=CARTESIAN_POINT('',(0.,0.0128660881587275,0.0029059190124272));
#16192=CARTESIAN_POINT('',(0.,0.0130139406942916,0.00297962862371026));
#16193=CARTESIAN_POINT('',(0.,0.0130139406942905,0.00297962862371145));
#16194=CARTESIAN_POINT('',(0.,0.0131220938182643,0.00307532480398884));
#16195=CARTESIAN_POINT('',(0.,0.0131220938182665,0.00307532480398757));
#16196=CARTESIAN_POINT('',(0.,0.0132133652295438,0.00323223633612908));
#16197=CARTESIAN_POINT('',(0.,0.0132133652295431,0.00323223633612923));
#16198=CARTESIAN_POINT('',(0.,0.0132421194156803,0.00337190675351616));
#16199=CARTESIAN_POINT('',(0.,0.0132421194156806,0.00337190675351618));
#16200=CARTESIAN_POINT('',(0.,0.0132311741811979,0.00353356411432322));
#16201=CARTESIAN_POINT('',(0.,0.0132311741811971,0.00353356411432301));
#16202=CARTESIAN_POINT('',(0.,0.0131552070536481,0.00380903109606786));
#16203=CARTESIAN_POINT('',(0.,0.0131552070536483,0.00380903109606799));
#16204=CARTESIAN_POINT('',(0.,0.013081744304234,0.00395344839294008));
#16205=CARTESIAN_POINT('',(0.,0.0130817443042344,0.00395344839294043));
#16206=CARTESIAN_POINT('',(0.,0.0129854639434931,0.00405863693109192));
#16207=CARTESIAN_POINT('',(0.,0.0129854639434928,0.00405863693109127));
#16208=CARTESIAN_POINT('',(0.,0.012826666067818,0.00414658540531146));
#16209=CARTESIAN_POINT('',(0.,0.012826666067818,0.00414658540531176));
#16210=CARTESIAN_POINT('',(0.,0.0126619318195579,0.00413409114589312));
#16211=CARTESIAN_POINT('',(0.,0.012661931819558,0.00413409114589314));
#16212=CARTESIAN_POINT('',(0.,0.0127125765712578,0.003950446491395));
#16213=CARTESIAN_POINT('',(0.,0.0127125765712578,0.00395044649139581));
#16214=CARTESIAN_POINT('',(0.,0.0128147934977811,0.0039456999863338));
#16215=CARTESIAN_POINT('',(0.,0.0128147934977811,0.00394569998633382));
#16216=CARTESIAN_POINT('',(0.,0.0129026331953678,0.00387111842356682));
#16217=CARTESIAN_POINT('',(0.,0.0129026331953675,0.00387111842356663));
#16218=CARTESIAN_POINT('',(0.,0.0129676550884353,0.00375730880262416));
#16219=CARTESIAN_POINT('',(0.,0.012967655088436,0.00375730880262436));
#16220=CARTESIAN_POINT('',(0.,0.0130436222159851,0.00348184182087952));
#16221=CARTESIAN_POINT('',(0.,0.0130436222159838,0.00348184182087949));
#16222=CARTESIAN_POINT('',(0.,0.0130461265941183,0.0033507921360071));
#16223=CARTESIAN_POINT('',(0.,0.0130461265941192,0.00335079213600678));
#16224=CARTESIAN_POINT('',(0.,0.0130089316482315,0.0032417290442785));
#16225=CARTESIAN_POINT('',(0.,0.0130089316482314,0.0032417290442786));
#16226=CARTESIAN_POINT('',(0.,0.0129320371941543,0.00315465287181702));
#16227=CARTESIAN_POINT('',(0.,0.0129320371941544,0.00315465287181686));
#16228=CARTESIAN_POINT('',(0.,0.0128154434070274,0.0030895636669233));
#16229=CARTESIAN_POINT('',(0.,0.0128154434070275,0.00308956366692289));
#16230=CARTESIAN_POINT('',(0.,0.0123465634502095,0.0029602579212427));
#16231=CARTESIAN_POINT('',(0.,0.0123465634502095,0.00296025792124228));
#16232=CARTESIAN_POINT('',(0.,0.0122130879503843,0.00295638406821318));
#16233=CARTESIAN_POINT('',(0.,0.0122130879503846,0.00295638406821404));
#16234=CARTESIAN_POINT('',(0.,0.0121024303516797,0.00299173792308318));
#16235=CARTESIAN_POINT('',(0.,0.0121024303516807,0.00299173792308443));
#16236=CARTESIAN_POINT('',(0.,0.0120145906322007,0.00306631947981512));
#16237=CARTESIAN_POINT('',(0.,0.0120145906321999,0.00306631947981467));
#16238=CARTESIAN_POINT('',(0.,0.0119495689323282,0.00318012840020546));
#16239=CARTESIAN_POINT('',(0.,0.0119495689323274,0.00318012840020515));
#16240=CARTESIAN_POINT('',(0.,0.0118736018047784,0.00345559538195));
#16241=CARTESIAN_POINT('',(0.,0.0118736018047791,0.00345559538195011));
#16242=CARTESIAN_POINT('',(0.,0.0118710972334502,0.0035866457673723));
#16243=CARTESIAN_POINT('',(0.,0.0118710972334493,0.00358664576737261));
#16244=CARTESIAN_POINT('',(0.,0.0119082922012293,0.00369570886513848));
#16245=CARTESIAN_POINT('',(0.,0.0119082922012296,0.00369570886513796));
#16246=CARTESIAN_POINT('',(0.,0.0119936273274878,0.00375217768779116));
#16247=CARTESIAN_POINT('',(0.,0.0114108350894704,0.00424942608816156));
#16248=CARTESIAN_POINT('',(0.,0.011891121132409,0.0044456085813258));
#16249=CARTESIAN_POINT('',(0.,0.0114108350894718,0.00424942608816215));
#16250=CARTESIAN_POINT('',(0.,0.0114828708509612,0.0040730710511873));
#16251=CARTESIAN_POINT('',(0.,0.0114828708509611,0.00407307105118743));
#16252=CARTESIAN_POINT('',(0.,0.0128937111467629,0.00464935714310354));
#16253=CARTESIAN_POINT('',(0.,0.0128937111467636,0.00464935714310384));
#16254=CARTESIAN_POINT('',(0.,0.0128216753852746,0.0048257121800778));
#16255=CARTESIAN_POINT('',(0.,0.0128216753852747,0.00482571218007748));
#16256=CARTESIAN_POINT('',(0.,0.0121312641749009,0.00454369983649376));
#16257=CARTESIAN_POINT('',(0.,0.0121312641748997,0.00454369983649432));
#16258=CARTESIAN_POINT('',(0.,0.0125575441682142,0.0054723475399033));
#16259=CARTESIAN_POINT('',(0.,0.0125575441682136,0.00547234753990306));
#16260=CARTESIAN_POINT('',(0.,0.0124614965778257,0.00570748736495672));
#16261=CARTESIAN_POINT('',(0.,0.0124614965778268,0.0057074873649562));
#16262=CARTESIAN_POINT('',(0.,0.0121072641521441,0.00494545552944254));
#16263=CARTESIAN_POINT('',(0.,0.012107264152144,0.00494545552944172));
#16264=CARTESIAN_POINT('',(0.,0.0110506562820214,0.00513120127303794));
#16265=CARTESIAN_POINT('',(0.,0.011050656282022,0.00513120127303818));
#16266=CARTESIAN_POINT('',(0.,0.01114670387241,0.00489606144798452));
#16267=CARTESIAN_POINT('',(0.,0.0111467038724104,0.00489606144798651));
#16268=CARTESIAN_POINT('',(0.,0.0120172044865082,0.00473718619913164));
#16269=CARTESIAN_POINT('',(0.,0.0120172044865097,0.00473718619913099));
#16270=CARTESIAN_POINT('',(0.,0.0118911211324092,0.00444560858132538));
#16271=CARTESIAN_POINT('',(0.,-0.00327228562796328,0.0130979093720689));
#16272=CARTESIAN_POINT('',(0.,-0.00351812141145499,0.0130340287271854));
#16273=CARTESIAN_POINT('',(-0.000254,-0.00351812141145458,0.0130340287271842));
#16274=CARTESIAN_POINT('',(-0.000254,-0.00327228562796328,0.0130979093720689));
#16275=CARTESIAN_POINT('',(-0.000254,-0.00327228562796328,0.0130979093720689));
#16276=CARTESIAN_POINT('',(0.,-0.00327228562796328,0.0130979093720689));
#16277=CARTESIAN_POINT('',(0.,-0.00314121267138226,0.0130984664221054));
#16278=CARTESIAN_POINT('',(-0.000254,-0.00314121267138226,0.0130984664221054));
#16279=CARTESIAN_POINT('',(-0.000254,-0.00314121267138266,0.0130984664221049));
#16280=CARTESIAN_POINT('',(0.,-0.00314121267138307,0.0130984664221032));
#16281=CARTESIAN_POINT('',(0.,-0.00303271427676404,0.0130596550791441));
#16282=CARTESIAN_POINT('',(-0.000254,-0.00303271427676404,0.0130596550791441));
#16283=CARTESIAN_POINT('',(-0.000254,-0.00303271427676407,0.0130596550791441));
#16284=CARTESIAN_POINT('',(0.,-0.00303271427676413,0.013059655079144));
#16285=CARTESIAN_POINT('',(0.,-0.00294679042126132,0.0129814752552729));
#16286=CARTESIAN_POINT('',(-0.000254,-0.00294679042126132,0.0129814752552729));
#16287=CARTESIAN_POINT('',(-0.000254,-0.00294679042126137,0.0129814752552729));
#16288=CARTESIAN_POINT('',(0.,-0.00294679042126146,0.0129814752552728));
#16289=CARTESIAN_POINT('',(0.,-0.00288344097472704,0.0128639271720129));
#16290=CARTESIAN_POINT('',(-0.000254,-0.00288344097472704,0.0128639271720129));
#16291=CARTESIAN_POINT('',(-0.000254,-0.00288344097472683,0.0128639271720129));
#16292=CARTESIAN_POINT('',(0.,-0.00288344097472631,0.0128639271720131));
#16293=CARTESIAN_POINT('',(0.,-0.0027611163095826,0.0123931776992923));
#16294=CARTESIAN_POINT('',(-0.000254,-0.0027611163095826,0.0123931776992923));
#16295=CARTESIAN_POINT('',(-0.000254,-0.00276111630958246,0.0123931776992922));
#16296=CARTESIAN_POINT('',(0.,-0.00276111630958207,0.0123931776992923));
#16297=CARTESIAN_POINT('',(0.,-0.00275922594079794,0.0122596594205432));
#16298=CARTESIAN_POINT('',(-0.000254,-0.00275922594079794,0.0122596594205432));
#16299=CARTESIAN_POINT('',(-0.000254,-0.00275922594079809,0.0122596594205433));
#16300=CARTESIAN_POINT('',(0.,-0.00275922594079854,0.0122596594205434));
#16301=CARTESIAN_POINT('',(0.,-0.0027962199119686,0.0121495393849925));
#16302=CARTESIAN_POINT('',(-0.000254,-0.0027962199119686,0.0121495393849925));
#16303=CARTESIAN_POINT('',(-0.000254,-0.00279621991196834,0.0121495393849921));
#16304=CARTESIAN_POINT('',(0.,-0.00279621991196738,0.0121495393849915));
#16305=CARTESIAN_POINT('',(0.,-0.00287209839321616,0.0120628175249669));
#16306=CARTESIAN_POINT('',(-0.000254,-0.00287209839321616,0.0120628175249669));
#16307=CARTESIAN_POINT('',(-0.000254,-0.00287209839321617,0.012062817524967));
#16308=CARTESIAN_POINT('',(0.,-0.00287209839321622,0.012062817524967));
#16309=CARTESIAN_POINT('',(0.,-0.00298686139596554,0.0119994938844288));
#16310=CARTESIAN_POINT('',(-0.000254,-0.00298686139596554,0.0119994938844288));
#16311=CARTESIAN_POINT('',(-0.000254,-0.00298686139596555,0.0119994938844292));
#16312=CARTESIAN_POINT('',(0.,-0.00298686139596589,0.0119994938844301));
#16313=CARTESIAN_POINT('',(0.,-0.00323269717945936,0.0119356132395462));
#16314=CARTESIAN_POINT('',(-0.000254,-0.00323269717945936,0.0119356132395462));
#16315=CARTESIAN_POINT('',(-0.000254,-0.00323269717945936,0.0119356132395462));
#16316=CARTESIAN_POINT('',(0.,-0.00323269717945936,0.0119356132395462));
#16317=CARTESIAN_POINT('',(0.,-0.00336377013603784,0.0119350561895097));
#16318=CARTESIAN_POINT('',(-0.000254,-0.00336377013603785,0.0119350561895097));
#16319=CARTESIAN_POINT('',(-0.000254,-0.00336377013603804,0.0119350561895094));
#16320=CARTESIAN_POINT('',(0.,-0.00336377013603823,0.0119350561895086));
#16321=CARTESIAN_POINT('',(0.,-0.00347226853636852,0.0119738675544471));
#16322=CARTESIAN_POINT('',(-0.000254,-0.00347226853636853,0.0119738675544471));
#16323=CARTESIAN_POINT('',(-0.000254,-0.00347226853636848,0.0119738675544471));
#16324=CARTESIAN_POINT('',(0.,-0.00347226853636841,0.0119738675544472));
#16325=CARTESIAN_POINT('',(0.,-0.00355819236902648,0.0120520472904013));
#16326=CARTESIAN_POINT('',(-0.000254,-0.00355819236902648,0.0120520472904013));
#16327=CARTESIAN_POINT('',(-0.000254,-0.00355819236902643,0.0120520472904013));
#16328=CARTESIAN_POINT('',(0.,-0.00355819236902633,0.0120520472904014));
#16329=CARTESIAN_POINT('',(0.,-0.00362154181556076,0.0121695953736613));
#16330=CARTESIAN_POINT('',(-0.000254,-0.00362154181556077,0.0121695953736613));
#16331=CARTESIAN_POINT('',(-0.000254,-0.00362154181556079,0.0121695953736613));
#16332=CARTESIAN_POINT('',(0.,-0.00362154181556087,0.0121695953736612));
#16333=CARTESIAN_POINT('',(0.,-0.0037438664807052,0.0126403448463845));
#16334=CARTESIAN_POINT('',(-0.000254,-0.0037438664807052,0.0126403448463845));
#16335=CARTESIAN_POINT('',(-0.000254,-0.00374386648070534,0.0126403448463845));
#16336=CARTESIAN_POINT('',(0.,-0.00374386648070573,0.0126403448463844));
#16337=CARTESIAN_POINT('',(0.,-0.00374575684948986,0.0127738631251335));
#16338=CARTESIAN_POINT('',(-0.000254,-0.00374575684948986,0.0127738631251335));
#16339=CARTESIAN_POINT('',(-0.000254,-0.00374575684948949,0.0127738631251332));
#16340=CARTESIAN_POINT('',(0.,-0.00374575684948837,0.012773863125133));
#16341=CARTESIAN_POINT('',(0.,-0.00370876290116396,0.0128839832486012));
#16342=CARTESIAN_POINT('',(-0.000254,-0.00370876290116396,0.0128839832486012));
#16343=CARTESIAN_POINT('',(-0.000254,-0.0037087629011639,0.0128839832486011));
#16344=CARTESIAN_POINT('',(0.,-0.00370876290116371,0.012883983248601));
#16345=CARTESIAN_POINT('',(0.,-0.00363288441420394,0.0129707050866456));
#16346=CARTESIAN_POINT('',(-0.000254,-0.00363288441420394,0.0129707050866456));
#16347=CARTESIAN_POINT('',(-0.000254,-0.00363288441420393,0.0129707050866456));
#16348=CARTESIAN_POINT('',(0.,-0.00363288441420388,0.0129707050866455));
#16349=CARTESIAN_POINT('',(0.,-0.00351812141145456,0.0130340287271838));
#16350=CARTESIAN_POINT('',(-0.000254,-0.00351812141145456,0.0130340287271838));
#16351=CARTESIAN_POINT('',(-0.000254,0.,0.));
#16352=CARTESIAN_POINT('',(-0.000254,-0.00106231097543628,0.0121374513864863));
#16353=CARTESIAN_POINT('',(-0.000254,-0.00106231097543633,0.0121374513864863));
#16354=CARTESIAN_POINT('',(-0.000254,-0.00219503015671705,0.0119844930380451));
#16355=CARTESIAN_POINT('',(-0.000254,-0.00219503015671703,0.011984493038045));
#16356=CARTESIAN_POINT('',(-0.000254,-0.00222106562021695,0.0121772963024656));
#16357=CARTESIAN_POINT('',(-0.000254,-0.002221065620217,0.0121772963024656));
#16358=CARTESIAN_POINT('',(-0.000254,-0.00127713296914959,0.0123047615928331));
#16359=CARTESIAN_POINT('',(-0.000254,-0.00127713296914958,0.012304761592833));
#16360=CARTESIAN_POINT('',(-0.000254,-0.0014550419702379,0.0136222505701205));
#16361=CARTESIAN_POINT('',(-0.000254,-0.0014550419702379,0.0136222505701205));
#16362=CARTESIAN_POINT('',(-0.000254,-0.00126625544002454,0.0136477436281943));
#16363=CARTESIAN_POINT('',(-0.000254,-0.00126625544002457,0.0136477436281945));
#16364=CARTESIAN_POINT('',(-0.000254,0.,0.));
#16365=CARTESIAN_POINT('',(-0.000254,-0.0031594131698326,0.013294751245664));
#16366=CARTESIAN_POINT('',(-0.000254,-0.00315941316983258,0.013294751245664));
#16367=CARTESIAN_POINT('',(-0.000254,-0.00302018523633831,0.0132639250004488));
#16368=CARTESIAN_POINT('',(-0.000254,-0.0030201852363383,0.0132639250004485));
#16369=CARTESIAN_POINT('',(-0.000254,-0.00286464743693195,0.0131703321418865));
#16370=CARTESIAN_POINT('',(-0.000254,-0.00286464743693192,0.0131703321418865));
#16371=CARTESIAN_POINT('',(-0.000254,-0.00277056853944119,0.0130607691335275));
#16372=CARTESIAN_POINT('',(-0.000254,-0.00277056853944112,0.0130607691335276));
#16373=CARTESIAN_POINT('',(-0.000254,-0.00269906418106553,0.012911837644254));
#16374=CARTESIAN_POINT('',(-0.000254,-0.00269906418106582,0.0129118376442538));
#16375=CARTESIAN_POINT('',(-0.000254,-0.00257673951592141,0.0124410881715305));
#16376=CARTESIAN_POINT('',(-0.000254,-0.00257673951592138,0.0124410881715306));
#16377=CARTESIAN_POINT('',(-0.000254,-0.00256669408230411,0.0122761866203767));
#16378=CARTESIAN_POINT('',(-0.000254,-0.00256669408230389,0.0122761866203767));
#16379=CARTESIAN_POINT('',(-0.000254,-0.00259553315876571,0.0121346832447506));
#16380=CARTESIAN_POINT('',(-0.000254,-0.00259553315876582,0.0121346832447506));
#16381=CARTESIAN_POINT('',(-0.000254,-0.0026858311399981,0.0119772097303154));
#16382=CARTESIAN_POINT('',(-0.000254,-0.0026858311399983,0.0119772097303155));
#16383=CARTESIAN_POINT('',(-0.000254,-0.00279243916369047,0.0118825027862854));
#16384=CARTESIAN_POINT('',(-0.000254,-0.00279243916369064,0.0118825027862855));
#16385=CARTESIAN_POINT('',(-0.000254,-0.00293793152876588,0.0118111940909455));
#16386=CARTESIAN_POINT('',(-0.000254,-0.00293793152876578,0.0118111940909453));
#16387=CARTESIAN_POINT('',(-0.000254,-0.00318376731225973,0.0117473134460604));
#16388=CARTESIAN_POINT('',(-0.000254,-0.0031837673122596,0.0117473134460602));
#16389=CARTESIAN_POINT('',(-0.000254,-0.0033455698084252,0.0117387713010281));
#16390=CARTESIAN_POINT('',(-0.000254,-0.00334556980842536,0.0117387713010287));
#16391=CARTESIAN_POINT('',(-0.000254,-0.00348479756822685,0.0117695976001762));
#16392=CARTESIAN_POINT('',(-0.000254,-0.00348479756822684,0.0117695976001761));
#16393=CARTESIAN_POINT('',(-0.000254,-0.00364033545840518,0.0118631904468814));
#16394=CARTESIAN_POINT('',(-0.000254,-0.0036403354584052,0.0118631904468813));
#16395=CARTESIAN_POINT('',(-0.000254,-0.00373441427369126,0.0119727535000664));
#16396=CARTESIAN_POINT('',(-0.000254,-0.00373441427369144,0.0119727535000661));
#16397=CARTESIAN_POINT('',(-0.000254,-0.00380591869713919,0.0121216848785755));
#16398=CARTESIAN_POINT('',(-0.000254,-0.003805918697139,0.0121216848785757));
#16399=CARTESIAN_POINT('',(-0.000254,-0.00392824336228341,0.0125924343512989));
#16400=CARTESIAN_POINT('',(-0.000254,-0.00392824336228345,0.0125924343512989));
#16401=CARTESIAN_POINT('',(-0.000254,-0.00393828873082844,0.0127573360132145));
#16402=CARTESIAN_POINT('',(-0.000254,-0.00393828873082868,0.0127573360132145));
#16403=CARTESIAN_POINT('',(-0.000254,-0.00390944973657182,0.0128988393440172));
#16404=CARTESIAN_POINT('',(-0.000254,-0.0039094497365713,0.0128988393440172));
#16405=CARTESIAN_POINT('',(-0.000254,-0.00381915166456657,0.013056312870309));
#16406=CARTESIAN_POINT('',(-0.000254,-0.00381915166456684,0.0130563128703091));
#16407=CARTESIAN_POINT('',(-0.000254,-0.00371254381456738,0.0131510197604073));
#16408=CARTESIAN_POINT('',(-0.000254,-0.00371254381456732,0.0131510197604072));
#16409=CARTESIAN_POINT('',(-0.000254,-0.00356705127294451,0.0132223284986888));
#16410=CARTESIAN_POINT('',(-0.000254,-0.0035670512729444,0.0132223284986886));
#16411=CARTESIAN_POINT('',(-0.000254,-0.00332121548945046,0.0132862091435735));
#16412=CARTESIAN_POINT('',(-0.000254,-0.00332121548945058,0.0132862091435738));
#16413=CARTESIAN_POINT('',(-0.000254,0.,0.));
#16414=CARTESIAN_POINT('',(-0.000254,-0.0050352970385806,0.0115139792220946));
#16415=CARTESIAN_POINT('',(-0.000254,-0.00503529703858063,0.0115139792220946));
#16416=CARTESIAN_POINT('',(-0.000254,-0.00496987564443572,0.0114352972489785));
#16417=CARTESIAN_POINT('',(-0.000254,-0.00496987564443508,0.0114352972489788));
#16418=CARTESIAN_POINT('',(-0.000254,-0.00485741210797321,0.0114101939048015));
#16419=CARTESIAN_POINT('',(-0.000254,-0.00485741210797322,0.0114101939048015));
#16420=CARTESIAN_POINT('',(-0.000254,-0.00472741322571343,0.0114269472542209));
#16421=CARTESIAN_POINT('',(-0.000254,-0.00472741322571344,0.0114269472542208));
#16422=CARTESIAN_POINT('',(-0.000254,-0.00446185119490312,0.011532445454639));
#16423=CARTESIAN_POINT('',(-0.000254,-0.00446185119490308,0.0115324454546388));
#16424=CARTESIAN_POINT('',(-0.000254,-0.0043557951637846,0.011609468193938));
#16425=CARTESIAN_POINT('',(-0.000254,-0.00435579516378468,0.0116094681939382));
#16426=CARTESIAN_POINT('',(-0.000254,-0.00429121734637236,0.0117049036717286));
#16427=CARTESIAN_POINT('',(-0.000254,-0.00429121734637212,0.0117049036717283));
#16428=CARTESIAN_POINT('',(-0.000254,-0.0042681177259011,0.0118187518457991));
#16429=CARTESIAN_POINT('',(-0.000254,-0.0042681177259014,0.0118187518457993));
#16430=CARTESIAN_POINT('',(-0.000254,-0.00428649664843231,0.0119510126031111));
#16431=CARTESIAN_POINT('',(-0.000254,-0.00428649664843229,0.0119510126031111));
#16432=CARTESIAN_POINT('',(-0.000254,-0.00446606804876291,0.0124030330694113));
#16433=CARTESIAN_POINT('',(-0.000254,-0.00446606804876298,0.0124030330694113));
#16434=CARTESIAN_POINT('',(-0.000254,-0.00454346053079765,0.0125118498716147));
#16435=CARTESIAN_POINT('',(-0.000254,-0.00454346053079762,0.0125118498716147));
#16436=CARTESIAN_POINT('',(-0.000254,-0.00463838873823107,0.0125788099516005));
#16437=CARTESIAN_POINT('',(-0.000254,-0.00463838873823064,0.0125788099516008));
#16438=CARTESIAN_POINT('',(-0.000254,-0.00475085226631046,0.0126039132746733));
#16439=CARTESIAN_POINT('',(-0.000254,-0.0047508522663105,0.0126039132746732));
#16440=CARTESIAN_POINT('',(-0.000254,-0.00488085114857023,0.0125871599252519));
#16441=CARTESIAN_POINT('',(-0.000254,-0.00488085114857028,0.0125871599252513));
#16442=CARTESIAN_POINT('',(-0.000254,-0.0051464131793806,0.0124816617248331));
#16443=CARTESIAN_POINT('',(-0.000254,-0.00514641317938064,0.0124816617248334));
#16444=CARTESIAN_POINT('',(-0.000254,-0.00525246921049912,0.0124046389855342));
#16445=CARTESIAN_POINT('',(-0.000254,-0.00525246921049904,0.012404638985534));
#16446=CARTESIAN_POINT('',(-0.000254,-0.00531704703629583,0.0123092035288483));
#16447=CARTESIAN_POINT('',(-0.000254,-0.00531704703629614,0.0123092035288488));
#16448=CARTESIAN_POINT('',(-0.000254,-0.00531063984347774,0.0122070772479098));
#16449=CARTESIAN_POINT('',(-0.000254,-0.00531063984347682,0.01220707724791));
#16450=CARTESIAN_POINT('',(-0.000254,-0.00548768119735122,0.0121367451142971));
#16451=CARTESIAN_POINT('',(-0.000254,-0.00548768119735124,0.0121367451142971));
#16452=CARTESIAN_POINT('',(-0.000254,-0.00551803124130972,0.0122991407851158));
#16453=CARTESIAN_POINT('',(-0.000254,-0.0055180312413094,0.012299140785116));
#16454=CARTESIAN_POINT('',(-0.000254,-0.00544788948690403,0.012466567609233));
#16455=CARTESIAN_POINT('',(-0.000254,-0.00544788948690434,0.012466567609233));
#16456=CARTESIAN_POINT('',(-0.000254,-0.00535380488135576,0.0125737250434701));
#16457=CARTESIAN_POINT('',(-0.000254,-0.00535380488135536,0.0125737250434699));
#16458=CARTESIAN_POINT('',(-0.000254,-0.00521824173280488,0.0126624698944686));
#16459=CARTESIAN_POINT('',(-0.000254,-0.00521824173280478,0.0126624698944685));
#16460=CARTESIAN_POINT('',(-0.000254,-0.00495267970199422,0.0127679680948887));
#16461=CARTESIAN_POINT('',(-0.000254,-0.00495267970199442,0.012767968094889));
#16462=CARTESIAN_POINT('',(-0.000254,-0.00479317370230239,0.01279644355601));
#16463=CARTESIAN_POINT('',(-0.000254,-0.00479317370230246,0.0127964435560101));
#16464=CARTESIAN_POINT('',(-0.000254,-0.00465120339447333,0.0127830622104898));
#16465=CARTESIAN_POINT('',(-0.000254,-0.00465120339447326,0.0127830622104894));
#16466=CARTESIAN_POINT('',(-0.000254,-0.00448529006665876,0.0127094115421647));
#16467=CARTESIAN_POINT('',(-0.000254,-0.00448529006665872,0.0127094115421649));
#16468=CARTESIAN_POINT('',(-0.000254,-0.00437839063603078,0.012612316784587));
#16469=CARTESIAN_POINT('',(-0.000254,-0.00437839063603078,0.012612316784587));
#16470=CARTESIAN_POINT('',(-0.000254,-0.00428902652604943,0.0124733652700981));
#16471=CARTESIAN_POINT('',(-0.000254,-0.00428902652604969,0.0124733652700979));
#16472=CARTESIAN_POINT('',(-0.000254,-0.00410945512571905,0.0120213448037977));
#16473=CARTESIAN_POINT('',(-0.000254,-0.00410945512571898,0.0120213448037977));
#16474=CARTESIAN_POINT('',(-0.000254,-0.00407910494645738,0.0118589492844722));
#16475=CARTESIAN_POINT('',(-0.000254,-0.00407910494645757,0.0118589492844721));
#16476=CARTESIAN_POINT('',(-0.000254,-0.00409023296413343,0.0117149664614298));
#16477=CARTESIAN_POINT('',(-0.000254,-0.0040902329641329,0.0117149664614299));
#16478=CARTESIAN_POINT('',(-0.000254,-0.0041603748831878,0.0115475395596879));
#16479=CARTESIAN_POINT('',(-0.000254,-0.00416037488318838,0.011547539559688));
#16480=CARTESIAN_POINT('',(-0.000254,-0.00425445948559049,0.0114403821175366));
#16481=CARTESIAN_POINT('',(-0.000254,-0.0042544594855903,0.0114403821175365));
#16482=CARTESIAN_POINT('',(-0.000254,-0.00439002263309429,0.0113516372638986));
#16483=CARTESIAN_POINT('',(-0.000254,-0.0043900226330944,0.0113516372638988));
#16484=CARTESIAN_POINT('',(-0.000254,-0.00465558466390497,0.0112461390634786));
#16485=CARTESIAN_POINT('',(-0.000254,-0.00465558466390476,0.0112461390634783));
#16486=CARTESIAN_POINT('',(-0.000254,-0.00481509066464319,0.0112176636049962));
#16487=CARTESIAN_POINT('',(-0.000254,-0.0048150906646432,0.0112176636049962));
#16488=CARTESIAN_POINT('',(-0.000254,-0.0049570609756194,0.0112310449584312));
#16489=CARTESIAN_POINT('',(-0.000254,-0.00495706097561946,0.0112310449584316));
#16490=CARTESIAN_POINT('',(-0.000254,-0.00512297413878355,0.0113046957043814));
#16491=CARTESIAN_POINT('',(-0.000254,-0.00512297413878358,0.011304695704381));
#16492=CARTESIAN_POINT('',(-0.000254,-0.00521233839245451,0.011443647088482));
#16493=CARTESIAN_POINT('',(-0.000254,-0.00521233839245502,0.0114436470884817));
#16494=CARTESIAN_POINT('',(-0.000254,0.,0.));
#16495=CARTESIAN_POINT('',(-0.000254,-0.00571345131502524,0.0113366075840522));
#16496=CARTESIAN_POINT('',(-0.000254,-0.00571345131502564,0.0113366075840521));
#16497=CARTESIAN_POINT('',(-0.000254,-0.00601701985614955,0.0114302059826794));
#16498=CARTESIAN_POINT('',(-0.000254,-0.00601701985614958,0.0114302059826792));
#16499=CARTESIAN_POINT('',(-0.000254,-0.00608020417713129,0.0105475846565005));
#16500=CARTESIAN_POINT('',(-0.000254,-0.00608020417713146,0.0105475846565005));
#16501=CARTESIAN_POINT('',(-0.000254,-0.00630349303486829,0.0104265145819303));
#16502=CARTESIAN_POINT('',(-0.000254,-0.00630349303486832,0.0104265145819304));
#16503=CARTESIAN_POINT('',(-0.000254,-0.00623385414787003,0.0114970621511129));
#16504=CARTESIAN_POINT('',(-0.000254,-0.00623385414787002,0.0114970621511129));
#16505=CARTESIAN_POINT('',(-0.000254,-0.007029914175056,0.0117662490060171));
#16506=CARTESIAN_POINT('',(-0.000254,-0.0070299141750559,0.0117662490060173));
#16507=CARTESIAN_POINT('',(-0.000254,-0.00680662531732132,0.0118873190805871));
#16508=CARTESIAN_POINT('',(-0.000254,-0.00680662531732158,0.0118873190805873));
#16509=CARTESIAN_POINT('',(-0.000254,-0.0058370974734576,0.0115646474987664));
#16510=CARTESIAN_POINT('',(-0.000254,-0.0058370974734576,0.0115646474987664));
#16511=CARTESIAN_POINT('',(-0.000254,-0.00619258016000249,0.0122202622186363));
#16512=CARTESIAN_POINT('',(-0.000254,-0.0061925801600016,0.0122202622186367));
#16513=CARTESIAN_POINT('',(-0.000254,-0.00602511335699058,0.0123110648611608));
#16514=CARTESIAN_POINT('',(-0.000254,-0.00602511335699074,0.0123110648611611));
#16515=CARTESIAN_POINT('',(-0.000254,-0.00529869221680256,0.0109713304370746));
#16516=CARTESIAN_POINT('',(-0.000254,-0.00529869221680316,0.0109713304370743));
#16517=CARTESIAN_POINT('',(-0.000254,-0.00546615901981418,0.0108805277945501));
#16518=CARTESIAN_POINT('',(-0.000254,-0.00546615901981402,0.0108805277945499));
#16519=CARTESIAN_POINT('',(0.,-0.00126625544002457,0.0136477436281945));
#16520=CARTESIAN_POINT('',(0.,-0.00106231097543638,0.0121374513864863));
#16521=CARTESIAN_POINT('',(0.,-0.00126625544002451,0.013647743628194));
#16522=CARTESIAN_POINT('',(0.,-0.0014550419702379,0.0136222505701205));
#16523=CARTESIAN_POINT('',(0.,-0.0014550419702379,0.0136222505701205));
#16524=CARTESIAN_POINT('',(0.,-0.00127713296914958,0.012304761592833));
#16525=CARTESIAN_POINT('',(0.,-0.00127713296914961,0.0123047615928332));
#16526=CARTESIAN_POINT('',(0.,-0.002221065620217,0.0121772963024656));
#16527=CARTESIAN_POINT('',(0.,-0.00222106562021691,0.0121772963024656));
#16528=CARTESIAN_POINT('',(0.,-0.00219503015671704,0.011984493038045));
#16529=CARTESIAN_POINT('',(0.,-0.00219503015671707,0.0119844930380452));
#16530=CARTESIAN_POINT('',(0.,-0.00106231097543628,0.0121374513864863));
#16531=CARTESIAN_POINT('',(0.,-0.00332121548945058,0.0132862091435738));
#16532=CARTESIAN_POINT('',(0.,-0.00315941316983259,0.0132947512456638));
#16533=CARTESIAN_POINT('',(0.,-0.00332121548945031,0.0132862091435727));
#16534=CARTESIAN_POINT('',(0.,-0.0035670512729444,0.0132223284986886));
#16535=CARTESIAN_POINT('',(0.,-0.00356705127294472,0.0132223284986893));
#16536=CARTESIAN_POINT('',(0.,-0.00371254381456732,0.0131510197604072));
#16537=CARTESIAN_POINT('',(0.,-0.0037125438145675,0.0131510197604074));
#16538=CARTESIAN_POINT('',(0.,-0.00381915166456684,0.0130563128703091));
#16539=CARTESIAN_POINT('',(0.,-0.00381915166456599,0.0130563128703086));
#16540=CARTESIAN_POINT('',(0.,-0.0039094497365713,0.0128988393440172));
#16541=CARTESIAN_POINT('',(0.,-0.00390944973657311,0.0128988393440176));
#16542=CARTESIAN_POINT('',(0.,-0.00393828873082868,0.0127573360132145));
#16543=CARTESIAN_POINT('',(0.,-0.00393828873082775,0.0127573360132145));
#16544=CARTESIAN_POINT('',(0.,-0.00392824336228344,0.0125924343512989));
#16545=CARTESIAN_POINT('',(0.,-0.00392824336228333,0.0125924343512989));
#16546=CARTESIAN_POINT('',(0.,-0.003805918697139,0.0121216848785757));
#16547=CARTESIAN_POINT('',(0.,-0.00380591869713978,0.0121216848785753));
#16548=CARTESIAN_POINT('',(0.,-0.00373441427369144,0.0119727535000661));
#16549=CARTESIAN_POINT('',(0.,-0.00373441427369058,0.0119727535000669));
#16550=CARTESIAN_POINT('',(0.,-0.0036403354584052,0.0118631904468813));
#16551=CARTESIAN_POINT('',(0.,-0.00364033545840502,0.0118631904468816));
#16552=CARTESIAN_POINT('',(0.,-0.00348479756822684,0.0117695976001761));
#16553=CARTESIAN_POINT('',(0.,-0.00348479756822669,0.0117695976001767));
#16554=CARTESIAN_POINT('',(0.,-0.00334556980842536,0.0117387713010287));
#16555=CARTESIAN_POINT('',(0.,-0.00334556980842525,0.0117387713010266));
#16556=CARTESIAN_POINT('',(0.,-0.0031837673122596,0.0117473134460602));
#16557=CARTESIAN_POINT('',(0.,-0.00318376731225987,0.0117473134460612));
#16558=CARTESIAN_POINT('',(0.,-0.00293793152876578,0.0118111940909453));
#16559=CARTESIAN_POINT('',(0.,-0.00293793152876607,0.0118111940909459));
#16560=CARTESIAN_POINT('',(0.,-0.00279243916369064,0.0118825027862855));
#16561=CARTESIAN_POINT('',(0.,-0.00279243916369013,0.0118825027862849));
#16562=CARTESIAN_POINT('',(0.,-0.0026858311399983,0.0119772097303155));
#16563=CARTESIAN_POINT('',(0.,-0.00268583113999767,0.0119772097303151));
#16564=CARTESIAN_POINT('',(0.,-0.00259553315876582,0.0121346832447506));
#16565=CARTESIAN_POINT('',(0.,-0.00259553315876544,0.0121346832447505));
#16566=CARTESIAN_POINT('',(0.,-0.00256669408230388,0.0122761866203767));
#16567=CARTESIAN_POINT('',(0.,-0.00256669408230474,0.0122761866203767));
#16568=CARTESIAN_POINT('',(0.,-0.00257673951592138,0.0124410881715306));
#16569=CARTESIAN_POINT('',(0.,-0.00257673951592149,0.0124410881715305));
#16570=CARTESIAN_POINT('',(0.,-0.00269906418106582,0.0129118376442538));
#16571=CARTESIAN_POINT('',(0.,-0.00269906418106461,0.0129118376442543));
#16572=CARTESIAN_POINT('',(0.,-0.00277056853944112,0.0130607691335276));
#16573=CARTESIAN_POINT('',(0.,-0.00277056853944143,0.0130607691335273));
#16574=CARTESIAN_POINT('',(0.,-0.00286464743693192,0.0131703321418865));
#16575=CARTESIAN_POINT('',(0.,-0.00286464743693208,0.0131703321418863));
#16576=CARTESIAN_POINT('',(0.,-0.0030201852363383,0.0132639250004485));
#16577=CARTESIAN_POINT('',(0.,-0.00302018523633808,0.0132639250004494));
#16578=CARTESIAN_POINT('',(0.,-0.0031594131698326,0.013294751245664));
#16579=CARTESIAN_POINT('',(0.,-0.00521233839245502,0.0114436470884817));
#16580=CARTESIAN_POINT('',(0.,-0.00503529703858065,0.0115139792220947));
#16581=CARTESIAN_POINT('',(0.,-0.00521233839245403,0.0114436470884824));
#16582=CARTESIAN_POINT('',(0.,-0.00512297413878358,0.011304695704381));
#16583=CARTESIAN_POINT('',(0.,-0.00512297413878316,0.0113046957043819));
#16584=CARTESIAN_POINT('',(0.,-0.00495706097561946,0.0112310449584316));
#16585=CARTESIAN_POINT('',(0.,-0.00495706097561958,0.0112310449584303));
#16586=CARTESIAN_POINT('',(0.,-0.0048150906646432,0.0112176636049962));
#16587=CARTESIAN_POINT('',(0.,-0.00481509066464319,0.0112176636049962));
#16588=CARTESIAN_POINT('',(0.,-0.00465558466390476,0.0112461390634783));
#16589=CARTESIAN_POINT('',(0.,-0.00465558466390529,0.0112461390634796));
#16590=CARTESIAN_POINT('',(0.,-0.0043900226330944,0.0113516372638988));
#16591=CARTESIAN_POINT('',(0.,-0.00439002263309406,0.0113516372638982));
#16592=CARTESIAN_POINT('',(0.,-0.0042544594855903,0.0114403821175365));
#16593=CARTESIAN_POINT('',(0.,-0.00425445948559089,0.011440382117537));
#16594=CARTESIAN_POINT('',(0.,-0.00416037488318838,0.011547539559688));
#16595=CARTESIAN_POINT('',(0.,-0.00416037488318651,0.0115475395596872));
#16596=CARTESIAN_POINT('',(0.,-0.0040902329641329,0.0117149664614299));
#16597=CARTESIAN_POINT('',(0.,-0.00409023296413476,0.0117149664614301));
#16598=CARTESIAN_POINT('',(0.,-0.00407910494645756,0.0118589492844721));
#16599=CARTESIAN_POINT('',(0.,-0.00407910494645684,0.0118589492844722));
#16600=CARTESIAN_POINT('',(0.,-0.00410945512571898,0.0120213448037977));
#16601=CARTESIAN_POINT('',(0.,-0.00410945512571925,0.0120213448037976));
#16602=CARTESIAN_POINT('',(0.,-0.00428902652604968,0.0124733652700979));
#16603=CARTESIAN_POINT('',(0.,-0.00428902652604858,0.0124733652700986));
#16604=CARTESIAN_POINT('',(0.,-0.00437839063603078,0.012612316784587));
#16605=CARTESIAN_POINT('',(0.,-0.00437839063603078,0.012612316784587));
#16606=CARTESIAN_POINT('',(0.,-0.00448529006665872,0.0127094115421649));
#16607=CARTESIAN_POINT('',(0.,-0.00448529006665904,0.0127094115421642));
#16608=CARTESIAN_POINT('',(0.,-0.00465120339447326,0.0127830622104894));
#16609=CARTESIAN_POINT('',(0.,-0.00465120339447314,0.0127830622104907));
#16610=CARTESIAN_POINT('',(0.,-0.00479317370230246,0.0127964435560101));
#16611=CARTESIAN_POINT('',(0.,-0.00479317370230235,0.0127964435560095));
#16612=CARTESIAN_POINT('',(0.,-0.00495267970199442,0.012767968094889));
#16613=CARTESIAN_POINT('',(0.,-0.00495267970199389,0.0127679680948877));
#16614=CARTESIAN_POINT('',(0.,-0.00521824173280478,0.0126624698944685));
#16615=CARTESIAN_POINT('',(0.,-0.00521824173280508,0.012662469894469));
#16616=CARTESIAN_POINT('',(0.,-0.00535380488135536,0.0125737250434699));
#16617=CARTESIAN_POINT('',(0.,-0.00535380488135658,0.012573725043471));
#16618=CARTESIAN_POINT('',(0.,-0.00544788948690434,0.012466567609233));
#16619=CARTESIAN_POINT('',(0.,-0.00544788948690333,0.0124665676092326));
#16620=CARTESIAN_POINT('',(0.,-0.0055180312413094,0.012299140785116));
#16621=CARTESIAN_POINT('',(0.,-0.00551803124131044,0.0122991407851158));
#16622=CARTESIAN_POINT('',(0.,-0.00548768119735124,0.0121367451142971));
#16623=CARTESIAN_POINT('',(0.,-0.00548768119735119,0.012136745114297));
#16624=CARTESIAN_POINT('',(0.,-0.00531063984347682,0.01220707724791));
#16625=CARTESIAN_POINT('',(0.,-0.00531063984347876,0.0122070772479098));
#16626=CARTESIAN_POINT('',(0.,-0.00531704703629614,0.0123092035288488));
#16627=CARTESIAN_POINT('',(0.,-0.00531704703629495,0.0123092035288479));
#16628=CARTESIAN_POINT('',(0.,-0.00525246921049904,0.012404638985534));
#16629=CARTESIAN_POINT('',(0.,-0.00525246921049949,0.0124046389855346));
#16630=CARTESIAN_POINT('',(0.,-0.00514641317938064,0.0124816617248334));
#16631=CARTESIAN_POINT('',(0.,-0.0051464131793803,0.0124816617248325));
#16632=CARTESIAN_POINT('',(0.,-0.00488085114857028,0.0125871599252513));
#16633=CARTESIAN_POINT('',(0.,-0.00488085114857055,0.0125871599252534));
#16634=CARTESIAN_POINT('',(0.,-0.0047508522663105,0.0126039132746732));
#16635=CARTESIAN_POINT('',(0.,-0.00475085226631044,0.0126039132746735));
#16636=CARTESIAN_POINT('',(0.,-0.00463838873823064,0.0125788099516008));
#16637=CARTESIAN_POINT('',(0.,-0.00463838873823168,0.0125788099515993));
#16638=CARTESIAN_POINT('',(0.,-0.00454346053079762,0.0125118498716147));
#16639=CARTESIAN_POINT('',(0.,-0.00454346053079769,0.0125118498716146));
#16640=CARTESIAN_POINT('',(0.,-0.00446606804876298,0.0124030330694113));
#16641=CARTESIAN_POINT('',(0.,-0.00446606804876272,0.0124030330694114));
#16642=CARTESIAN_POINT('',(0.,-0.00428649664843228,0.0119510126031111));
#16643=CARTESIAN_POINT('',(0.,-0.00428649664843239,0.0119510126031111));
#16644=CARTESIAN_POINT('',(0.,-0.0042681177259014,0.0118187518457993));
#16645=CARTESIAN_POINT('',(0.,-0.00426811772590024,0.0118187518457991));
#16646=CARTESIAN_POINT('',(0.,-0.00429121734637212,0.0117049036717283));
#16647=CARTESIAN_POINT('',(0.,-0.00429121734637317,0.011704903671729));
#16648=CARTESIAN_POINT('',(0.,-0.00435579516378468,0.0116094681939382));
#16649=CARTESIAN_POINT('',(0.,-0.00435579516378424,0.0116094681939376));
#16650=CARTESIAN_POINT('',(0.,-0.00446185119490308,0.0115324454546388));
#16651=CARTESIAN_POINT('',(0.,-0.00446185119490342,0.0115324454546396));
#16652=CARTESIAN_POINT('',(0.,-0.00472741322571344,0.0114269472542208));
#16653=CARTESIAN_POINT('',(0.,-0.0047274132257135,0.0114269472542213));
#16654=CARTESIAN_POINT('',(0.,-0.00485741210797322,0.0114101939048015));
#16655=CARTESIAN_POINT('',(0.,-0.0048574121079732,0.0114101939048016));
#16656=CARTESIAN_POINT('',(0.,-0.00496987564443508,0.0114352972489788));
#16657=CARTESIAN_POINT('',(0.,-0.00496987564443651,0.0114352972489776));
#16658=CARTESIAN_POINT('',(0.,-0.0050352970385806,0.0115139792220946));
#16659=CARTESIAN_POINT('',(0.,-0.00546615901981402,0.0108805277945499));
#16660=CARTESIAN_POINT('',(0.,-0.00546615901981434,0.0108805277945504));
#16661=CARTESIAN_POINT('',(0.,-0.00571345131502614,0.0113366075840517));
#16662=CARTESIAN_POINT('',(0.,-0.00571345131502524,0.0113366075840522));
#16663=CARTESIAN_POINT('',(0.,-0.00601701985614947,0.0114302059826796));
#16664=CARTESIAN_POINT('',(0.,-0.00601701985614958,0.0114302059826792));
#16665=CARTESIAN_POINT('',(0.,-0.00608020417713107,0.0105475846565004));
#16666=CARTESIAN_POINT('',(0.,-0.00608020417713146,0.0105475846565005));
#16667=CARTESIAN_POINT('',(0.,-0.00630349303486817,0.0104265145819301));
#16668=CARTESIAN_POINT('',(0.,-0.00630349303486832,0.0104265145819304));
#16669=CARTESIAN_POINT('',(0.,-0.00623385414787004,0.0114970621511129));
#16670=CARTESIAN_POINT('',(0.,-0.00623385414787002,0.0114970621511129));
#16671=CARTESIAN_POINT('',(0.,-0.00702991417505604,0.0117662490060169));
#16672=CARTESIAN_POINT('',(0.,-0.0070299141750559,0.0117662490060173));
#16673=CARTESIAN_POINT('',(0.,-0.00680662531732115,0.0118873190805865));
#16674=CARTESIAN_POINT('',(0.,-0.00680662531732158,0.0118873190805873));
#16675=CARTESIAN_POINT('',(0.,-0.00583709747345764,0.0115646474987663));
#16676=CARTESIAN_POINT('',(0.,-0.0058370974734576,0.0115646474987664));
#16677=CARTESIAN_POINT('',(0.,-0.00619258016000338,0.0122202622186358));
#16678=CARTESIAN_POINT('',(0.,-0.0061925801600016,0.0122202622186367));
#16679=CARTESIAN_POINT('',(0.,-0.00602511335699042,0.0123110648611606));
#16680=CARTESIAN_POINT('',(0.,-0.00602511335699074,0.0123110648611611));
#16681=CARTESIAN_POINT('',(0.,-0.00529869221680195,0.0109713304370749));
#16682=CARTESIAN_POINT('',(0.,-0.00529869221680316,0.0109713304370743));
#16683=CARTESIAN_POINT('',(0.,0.0131021383675657,-0.00810253517160794));
#16684=CARTESIAN_POINT('',(0.,0.0110301648684995,-0.00514345034889379));
#16685=CARTESIAN_POINT('',(-0.000254,0.0110301648685004,-0.00514345034889296));
#16686=CARTESIAN_POINT('',(-0.000254,0.0131021383675657,-0.00810253517160794));
#16687=CARTESIAN_POINT('',(-0.000254,0.0131021383675656,-0.00810253517160765));
#16688=CARTESIAN_POINT('',(0.,0.0131021383675656,-0.00810253517160726));
#16689=CARTESIAN_POINT('',(0.,0.0167007677455224,-0.00778769589680464));
#16690=CARTESIAN_POINT('',(-0.000254,0.0167007677455224,-0.00778769589680464));
#16691=CARTESIAN_POINT('',(-0.000254,0.0167007677455222,-0.0077876958968048));
#16692=CARTESIAN_POINT('',(0.,0.0167007677455221,-0.00778769589680524));
#16693=CARTESIAN_POINT('',(0.,0.0151127729796159,-0.00704720177635312));
#16694=CARTESIAN_POINT('',(-0.000254,0.0151127729796153,-0.00704720177635286));
#16695=CARTESIAN_POINT('',(-0.000254,0.0151127729796147,-0.0070472017763526));
#16696=CARTESIAN_POINT('',(0.,0.0151127729796148,-0.00704720177635259));
#16697=CARTESIAN_POINT('',(0.,0.,0.));
#16698=CARTESIAN_POINT('',(-0.000254,0.,0.));
#16699=CARTESIAN_POINT('',(-0.000254,0.0151127729796154,0.0070472017763526));
#16700=CARTESIAN_POINT('',(0.,0.015112772979616,0.00704720177635288));
#16701=CARTESIAN_POINT('',(0.,0.0128107512005419,0.00597375139153098));
#16702=CARTESIAN_POINT('',(-0.000254,0.0128107512005418,0.00597375139153096));
#16703=CARTESIAN_POINT('',(-0.000254,0.0128107512005418,0.00597375139153087));
#16704=CARTESIAN_POINT('',(0.,0.0128107512005418,0.00597375139153081));
#16705=CARTESIAN_POINT('',(0.,0.,0.));
#16706=CARTESIAN_POINT('',(-0.000254,0.,0.));
#16707=CARTESIAN_POINT('',(-0.000254,0.0128107512005416,-0.00597375139153136));
#16708=CARTESIAN_POINT('',(0.,0.0128107512005414,-0.0059737513915319));
#16709=CARTESIAN_POINT('',(0.,0.0110301648685009,-0.00514345034889534));
#16710=CARTESIAN_POINT('',(-0.000254,0.0110301648685009,-0.0051434503488928));
#16711=CARTESIAN_POINT('',(-0.000254,0.,0.));
#16712=CARTESIAN_POINT('',(0.,-0.0135680704774522,0.00729551708440782));
#16713=CARTESIAN_POINT('',(-0.000254,-0.0135680704774522,0.00729551708440782));
#16714=CARTESIAN_POINT('',(-0.000254,-0.013568070477452,0.0072955170844078));
#16715=CARTESIAN_POINT('',(-0.000254,-0.00996944109949614,0.00698067780960497));
#16716=CARTESIAN_POINT('',(0.,-0.0099694410994955,0.00698067780960452));
#16717=CARTESIAN_POINT('',(0.,-0.0135680704774522,0.00729551708440782));
#16718=CARTESIAN_POINT('',(0.,-0.0150947263563416,0.0105694411819237));
#16719=CARTESIAN_POINT('',(0.,-0.0150947263563416,0.0105694411819237));
#16720=CARTESIAN_POINT('',(-0.000254,-0.0150947263563419,0.0105694411819243));
#16721=CARTESIAN_POINT('',(-0.000254,-0.0150947263563416,0.0105694411819237));
#16722=CARTESIAN_POINT('',(-0.000254,0.,0.));
#16723=CARTESIAN_POINT('',(-0.000254,-0.0136594422537228,0.0095644444337983));
#16724=CARTESIAN_POINT('',(-0.000254,-0.0136594422537227,0.00956444443379828));
#16725=CARTESIAN_POINT('',(-0.000254,0.,0.));
#16726=CARTESIAN_POINT('',(-0.000254,-0.00145333072589147,0.0166116462101497));
#16727=CARTESIAN_POINT('',(-0.000254,-0.00123195513931238,0.0140813116769977));
#16728=CARTESIAN_POINT('',(-0.000254,-0.00123195513931233,0.0140813116769972));
#16729=CARTESIAN_POINT('',(-0.000254,0.,0.));
#16730=CARTESIAN_POINT('',(-0.000254,-0.011578796061229,0.00810756028546617));
#16731=CARTESIAN_POINT('',(-0.000254,-0.0099694410994955,0.00698067780960452));
#16732=CARTESIAN_POINT('',(0.,-0.0099694410994955,0.00698067780960452));
#16733=CARTESIAN_POINT('',(0.,-0.0115787960612286,0.00810756028546669));
#16734=CARTESIAN_POINT('',(0.,0.,0.));
#16735=CARTESIAN_POINT('',(0.,-0.00123195513931238,0.0140813116769977));
#16736=CARTESIAN_POINT('',(0.,-0.00123195513931238,0.0140813116769977));
#16737=CARTESIAN_POINT('',(0.,-0.00145333072589159,0.0166116462101497));
#16738=CARTESIAN_POINT('',(0.,0.,0.));
#16739=CARTESIAN_POINT('',(0.,-0.0136594422537228,0.0095644444337983));
#16740=CARTESIAN_POINT('',(0.,-0.0136594422537228,0.0095644444337983));
#16741=CARTESIAN_POINT('',(-0.000254,0.00867550833489986,-0.000725895937061458));
#16742=CARTESIAN_POINT('',(0.,0.013827790957686,-0.0132505086531469));
#16743=CARTESIAN_POINT('',(-1.27910108468093E-14,0.0137047972636621,-0.01330110488757));
#16744=CARTESIAN_POINT('',(-0.000121005911007287,0.0135928903051385,-0.0133471403426735));
#16745=CARTESIAN_POINT('',(-0.000254000000001668,0.0135928903042574,-0.0133471403405295));
#16746=CARTESIAN_POINT('',(-0.000253999999979874,0.0135928902732245,-0.0133471402650932));
#16747=CARTESIAN_POINT('',(-0.000254,0.00692956919876378,0.00285063496777886));
#16748=CARTESIAN_POINT('',(-0.000254000000000004,0.00849975866675387,-0.000966316938229436));
#16749=CARTESIAN_POINT('',(-0.000254,0.00873465931756089,-0.000869685244407101));
#16750=CARTESIAN_POINT('',(-0.000254,0.0108487651748113,0.));
#16751=CARTESIAN_POINT('',(-0.000254000000000004,0.0108487651748113,0.));
#16752=CARTESIAN_POINT('',(-0.000254000000002161,0.00849975866675214,0.000966316938231586));
#16753=CARTESIAN_POINT('',(-0.000254,0.0087346593175587,0.000869685244407916));
#16754=CARTESIAN_POINT('',(-0.000254,0.0163181310580363,0.0193042420313981));
#16755=CARTESIAN_POINT('',(-0.000254000000004318,0.0185881099738073,0.0254899508913196));
#16756=CARTESIAN_POINT('',(-0.00025399999997336,0.013592890278196,0.0133471402771813));
#16757=CARTESIAN_POINT('',(-0.000254000000003914,0.0135928903097558,0.0133471403538972));
#16758=CARTESIAN_POINT('',(-0.000121005201147203,0.0135928902795058,0.0133471402803685));
#16759=CARTESIAN_POINT('',(1.11503219782E-9,0.0137047985198724,0.0133011042094707));
#16760=CARTESIAN_POINT('',(-8.92721226802839E-15,0.0138277928392468,0.0132505076293163));
#16761=CARTESIAN_POINT('',(0.000285395452301998,0.0138356204668053,0.0132707206789062));
#16762=CARTESIAN_POINT('',(0.000253999848404048,0.0138036832893141,0.0138595540985537));
#16763=CARTESIAN_POINT('',(0.000101157558651607,0.0138036755957476,0.0138595353963692));
#16764=CARTESIAN_POINT('',(-0.000179360733308836,0.0137374060018691,0.0136984415552616));
#16765=CARTESIAN_POINT('',(-0.000253990201507038,0.0136495700920162,0.0134849224543098));
#16766=CARTESIAN_POINT('',(-0.000254000000004319,0.0135928903101835,0.0133471403549461));
#16767=CARTESIAN_POINT('',(0.000253999848405239,0.0138036832857574,0.0138595540901305));
#16768=CARTESIAN_POINT('',(0.000253999766855389,0.0138572068667062,0.0135851068900215));
#16769=CARTESIAN_POINT('',(0.000253999766437187,0.013788110438274,0.0136555872864918));
#16770=CARTESIAN_POINT('',(0.000253999766018984,0.0137661336697894,0.0137682752467531));
#16771=CARTESIAN_POINT('',(0.000253999765600782,0.0138036832893093,0.0138595540985349));
#16772=CARTESIAN_POINT('',(0.000254000008346503,0.0138572068575586,0.0135851068993372));
#16773=CARTESIAN_POINT('',(0.000253681590226515,0.013859561987702,0.0135874311285107));
#16774=CARTESIAN_POINT('',(0.000195616993280941,0.0138555927984667,0.0135834984791121));
#16775=CARTESIAN_POINT('',(6.94846382646494E-5,0.013850548031482,0.0135144779037776));
#16776=CARTESIAN_POINT('',(8.41744347971906E-6,0.0138376439390002,0.0133635631358603));
#16777=CARTESIAN_POINT('',(-9.94018228254034E-7,0.0138316221751674,0.013300213955161));
#16778=CARTESIAN_POINT('',(2.58565593388684E-6,0.0138278683184241,0.0132506884385105));
#16779=CARTESIAN_POINT('',(0.000254,0.,0.));
#16780=CARTESIAN_POINT('',(0.000253999999839307,0.,0.));
#16781=CARTESIAN_POINT('',(0.000254000124590431,0.0138572068882653,-0.0135851068680306));
#16782=CARTESIAN_POINT('',(0.000254,0.0138572068866071,-0.013585106869722));
#16783=CARTESIAN_POINT('',(0.000193959343583462,0.0138572074528316,-0.0135851062921564));
#16784=CARTESIAN_POINT('',(0.000102414138968381,0.0138538530794632,-0.0135497499023058));
#16785=CARTESIAN_POINT('',(2.91516189873766E-12,0.0138387565390419,-0.0133826963513919));
#16786=CARTESIAN_POINT('',(1.0842021724855E-19,0.0138277909609133,-0.0132505086689789));
#16787=CARTESIAN_POINT('',(0.000285407116939381,0.0138356405242967,-0.0132707104931565));
#16788=CARTESIAN_POINT('',(0.000253999997080092,0.0138036832892478,-0.0138595540983854));
#16789=CARTESIAN_POINT('',(0.000253999997835331,0.0137661336662016,-0.0137682752378665));
#16790=CARTESIAN_POINT('',(0.000253999998590571,0.0137881104436907,-0.0136555872651877));
#16791=CARTESIAN_POINT('',(0.00025399999934581,0.0138572068866066,-0.0135851068697226));
#16792=CARTESIAN_POINT('',(0.000254000079680192,0.0138036832857687,-0.0138595540899253));
#16793=CARTESIAN_POINT('',(-0.000254000000003298,0.0135928903102411,-0.0133471403550765));
#16794=CARTESIAN_POINT('',(-0.000253991948501243,0.0136760354111761,-0.0135492566333721));
#16795=CARTESIAN_POINT('',(-4.89391811718471E-5,0.0137809688134316,-0.0138043377926261));
#16796=CARTESIAN_POINT('',(0.000133432157781251,0.0138036828441562,-0.0138595530164159));
#16797=CARTESIAN_POINT('',(0.000253999995147176,0.0138036832892487,-0.0138595540983851));
#16798=CARTESIAN_POINT('',(0.0026416,0.00692956919876378,0.00285063496777886));
#16799=CARTESIAN_POINT('',(0.0025146,0.00692956919876378,0.00285063496777886));
#16800=CARTESIAN_POINT('',(0.0025146,0.0138036832892701,-0.0138595540984372));
#16801=CARTESIAN_POINT('',(0.0025146,0.0177427453245603,-0.0234349656331617));
#16802=CARTESIAN_POINT('',(0.00142727968696044,0.0177427453245611,-0.0234349656331624));
#16803=CARTESIAN_POINT('',(0.00158550244886011,0.0177427453245619,-0.0234349656331641));
#16804=CARTESIAN_POINT('',(-0.00872584366302521,0.0137847729257484,-0.0138135851567502));
#16805=CARTESIAN_POINT('',(-0.00861059999977229,0.0138290087832655,-0.0139211174922455));
#16806=CARTESIAN_POINT('',(-0.0086106,0.00844060768409511,-0.000822527630884271));
#16807=CARTESIAN_POINT('',(-0.00861060000000053,0.00849975866675447,-0.000966316938229128));
#16808=CARTESIAN_POINT('',(0.1360056716,0.00849975866675426,-0.00096631693822761));
#16809=CARTESIAN_POINT('',(0.0026416,0.0138036832892487,-0.0138595540983851));
#16810=CARTESIAN_POINT('',(0.000101516453730187,0.0140385839400963,-0.0137629224046666));
#16811=CARTESIAN_POINT('',(0.0025146,0.0140385839400963,-0.0137629224046666));
#16812=CARTESIAN_POINT('',(0.0025146,0.0138572068866066,-0.0135851068697226));
#16813=CARTESIAN_POINT('',(0.000101516453730187,0.0138572068866066,-0.0135851068697226));
#16814=CARTESIAN_POINT('',(0.,0.,0.));
#16815=CARTESIAN_POINT('',(0.1360056716,0.0138572068866066,0.0135851068697226));
#16816=CARTESIAN_POINT('',(0.0025146,0.0138572068866066,0.0135851068697226));
#16817=CARTESIAN_POINT('',(0.0025146,0.,0.));
#16818=CARTESIAN_POINT('',(0.0025146,0.0137396771088368,0.0137039623578331));
#16819=CARTESIAN_POINT('',(0.,0.0137396771088368,0.0137039623578331));
#16820=CARTESIAN_POINT('',(0.0026416,0.0137396771088365,0.0137039623578334));
#16821=CARTESIAN_POINT('',(0.0026416,0.,0.));
#16822=CARTESIAN_POINT('',(0.0026416,0.00499814097997185,0.0187508905949644));
#16823=CARTESIAN_POINT('',(0.0026416,0.00499814097997167,0.0187508905949645));
#16824=CARTESIAN_POINT('',(0.0025146,0.00499814097997167,0.0187508905949645));
#16825=CARTESIAN_POINT('',(0.0025146,0.,0.));
#16826=CARTESIAN_POINT('',(0.0025146,0.00483644421900197,0.0187932466241601));
#16827=CARTESIAN_POINT('',(0.000101516453730187,0.00483644421900217,0.0187932466241601));
#16828=CARTESIAN_POINT('',(0.000254000124590431,0.00483644421670799,0.0187932466247501));
#16829=CARTESIAN_POINT('',(0.000253999999839307,0.,0.));
#16830=CARTESIAN_POINT('',(0.000254000008346503,-0.0186936511167321,0.00520813971447315));
#16831=CARTESIAN_POINT('',(0.1360056716,-0.0186936511056084,0.00520813975443761));
#16832=CARTESIAN_POINT('',(0.0025146,-0.0186936511056084,0.00520813975443761));
#16833=CARTESIAN_POINT('',(0.0025146,0.,0.));
#16834=CARTESIAN_POINT('',(0.0025146,-0.0186936511056084,-0.00520813975443761));
#16835=CARTESIAN_POINT('',(0.000101516453730187,-0.0186936511056084,-0.00520813975443761));
#16836=CARTESIAN_POINT('',(0.000254000124590431,-0.0186936511049731,-0.00520813975672015));
#16837=CARTESIAN_POINT('',(0.000253999999839307,0.,0.));
#16838=CARTESIAN_POINT('',(0.000254000008346503,0.0048364442591734,-0.0187932466138105));
#16839=CARTESIAN_POINT('',(0.1360056716,0.00483644421900217,-0.0187932466241601));
#16840=CARTESIAN_POINT('',(0.0025146,0.00483644421900197,-0.0187932466241601));
#16841=CARTESIAN_POINT('',(0.0025146,0.,0.));
#16842=CARTESIAN_POINT('',(0.0025146,0.,0.));
#16843=CARTESIAN_POINT('',(0.0025146,0.0140385839400963,0.0137629224046666));
#16844=CARTESIAN_POINT('',(0.0025146,0.0138036832892881,0.0138595540984907));
#16845=CARTESIAN_POINT('',(0.0025146,0.0185881099738073,0.0254899508913196));
#16846=CARTESIAN_POINT('',(0.0025146,0.0177427453245585,0.0234349656331619));
#16847=CARTESIAN_POINT('',(0.0025146,0.0153937388165045,0.0244012825713911));
#16848=CARTESIAN_POINT('',(0.0025146,0.0166637388165071,0.0266009870970088));
#16849=CARTESIAN_POINT('',(0.0025146,0.0127808900261927,0.0288427508913196));
#16850=CARTESIAN_POINT('',(0.0025146,0.0147052611834946,0.0277317146856255));
#16851=CARTESIAN_POINT('',(0.0025146,0.0134352611834955,0.0255320101600076));
#16852=CARTESIAN_POINT('',(0.0025146,0.0114239029128506,0.0270831510005238));
#16853=CARTESIAN_POINT('',(0.0025146,-0.00593350689839554,0.00457586547952328));
#16854=CARTESIAN_POINT('',(0.0025146,0.00510088428973553,0.0188841174435211));
#16855=CARTESIAN_POINT('',(0.0025146,0.00489974846270598,0.0190392315276178));
#16856=CARTESIAN_POINT('',(0.0025146,0.,0.));
#16857=CARTESIAN_POINT('',(0.0025146,0.,0.));
#16858=CARTESIAN_POINT('',(0.0025146,0.00489974846270598,-0.0190392315276178));
#16859=CARTESIAN_POINT('',(0.0025146,0.00510088428976881,-0.0188841174435676));
#16860=CARTESIAN_POINT('',(0.0025146,0.0127808900261927,-0.0288427508913196));
#16861=CARTESIAN_POINT('',(0.0025146,0.011423902912849,-0.027083151000525));
#16862=CARTESIAN_POINT('',(0.0025146,0.0134352611834955,-0.0255320101600076));
#16863=CARTESIAN_POINT('',(0.0025146,0.0147052611834906,-0.0277317146856273));
#16864=CARTESIAN_POINT('',(0.0025146,0.0185881099738073,-0.0254899508913196));
#16865=CARTESIAN_POINT('',(0.0025146,0.0166637388165095,-0.0266009870970063));
#16866=CARTESIAN_POINT('',(0.0025146,0.0153937388165045,-0.0244012825713911));
#16867=CARTESIAN_POINT('',(0.0025146,0.,0.));
#16868=CARTESIAN_POINT('',(0.0025146,-0.0189383324028023,0.0052763091229512));
#16869=CARTESIAN_POINT('',(0.0025146,-0.0189045675790615,0.00502456334507729));
#16870=CARTESIAN_POINT('',(0.0025146,-0.031369,0.0033528));
#16871=CARTESIAN_POINT('',(0.0025146,-0.0291666482374079,0.00364818536736603));
#16872=CARTESIAN_POINT('',(0.0025146,-0.028829,0.00113072758861853));
#16873=CARTESIAN_POINT('',(0.0025146,-0.031369,0.00113072758862425));
#16874=CARTESIAN_POINT('',(0.0025146,-0.031369,-0.0033528));
#16875=CARTESIAN_POINT('',(0.0025146,-0.031369,-0.00113072758861853));
#16876=CARTESIAN_POINT('',(0.0025146,-0.028829,-0.00113072758861853));
#16877=CARTESIAN_POINT('',(0.0025146,-0.0291666482374077,-0.00364818536736489));
#16878=CARTESIAN_POINT('',(0.0025146,-0.000996062300369256,-0.00742650044730214));
#16879=CARTESIAN_POINT('',(0.0025146,-0.0189045675790054,-0.00502456334508365));
#16880=CARTESIAN_POINT('',(0.0025146,-0.0189383324028023,-0.0052763091229512));
#16881=CARTESIAN_POINT('',(0.0026416,0.,0.));
#16882=CARTESIAN_POINT('',(0.0026416,0.,0.));
#16883=CARTESIAN_POINT('',(0.0026416,0.,0.));
#16884=CARTESIAN_POINT('',(0.0026416,0.,0.));
#16885=CARTESIAN_POINT('',(0.0026416,-0.0166751,2.0421107840462E-18));
#16886=CARTESIAN_POINT('',(0.0026416,0.0166751,-2.0421107840462E-18));
#16887=CARTESIAN_POINT('',(0.0026416,0.,0.));
#16888=CARTESIAN_POINT('',(0.,0.,0.));
#16889=CARTESIAN_POINT('',(0.,-0.0166751,2.0421107840462E-18));
#16890=CARTESIAN_POINT('',(0.007366,-0.0166751,2.0421107840462E-18));
#16891=CARTESIAN_POINT('',(0.007366,0.,0.));
#16892=CARTESIAN_POINT('',(0.007366,0.0166751,-2.0421107840462E-18));
#16893=CARTESIAN_POINT('',(0.,0.0166751,0.));
#16894=CARTESIAN_POINT('',(0.,0.,0.));
#16895=CARTESIAN_POINT('',(0.007366,0.,0.));
#16896=CARTESIAN_POINT('',(0.007366,0.,0.));
#16897=CARTESIAN_POINT('',(0.007366,0.00987176184092502,0.011510393068703));
#16898=CARTESIAN_POINT('',(0.007366,0.0100371179856648,0.011703196972701));
#16899=CARTESIAN_POINT('',(0.007366,0.0100917322934862,0.0113833930687035));
#16900=CARTESIAN_POINT('',(0.007366,0.00806254543073414,0.0078687383243664));
#16901=CARTESIAN_POINT('',(0.007366,0.0099695398516997,0.011171749551229));
#16902=CARTESIAN_POINT('',(0.007366,0.,0.));
#16903=CARTESIAN_POINT('',(0.007366,0.00996953985170017,-0.011171749551228));
#16904=CARTESIAN_POINT('',(0.007366,0.00996953985170084,-0.0111717495512289));
#16905=CARTESIAN_POINT('',(0.007366,0.0100917322934866,-0.0113833930687032));
#16906=CARTESIAN_POINT('',(0.007366,0.00987176184092502,-0.011510393068703));
#16907=CARTESIAN_POINT('',(0.007366,0.0100371179856649,-0.0117031969727012));
#16908=CARTESIAN_POINT('',(0.007366,0.,0.));
#16909=CARTESIAN_POINT('',(0.007366,0.00511670689101971,-0.014543997642718));
#16910=CARTESIAN_POINT('',(0.007366,0.00503241188457698,-0.014304393068703));
#16911=CARTESIAN_POINT('',(0.007366,0.00481244143201646,-0.0144313930687029));
#16912=CARTESIAN_POINT('',(0.007366,0.00278325456926586,-0.0109167383243664));
#16913=CARTESIAN_POINT('',(0.007366,0.00469024899023085,-0.014219749551228));
#16914=CARTESIAN_POINT('',(0.007366,0.,0.));
#16915=CARTESIAN_POINT('',(0.007366,-0.0146597888419308,-0.003048));
#16916=CARTESIAN_POINT('',(0.007366,-0.0146597888419309,-0.003048));
#16917=CARTESIAN_POINT('',(0.007366,-0.0149041737255045,-0.003048));
#16918=CARTESIAN_POINT('',(0.007366,-0.0149041737255045,-0.002794));
#16919=CARTESIAN_POINT('',(0.007366,-0.0151538248766848,-0.00284080067001737));
#16920=CARTESIAN_POINT('',(0.007366,0.,0.));
#16921=CARTESIAN_POINT('',(0.007366,-0.0151538248766854,0.0028408006700175));
#16922=CARTESIAN_POINT('',(0.007366,-0.0149041737255045,0.002794));
#16923=CARTESIAN_POINT('',(0.007366,-0.0149041737255045,0.003048));
#16924=CARTESIAN_POINT('',(0.007366,-0.0108458,0.003048));
#16925=CARTESIAN_POINT('',(0.007366,-0.0146597888419308,0.003048));
#16926=CARTESIAN_POINT('',(0.007366,0.,0.));
#16927=CARTESIAN_POINT('',(0.007366,0.00469024899022964,0.014219749551228));
#16928=CARTESIAN_POINT('',(0.007366,0.00469024899023002,0.0142197495512289));
#16929=CARTESIAN_POINT('',(0.007366,0.00481244143201604,0.0144313930687032));
#16930=CARTESIAN_POINT('',(0.007366,0.00503241188457698,0.014304393068703));
#16931=CARTESIAN_POINT('',(0.007366,0.00511670689101858,0.0145439976427184));
#16932=CARTESIAN_POINT('',(0.007366,0.,0.));
#16933=CARTESIAN_POINT('',(0.,0.,0.));
#16934=CARTESIAN_POINT('',(0.0458179897551504,0.,0.));
#16935=CARTESIAN_POINT('',(0.0458179897551504,0.00511670689101813,0.0145439976427185));
#16936=CARTESIAN_POINT('',(0.0458179897551504,0.0100371179856648,0.011703196972701));
#16937=CARTESIAN_POINT('',(0.,0.0100371179856655,0.0117031969727007));
#16938=CARTESIAN_POINT('',(0.0460513683283212,0.00511670689101825,0.0145439976427183));
#16939=CARTESIAN_POINT('',(0.0460513683283212,0.00503241188457698,0.014304393068703));
#16940=CARTESIAN_POINT('',(0.,0.00481244143201618,0.0144313930687034));
#16941=CARTESIAN_POINT('',(0.0458179896666319,0.00481244140079502,0.0144313930146266));
#16942=CARTESIAN_POINT('',(0.0458179897551504,0.00503241188457698,0.014304393068703));
#16943=CARTESIAN_POINT('',(0.0458179897551504,0.00503241188457698,0.014304393068703));
#16944=CARTESIAN_POINT('',(0.0458179897549345,0.00481244143212599,0.014431393068894));
#16945=CARTESIAN_POINT('',(0.0459049496517231,0.00485517694239743,0.0145054131439709));
#16946=CARTESIAN_POINT('',(0.0459862650720429,0.00498175374317411,0.014524621335479));
#16947=CARTESIAN_POINT('',(0.0459975948773556,0.00509201745531627,0.014473819087999));
#16948=CARTESIAN_POINT('',(0.0459975949401696,0.00509201743257199,0.0144738190294167));
#16949=CARTESIAN_POINT('',(0.0458179897551504,0.00503241188457698,0.014304393068703));
#16950=CARTESIAN_POINT('',(0.0458179897551504,0.,0.));
#16951=CARTESIAN_POINT('',(0.0459975948775725,0.,0.));
#16952=CARTESIAN_POINT('',(0.0459975949404244,0.00998868625576304,0.0116467259650962));
#16953=CARTESIAN_POINT('',(0.0458179897551504,0.00987176184092575,0.0115103930687028));
#16954=CARTESIAN_POINT('',(0.0458179897551504,0.00987176184092502,0.011510393068703));
#16955=CARTESIAN_POINT('',(0.0459975948776323,0.00998868629214987,0.0116467260166064));
#16956=CARTESIAN_POINT('',(0.0459862650745433,0.0100878141838464,0.0115766359627115));
#16957=CARTESIAN_POINT('',(0.0459049496542057,0.0101344678025973,0.0114574131417712));
#16958=CARTESIAN_POINT('',(0.0458179897552111,0.0100917322934558,0.0113833930686502));
#16959=CARTESIAN_POINT('',(0.0458179896666494,0.010091732262195,0.0113833930145049));
#16960=CARTESIAN_POINT('',(0.0458179897551504,0.00987176184092502,0.011510393068703));
#16961=CARTESIAN_POINT('',(0.0459762125166316,0.00987176184092502,0.011510393068703));
#16962=CARTESIAN_POINT('',(0.0459762125166316,0.0100917322934866,0.0113833930687036));
#16963=CARTESIAN_POINT('',(0.,0.00806254543073414,0.0078687383243664));
#16964=CARTESIAN_POINT('',(0.0458179897551504,0.0100917322934861,0.0113833930687039));
#16965=CARTESIAN_POINT('',(0.0465973418962144,0.0096952681808891,0.0106966970823083));
#16966=CARTESIAN_POINT('',(0.04715777120497,0.00940949985638221,0.0102017318250685));
#16967=CARTESIAN_POINT('',(0.0479044,0.00902736190080895,0.00953984947051515));
#16968=CARTESIAN_POINT('',(0.0479043999373007,0.00902736185706913,0.00953984939475315));
#16969=CARTESIAN_POINT('',(0.0479044,0.00811180515215212,0.00795405866462707));
#16970=CARTESIAN_POINT('',(0.0479044,0.00818954543073292,0.00808870877692427));
#16971=CARTESIAN_POINT('',(0.,0.00818954543073082,0.00808870877692189));
#16972=CARTESIAN_POINT('',(0.0035306,0.0081895454307001,0.00808870877686715));
#16973=CARTESIAN_POINT('',(0.0035306,0.00806254543073414,0.0078687383243664));
#16974=CARTESIAN_POINT('',(0.0035306,0.00996953985170017,0.0111717495512286));
#16975=CARTESIAN_POINT('',(0.,0.00996953985169994,0.0111717495512294));
#16976=CARTESIAN_POINT('',(0.007366,0.,0.));
#16977=CARTESIAN_POINT('',(0.0032766,0.,0.));
#16978=CARTESIAN_POINT('',(0.0032766,0.0101619529901752,-0.0109970188831096));
#16979=CARTESIAN_POINT('',(0.0032766,0.0101619529900944,0.0109970188831843));
#16980=CARTESIAN_POINT('',(0.0032766,0.0101619529901752,-0.0109970188831096));
#16981=CARTESIAN_POINT('',(0.00327659999999992,0.0100622646676466,-0.0110891373070182));
#16982=CARTESIAN_POINT('',(0.00339477275491316,0.00996953985170022,-0.0111717495512281));
#16983=CARTESIAN_POINT('',(0.00353059999999991,0.00996953985170018,-0.0111717495512282));
#16984=CARTESIAN_POINT('',(0.0035306,0.00996953985170017,-0.011171749551228));
#16985=CARTESIAN_POINT('',(0.007366,0.00996953985170008,-0.011171749551228));
#16986=CARTESIAN_POINT('',(0.0035306,0.0099695398517004,0.0111717495512277));
#16987=CARTESIAN_POINT('',(0.00339483008319914,0.0099695398517004,0.0111717495512277));
#16988=CARTESIAN_POINT('',(0.00327660000002629,0.0100623008325129,0.0110891038883543));
#16989=CARTESIAN_POINT('',(0.0032766,0.0101619529901371,0.0109970188831448));
#16990=CARTESIAN_POINT('',(0.007366,0.,0.));
#16991=CARTESIAN_POINT('',(0.0032766,0.,0.));
#16992=CARTESIAN_POINT('',(0.0032766,0.00444272122358254,0.0142990188831098));
#16993=CARTESIAN_POINT('',(0.0032766,-0.0146046742137818,0.00330199999989332));
#16994=CARTESIAN_POINT('',(0.0032766,0.00444272122358247,0.0142990188831098));
#16995=CARTESIAN_POINT('',(0.00327660000000438,0.00457234228010565,0.0142587454752944));
#16996=CARTESIAN_POINT('',(0.00339477275491583,0.00469024899022259,0.0142197495512305));
#16997=CARTESIAN_POINT('',(0.00353059999999991,0.00469024899022264,0.0142197495512305));
#16998=CARTESIAN_POINT('',(0.0035306,0.00469024899022964,0.014219749551228));
#16999=CARTESIAN_POINT('',(0.007366,0.00469024899022974,0.014219749551228));
#17000=CARTESIAN_POINT('',(0.,-0.0146597888419309,0.003048));
#17001=CARTESIAN_POINT('',(0.0035306,-0.0146597888419308,0.003048));
#17002=CARTESIAN_POINT('',(0.0035306,-0.0146597888419308,0.003048));
#17003=CARTESIAN_POINT('',(0.00339483008319892,-0.0146597888419308,0.003048));
#17004=CARTESIAN_POINT('',(0.00327660000002646,-0.0146345960887762,0.0031696561972998));
#17005=CARTESIAN_POINT('',(0.0032766,-0.0146046742137692,0.00330199999994921));
#17006=CARTESIAN_POINT('',(0.007366,0.,0.));
#17007=CARTESIAN_POINT('',(0.0032766,0.,0.));
#17008=CARTESIAN_POINT('',(0.0032766,-0.0146046742137577,-0.00330199999999992));
#17009=CARTESIAN_POINT('',(0.0032766,0.00444272122368679,-0.0142990188830774));
#17010=CARTESIAN_POINT('',(0.0032766,-0.0146046742137578,-0.00330199999999985));
#17011=CARTESIAN_POINT('',(0.00327660000000008,-0.0146346069477549,-0.00316960816827522));
#17012=CARTESIAN_POINT('',(0.00339477275491327,-0.0146597888419311,-0.00304799999999963));
#17013=CARTESIAN_POINT('',(0.00353059999999991,-0.0146597888419311,-0.00304799999999957));
#17014=CARTESIAN_POINT('',(0.0035306,-0.0146597888419308,-0.003048));
#17015=CARTESIAN_POINT('',(0.007366,-0.0146597888419308,-0.003048));
#17016=CARTESIAN_POINT('',(0.,0.00469024899023102,-0.0142197495512283));
#17017=CARTESIAN_POINT('',(0.0035306,0.00469024899023025,-0.0142197495512282));
#17018=CARTESIAN_POINT('',(0.0035306,0.00469024899022949,-0.0142197495512281));
#17019=CARTESIAN_POINT('',(0.0033948300831992,0.00469024899022949,-0.0142197495512281));
#17020=CARTESIAN_POINT('',(0.00327660000002687,0.0045722952562632,-0.0142587600856546));
#17021=CARTESIAN_POINT('',(0.0032766,0.00444272122363217,-0.0142990188830943));
#17022=CARTESIAN_POINT('',(0.0035306,0.00833177560471366,0.00782705866462708));
#17023=CARTESIAN_POINT('',(0.0035306,0.00840951588315851,0.00796170877668749));
#17024=CARTESIAN_POINT('',(0.0032766,0.00840951588313458,0.00796170877686066));
#17025=CARTESIAN_POINT('',(0.0032766,0.00833177560452801,0.00782705866473427));
#17026=CARTESIAN_POINT('',(0.0032766,0.,0.));
#17027=CARTESIAN_POINT('',(0.0032766,0.00796957497817402,0.00821570877692652));
#17028=CARTESIAN_POINT('',(0.0032766,0.00771557497817403,0.00777576787180391));
#17029=CARTESIAN_POINT('',(0.0032766,0.0069210135081895,0.0082345081503875));
#17030=CARTESIAN_POINT('',(0.0032766,0.00705566362048923,0.00815676787180442));
#17031=CARTESIAN_POINT('',(0.0032766,0.00414791729745336,0.00312040350478376));
#17032=CARTESIAN_POINT('',(0.0032766,0.00422565757609904,0.00325505361713173));
#17033=CARTESIAN_POINT('',(0.0032766,0.,0.));
#17034=CARTESIAN_POINT('',(0.0032766,0.00422565757603545,-0.00325505361708301));
#17035=CARTESIAN_POINT('',(0.0032766,0.00713340389907172,-0.00829141798410318));
#17036=CARTESIAN_POINT('',(0.0032766,0.00705566362054401,-0.00815676787189534));
#17037=CARTESIAN_POINT('',(0.0032766,0.00785022509058019,-0.00769802759340546));
#17038=CARTESIAN_POINT('',(0.0032766,0.00771557497834666,-0.0077757678718271));
#17039=CARTESIAN_POINT('',(0.0032766,0.00796957497817402,-0.00821570877692652));
#17040=CARTESIAN_POINT('',(0.0032766,0.00840951588329639,-0.00796170877692668));
#17041=CARTESIAN_POINT('',(0.0032766,0.0622774678759302,-0.101263738527846));
#17042=CARTESIAN_POINT('',(0.0032766,0.,0.));
#17043=CARTESIAN_POINT('',(0.0032766,-0.0110998,0.002794));
#17044=CARTESIAN_POINT('',(0.0032766,-0.0105918,0.002794));
#17045=CARTESIAN_POINT('',(0.0032766,-0.0110997999998616,0.00330199999989332));
#17046=CARTESIAN_POINT('',(0.0032766,-0.0105918,0.00187651944283423));
#17047=CARTESIAN_POINT('',(0.0032766,-0.0105918,0.00203199999998222));
#17048=CARTESIAN_POINT('',(0.0032766,-0.00477630735392702,0.00203199999996444));
#17049=CARTESIAN_POINT('',(0.0032766,-0.00493178791106657,0.00203199999996622));
#17050=CARTESIAN_POINT('',(0.0032766,0.,0.));
#17051=CARTESIAN_POINT('',(0.0032766,0.000706130335056168,0.00528705361708372));
#17052=CARTESIAN_POINT('',(0.0032766,0.00361387665809202,0.0103234179841032));
#17053=CARTESIAN_POINT('',(0.0032766,0.00353613637956319,0.0101887678718973));
#17054=CARTESIAN_POINT('',(0.0032766,0.00274157490963372,0.0106475081505725));
#17055=CARTESIAN_POINT('',(0.0032766,0.00287622502176012,0.010569767871966));
#17056=CARTESIAN_POINT('',(0.0032766,0.00313022502182598,0.0110097087769265));
#17057=CARTESIAN_POINT('',(0.0032766,0.00269028411670168,0.0112637087769275));
#17058=CARTESIAN_POINT('',(0.0032766,0.054651825520471,0.101263738527841));
#17059=CARTESIAN_POINT('',(0.0032766,-0.0109443194428337,0.00330199999978664));
#17060=CARTESIAN_POINT('',(0.0032766,0.,0.));
#17061=CARTESIAN_POINT('',(0.0032766,0.00313022502182598,-0.0110097087769265));
#17062=CARTESIAN_POINT('',(0.0032766,0.00287622502182604,-0.010569767871804));
#17063=CARTESIAN_POINT('',(0.0032766,0.00269028411672683,-0.0112637087767531));
#17064=CARTESIAN_POINT('',(0.0032766,0.00367078649181086,-0.0101110275932206));
#17065=CARTESIAN_POINT('',(0.0032766,0.00353613637951355,-0.0101887678718014));
#17066=CARTESIAN_POINT('',(0.0032766,0.000628390056481371,-0.00515240350477916));
#17067=CARTESIAN_POINT('',(0.0032766,0.000706130335063161,-0.00528705361714698));
#17068=CARTESIAN_POINT('',(0.0032766,0.,0.));
#17069=CARTESIAN_POINT('',(0.0032766,-0.004931787911093,-0.00203200000000009));
#17070=CARTESIAN_POINT('',(0.0032766,-0.0107472805571663,-0.002032));
#17071=CARTESIAN_POINT('',(0.0032766,-0.0105918000001067,-0.002032));
#17072=CARTESIAN_POINT('',(0.0032766,-0.0105918000002134,-0.00294948055716628));
#17073=CARTESIAN_POINT('',(0.0032766,-0.0105918000001067,-0.00279400000013843));
#17074=CARTESIAN_POINT('',(0.0032766,-0.0110998,-0.002794));
#17075=CARTESIAN_POINT('',(0.0032766,-0.0110998,-0.003302));
#17076=CARTESIAN_POINT('',(0.0032766,-0.0975596176934808,-0.003302));
#17077=CARTESIAN_POINT('',(0.0032766,0.00261254383830603,-0.0111290586645197));
#17078=CARTESIAN_POINT('',(0.0035306,0.0622774678759302,-0.101263738527846));
#17079=CARTESIAN_POINT('',(0.0035306,0.00840951588329634,-0.0079617087769268));
#17080=CARTESIAN_POINT('',(0.0035306,0.00818954543073495,-0.00808870877692647));
#17081=CARTESIAN_POINT('',(0.0035306,0.00996953985170084,-0.0111717495512289));
#17082=CARTESIAN_POINT('',(0.,0.00996953985170084,-0.0111717495512289));
#17083=CARTESIAN_POINT('',(0.0479044,0.00902736190080985,-0.00953984947051463));
#17084=CARTESIAN_POINT('',(0.0471405949721901,0.00941829094127811,-0.0102169584307598));
#17085=CARTESIAN_POINT('',(0.0464813013440695,0.00975429915257544,-0.0107989417244871));
#17086=CARTESIAN_POINT('',(0.0458179897551504,0.010091732293487,-0.0113833930687034));
#17087=CARTESIAN_POINT('',(0.0458179896667895,0.0100917322621854,-0.011383393014488));
#17088=CARTESIAN_POINT('',(0.0479043999366656,0.00902736185731918,-0.00953984939518647));
#17089=CARTESIAN_POINT('',(-0.0944258716,0.0100917322934866,-0.0113833930687036));
#17090=CARTESIAN_POINT('',(0.1360056716,0.00818954543073498,-0.00808870877692603));
#17091=CARTESIAN_POINT('',(0.0479043999999994,0.00818954543073444,-0.00808870877692651));
#17092=CARTESIAN_POINT('',(0.0479043999999988,0.00937645128448802,-0.01014449001943));
#17093=CARTESIAN_POINT('',(0.0479044,0.00915648083192678,-0.01027149001943));
#17094=CARTESIAN_POINT('',(0.0479044,0.00880739144825516,-0.00966684947052786));
#17095=CARTESIAN_POINT('',(0.0481584,0.00880739144825452,-0.00966684947052495));
#17096=CARTESIAN_POINT('',(0.0479044,0.00796957497817264,-0.00821570877692699));
#17097=CARTESIAN_POINT('',(0.0481584,0.00796957497817319,-0.00821570877692652));
#17098=CARTESIAN_POINT('',(0.0481584,0.00880739144825392,-0.0096668494705299));
#17099=CARTESIAN_POINT('',(0.0481584,0.,0.));
#17100=CARTESIAN_POINT('',(0.0481584,0.00391960602468507,0.0105539594423641));
#17101=CARTESIAN_POINT('',(0.0481584,0.00379013637956302,0.0106287087768272));
#17102=CARTESIAN_POINT('',(0.0481584,0.00313022502181854,0.0110097087769118));
#17103=CARTESIAN_POINT('',(0.0481584,0.00353613637950888,0.0101887678718037));
#17104=CARTESIAN_POINT('',(0.0481584,0.00397607728463192,0.00993476787180391));
#17105=CARTESIAN_POINT('',(0.0481584,0.00107132190566753,0.00490358397187807));
#17106=CARTESIAN_POINT('',(0.0481584,0.00114607124017883,0.00503305361708316));
#17107=CARTESIAN_POINT('',(0.0481584,0.000706130335056292,0.0052870536170832));
#17108=CARTESIAN_POINT('',(0.0481584,0.000638879826955725,0.00478352470117053));
#17109=CARTESIAN_POINT('',(0.0481584,0.,0.));
#17110=CARTESIAN_POINT('',(0.0481584,-0.0044620938243222,0.00183847619047626));
#17111=CARTESIAN_POINT('',(0.0481584,-0.0049317879110933,0.002032));
#17112=CARTESIAN_POINT('',(0.0481584,-0.0049317879110933,0.00152400000002972));
#17113=CARTESIAN_POINT('',(0.0481584,-0.0107412986690209,0.00152400000005944));
#17114=CARTESIAN_POINT('',(0.0481584,-0.0105918000000959,0.00152400000004457));
#17115=CARTESIAN_POINT('',(0.0481584,-0.0105918,0.002032));
#17116=CARTESIAN_POINT('',(0.0481584,-0.0110998,0.002032));
#17117=CARTESIAN_POINT('',(0.0481584,-0.0110998,0.00294349866902086));
#17118=CARTESIAN_POINT('',(0.0481584,-0.0110998,0.00279399999998667));
#17119=CARTESIAN_POINT('',(0.0481584,-0.0132147397206557,0.002794));
#17120=CARTESIAN_POINT('',(0.0481584,-0.0127754329401682,0.00279399999984453));
#17121=CARTESIAN_POINT('',(0.0481584,0.,0.));
#17122=CARTESIAN_POINT('',(0.0481584,-0.0127754329401508,-0.00279399999999728));
#17123=CARTESIAN_POINT('',(0.0481584,0.,-0.00279399999999728));
#17124=CARTESIAN_POINT('',(0.0481584,-0.0110998,-0.00279399999999864));
#17125=CARTESIAN_POINT('',(0.0481584,-0.0110998,0.));
#17126=CARTESIAN_POINT('',(0.0481584,-0.0110997999999733,-0.002032));
#17127=CARTESIAN_POINT('',(0.0481584,-0.0105918,-0.002032));
#17128=CARTESIAN_POINT('',(0.0481584,-0.0105918000001384,-0.00152400000016002));
#17129=CARTESIAN_POINT('',(0.0481584,0.,-0.00152400000010668));
#17130=CARTESIAN_POINT('',(0.0481584,-0.0049317879110933,-0.00152400000005319));
#17131=CARTESIAN_POINT('',(0.0481584,-0.0049317879110933,-0.002032));
#17132=CARTESIAN_POINT('',(0.0481584,-0.00446209382435281,-0.00183847619048906));
#17133=CARTESIAN_POINT('',(0.0481584,0.,0.));
#17134=CARTESIAN_POINT('',(0.0481584,0.000638879826960153,-0.00478352470120367));
#17135=CARTESIAN_POINT('',(0.0481584,0.000706130335056292,-0.0052870536170832));
#17136=CARTESIAN_POINT('',(0.0481584,0.00114607124013429,-0.00503305361815821));
#17137=CARTESIAN_POINT('',(0.0481584,0.00114607124169808,-0.00503305362048275));
#17138=CARTESIAN_POINT('',(0.0481584,0.00397607728459974,-0.00993476787180218));
#17139=CARTESIAN_POINT('',(0.0481584,0.00353613637950888,-0.0101887678718037));
#17140=CARTESIAN_POINT('',(0.0481584,0.00379013637957984,-0.0106287087767004));
#17141=CARTESIAN_POINT('',(0.0481584,0.00379013637993561,-0.0106287087765566));
#17142=CARTESIAN_POINT('',(0.0481584,0.00313022502179918,-0.0110097087768804));
#17143=CARTESIAN_POINT('',(0.0481584,0.00313022502182598,-0.0110097087769265));
#17144=CARTESIAN_POINT('',(0.0481584,0.00396804149190566,-0.0124608494705209));
#17145=CARTESIAN_POINT('',(0.0481584,0.,0.));
#17146=CARTESIAN_POINT('',(0.0481584,0.00796957497817402,-0.00821570877692652));
#17147=CARTESIAN_POINT('',(0.0481584,0.00730966362047801,-0.00859670877690339));
#17148=CARTESIAN_POINT('',(0.0481584,0.00705566362049112,-0.00815676787180374));
#17149=CARTESIAN_POINT('',(0.0481584,0.00661572271557732,-0.0084107678718484));
#17150=CARTESIAN_POINT('',(0.0481584,0.00661572271573662,-0.00841076787222992));
#17151=CARTESIAN_POINT('',(0.0481584,0.00378571667091627,-0.00350905361708738));
#17152=CARTESIAN_POINT('',(0.0481584,0.0042256575760365,-0.0032550536170832));
#17153=CARTESIAN_POINT('',(0.0481584,0.00382321399739283,-0.00294504851071449));
#17154=CARTESIAN_POINT('',(0.0481584,0.,0.));
#17155=CARTESIAN_POINT('',(0.0481584,0.00382321399739298,0.00294504851071443));
#17156=CARTESIAN_POINT('',(0.0481584,0.0042256575760365,0.0032550536170832));
#17157=CARTESIAN_POINT('',(0.0481584,0.00378571667186692,0.00350905361758255));
#17158=CARTESIAN_POINT('',(0.0481584,0.00378571667309855,0.00350905362009953));
#17159=CARTESIAN_POINT('',(0.0481584,0.00661572271538312,0.00841076787177549));
#17160=CARTESIAN_POINT('',(0.0481584,0.00705566362049112,0.00815676787180374));
#17161=CARTESIAN_POINT('',(0.0481584,0.00730966362026009,0.00859670877687435));
#17162=CARTESIAN_POINT('',(0.0481584,0.00730966361995787,0.0085967087771106));
#17163=CARTESIAN_POINT('',(0.0481584,0.00796957497814726,0.00821570877688017));
#17164=CARTESIAN_POINT('',(0.0481584,0.00796957497817402,0.00821570877692652));
#17165=CARTESIAN_POINT('',(0.0481584,0.00880739144824957,0.00966684947051485));
#17166=CARTESIAN_POINT('',(0.0481584,0.,0.));
#17167=CARTESIAN_POINT('',(0.0481584,0.00396804149190211,0.0124608494705147));
#17168=CARTESIAN_POINT('',(0.0481584,0.00305547568731603,0.0108802391317215));
#17169=CARTESIAN_POINT('',(0.0481584,0.,0.));
#17170=CARTESIAN_POINT('',(0.0481584,0.00217990622931912,-0.0045885083449173));
#17171=CARTESIAN_POINT('',(0.0481584,0.00288381167751609,-0.00418210834491752));
#17172=CARTESIAN_POINT('',(0.0481584,0.00577485272409924,-0.0091895383243664));
#17173=CARTESIAN_POINT('',(0.0481584,0.00577485272409861,-0.00918953832436531));
#17174=CARTESIAN_POINT('',(0.0481584,0.00507094727590076,-0.0095959383243664));
#17175=CARTESIAN_POINT('',(0.0481584,0.0050709472759019,-0.00959593832436574));
#17176=CARTESIAN_POINT('',(0.0481584,0.00217990622931954,-0.00458850834491822));
#17177=CARTESIAN_POINT('',(0.0481584,0.,0.));
#17178=CARTESIAN_POINT('',(0.0481584,-0.00506371790683486,0.000406400000000014));
#17179=CARTESIAN_POINT('',(0.0481584,-0.00506371790683443,-0.0004064));
#17180=CARTESIAN_POINT('',(0.0481584,-0.0108458,-0.0004064));
#17181=CARTESIAN_POINT('',(0.0481584,-0.0108458,-0.0004064));
#17182=CARTESIAN_POINT('',(0.0481584,-0.0108458,0.0004064));
#17183=CARTESIAN_POINT('',(0.0481584,-0.0108458,0.0004064));
#17184=CARTESIAN_POINT('',(0.0481584,-0.005063717906834,0.0004064));
#17185=CARTESIAN_POINT('',(0.0481584,0.,0.));
#17186=CARTESIAN_POINT('',(0.0481584,0.00288381167751547,0.00418210834491712));
#17187=CARTESIAN_POINT('',(0.0481584,0.00217990622931812,0.00458850834491839));
#17188=CARTESIAN_POINT('',(0.0481584,0.00507094727590076,0.0095959383243664));
#17189=CARTESIAN_POINT('',(0.0481584,0.00507094727590139,0.00959593832436749));
#17190=CARTESIAN_POINT('',(0.0481584,0.00577485272409924,0.0091895383243664));
#17191=CARTESIAN_POINT('',(0.0481584,0.00577485272409904,0.00918953832436651));
#17192=CARTESIAN_POINT('',(0.0481584,0.00288381167751624,0.00418210834491822));
#17193=CARTESIAN_POINT('',(0.0481584,0.,0.));
#17194=CARTESIAN_POINT('',(0.0481584,1.37909226778522E-12,0.0042418));
#17195=CARTESIAN_POINT('',(0.0481584,-1.37909226778522E-12,-0.0042418));
#17196=CARTESIAN_POINT('',(0.0481584,0.,0.));
#17197=CARTESIAN_POINT('',(0.0481584,0.00288381167751624,0.00418210834491822));
#17198=CARTESIAN_POINT('',(0.0481584,0.00577485272409904,0.00918953832436651));
#17199=CARTESIAN_POINT('',(0.0479044,0.00577485272409914,0.00918953832436645));
#17200=CARTESIAN_POINT('',(0.0479044,0.00288381167751586,0.00418210834491767));
#17201=CARTESIAN_POINT('',(0.0479044,0.00288381167751545,0.00418210834491714));
#17202=CARTESIAN_POINT('',(0.0481584,0.00288381167751537,0.00418210834491718));
#17203=CARTESIAN_POINT('',(0.0481584,0.,0.));
#17204=CARTESIAN_POINT('',(0.0479044,0.,0.));
#17205=CARTESIAN_POINT('',(0.0479044,0.00217990622931878,0.00458850834491808));
#17206=CARTESIAN_POINT('',(0.0481584,0.0021799062293184,0.00458850834491888));
#17207=CARTESIAN_POINT('',(0.0481584,0.00507094727590076,0.0095959383243664));
#17208=CARTESIAN_POINT('',(0.0479044,0.00507094727590076,0.0095959383243664));
#17209=CARTESIAN_POINT('',(0.0479044,0.00507094727590108,0.00959593832436694));
#17210=CARTESIAN_POINT('',(0.0481584,0.00507094727590139,0.00959593832436749));
#17211=CARTESIAN_POINT('',(0.0481584,0.00577485272409924,0.0091895383243664));
#17212=CARTESIAN_POINT('',(0.0479044,0.00577485272409924,0.0091895383243664));
#17213=CARTESIAN_POINT('',(0.0479044,0.,0.));
#17214=CARTESIAN_POINT('',(0.0481584,0.00217990622931954,-0.00458850834491822));
#17215=CARTESIAN_POINT('',(0.0481584,0.0050709472759019,-0.00959593832436574));
#17216=CARTESIAN_POINT('',(0.0479044,0.00507094727590133,-0.00959593832436607));
#17217=CARTESIAN_POINT('',(0.0479044,0.00217990622931932,-0.00458850834491776));
#17218=CARTESIAN_POINT('',(0.0479044,0.00217990622931913,-0.00458850834491729));
#17219=CARTESIAN_POINT('',(0.0481584,0.0021799062293192,-0.00458850834491727));
#17220=CARTESIAN_POINT('',(0.0481584,0.,0.));
#17221=CARTESIAN_POINT('',(0.0479044,0.,0.));
#17222=CARTESIAN_POINT('',(0.0479044,0.00288381167751592,-0.00418210834491763));
#17223=CARTESIAN_POINT('',(0.0481584,0.00288381167751643,-0.0041821083449181));
#17224=CARTESIAN_POINT('',(0.0481584,0.00577485272409924,-0.0091895383243664));
#17225=CARTESIAN_POINT('',(0.0479044,0.00577485272409924,-0.0091895383243664));
#17226=CARTESIAN_POINT('',(0.0479044,0.00577485272409893,-0.00918953832436585));
#17227=CARTESIAN_POINT('',(0.0481584,0.00577485272409861,-0.00918953832436531));
#17228=CARTESIAN_POINT('',(0.0481584,0.00507094727590076,-0.0095959383243664));
#17229=CARTESIAN_POINT('',(0.0479044,0.00507094727590076,-0.0095959383243664));
#17230=CARTESIAN_POINT('',(0.0479044,0.,0.));
#17231=CARTESIAN_POINT('',(0.0481584,-0.005063717906834,0.0004064));
#17232=CARTESIAN_POINT('',(0.0481584,-0.0108458,0.0004064));
#17233=CARTESIAN_POINT('',(0.0479044,-0.0108458,0.0004064));
#17234=CARTESIAN_POINT('',(0.0479044,-0.00506371790683443,0.000406400000000034));
#17235=CARTESIAN_POINT('',(0.0479044,-0.00506371790683486,0.000406400000000032));
#17236=CARTESIAN_POINT('',(0.0481584,-0.00506371790683486,0.000406400000000027));
#17237=CARTESIAN_POINT('',(0.0481584,0.,0.));
#17238=CARTESIAN_POINT('',(0.0479044,0.,0.));
#17239=CARTESIAN_POINT('',(0.0479044,-0.00506371790683443,-0.0004064));
#17240=CARTESIAN_POINT('',(0.0481584,-0.005063717906834,-0.0004064));
#17241=CARTESIAN_POINT('',(0.0481584,-0.0108458,-0.0004064));
#17242=CARTESIAN_POINT('',(0.0479044,-0.0108458,-0.0004064));
#17243=CARTESIAN_POINT('',(0.0479044,-0.0108458,-0.0004064));
#17244=CARTESIAN_POINT('',(0.0481584,-0.0108458,-0.0004064));
#17245=CARTESIAN_POINT('',(0.0481584,-0.0108458,0.0004064));
#17246=CARTESIAN_POINT('',(0.0479044,-0.0108458,0.0004064));
#17247=CARTESIAN_POINT('',(0.0479044,0.,0.));
#17248=CARTESIAN_POINT('',(0.0479044,0.00305547568731682,0.010880239131721));
#17249=CARTESIAN_POINT('',(0.0479044,0.00313022502184078,0.0110097087769485));
#17250=CARTESIAN_POINT('',(0.0479044,0.00291025456927763,0.0111367087769496));
#17251=CARTESIAN_POINT('',(0.0479044,0.00396804149190285,0.012460849470514));
#17252=CARTESIAN_POINT('',(0.0479043999371917,0.00374807099557981,0.0125878493947186));
#17253=CARTESIAN_POINT('',(0.0479044,0.00469024899023002,0.0142197495512289));
#17254=CARTESIAN_POINT('',(0.,0.00469024899023002,0.0142197495512289));
#17255=CARTESIAN_POINT('',(0.0035306,0.00469024899023002,0.0142197495512289));
#17256=CARTESIAN_POINT('',(0.0035306,0.0029102545692761,0.0111367087769504));
#17257=CARTESIAN_POINT('',(0.1360056716,0.00291025456929117,0.0111367087769723));
#17258=CARTESIAN_POINT('',(0.0479044,0.00374807103933903,0.0125878494705146));
#17259=CARTESIAN_POINT('',(0.0472426054299417,0.00408678932038365,0.0131745267427363));
#17260=CARTESIAN_POINT('',(0.0465528375578929,0.00443861711840203,0.0137839103644192));
#17261=CARTESIAN_POINT('',(0.0458179897551504,0.00481244143201618,0.0144313930687034));
#17262=CARTESIAN_POINT('',(-0.656470326195574,-0.340185650790623,-0.583631506463418));
#17263=CARTESIAN_POINT('',(0.0480840051219282,0.00402253865030724,0.0126319870172507));
#17264=CARTESIAN_POINT('',(0.0480710205657505,0.00391333420203389,0.01268038916552));
#17265=CARTESIAN_POINT('',(0.0479903481638929,0.00379005285478383,0.0126605641078557));
#17266=CARTESIAN_POINT('',(0.0479043999994811,0.00374807103960634,0.0125878494709741));
#17267=CARTESIAN_POINT('',(0.0480840050595749,0.00402253869638032,0.0126319870680179));
#17268=CARTESIAN_POINT('',(0.0480840260752761,0.00402254500964572,0.0126320069874434));
#17269=CARTESIAN_POINT('',(0.04738963088013,0.00437956363294927,0.0132468615468672));
#17270=CARTESIAN_POINT('',(0.0466941462259762,0.00473605297108321,0.0138607936998214));
#17271=CARTESIAN_POINT('',(0.0459975753748308,0.00509201098051654,0.0144738006861886));
#17272=CARTESIAN_POINT('',(0.0470408,0.,0.));
#17273=CARTESIAN_POINT('',(0.0480840051224239,0.,0.));
#17274=CARTESIAN_POINT('',(0.0480840050596584,0.00892835235294321,0.00979961423270976));
#17275=CARTESIAN_POINT('',(0.045997575363369,0.0099886735858335,0.0116467111998743));
#17276=CARTESIAN_POINT('',(0.0466941461929343,0.0096357729564877,0.0110319390098887));
#17277=CARTESIAN_POINT('',(0.0473896308442972,0.00928233678298258,0.0104162441084968));
#17278=CARTESIAN_POINT('',(0.0480840260555554,0.00892836643382655,0.00979962964540626));
#17279=CARTESIAN_POINT('',(-0.656482662904325,-0.335352931629712,-0.586435634324371));
#17280=CARTESIAN_POINT('',(0.047904399999698,0.00902736190096586,0.00953984947078182));
#17281=CARTESIAN_POINT('',(0.0479903481658285,0.00906934371524611,0.00961256410610895));
#17282=CARTESIAN_POINT('',(0.0480710205678925,0.00902487204514355,0.00972924141329783));
#17283=CARTESIAN_POINT('',(0.0480840051221205,0.0089283523319514,0.00979961416733664));
#17284=CARTESIAN_POINT('',(0.0479044,0.0088073914482502,0.00966684947051436));
#17285=CARTESIAN_POINT('',(0.0479044,0.00880739144824869,0.00966684947051491));
#17286=CARTESIAN_POINT('',(0.0479044,0.00880739144825006,0.00966684947051539));
#17287=CARTESIAN_POINT('',(0.0479044,0.,0.));
#17288=CARTESIAN_POINT('',(0.0479044,0.00396804149190216,0.0124608494705144));
#17289=CARTESIAN_POINT('',(0.0479044,0.00396804149190216,0.0124608494705144));
#17290=CARTESIAN_POINT('',(0.0479044,0.00789183469959088,0.00808105866462708));
#17291=CARTESIAN_POINT('',(0.0479044,0.00796957497817354,0.0082157087769268));
#17292=CARTESIAN_POINT('',(0.0479044,0.00796957497817402,0.00821570877692652));
#17293=CARTESIAN_POINT('',(0.0479044,0.00796957497817362,0.00821570877692639));
#17294=CARTESIAN_POINT('',(0.0479044,0.00784257497817378,0.00799573832436515));
#17295=CARTESIAN_POINT('',(0.0479044,0.00796957497817402,0.00821570877692652));
#17296=CARTESIAN_POINT('',(0.1360056716,0.00796957497817402,0.00821570877692652));
#17297=CARTESIAN_POINT('',(0.1360056716,0.00784257497817377,0.00799573832436541));
#17298=CARTESIAN_POINT('',(0.0035306,0.00784257497817418,0.00799573832436541));
#17299=CARTESIAN_POINT('',(0.0035306,0.00796957497817402,0.00821570877692652));
#17300=CARTESIAN_POINT('',(0.0035306,0.00796957497817402,0.00821570877692652));
#17301=CARTESIAN_POINT('',(0.0035306,0.00771557497817387,0.00777576787180347));
#17302=CARTESIAN_POINT('',(0.0035306,0.00692101350818914,0.00823450815038688));
#17303=CARTESIAN_POINT('',(0.0035306,0.00696269316792846,0.0085037383243664));
#17304=CARTESIAN_POINT('',(0.0035306,0.00718266362048904,0.00837673832436649));
#17305=CARTESIAN_POINT('',(0.0035306,0.00705566362048855,0.0081567678718044));
#17306=CARTESIAN_POINT('',(0.0035306,0.00705566362049112,0.00815676787180374));
#17307=CARTESIAN_POINT('',(0.0035306,0.00705566362048992,0.00815676787180444));
#17308=CARTESIAN_POINT('',(0.0035306,0.00683569316792897,0.00828376787180386));
#17309=CARTESIAN_POINT('',(0.0035306,0.00705566362049112,0.00815676787180374));
#17310=CARTESIAN_POINT('',(-0.0944258716,0.00705566362049112,0.00815676787180374));
#17311=CARTESIAN_POINT('',(0.,0.00683569316792867,0.00828376787180362));
#17312=CARTESIAN_POINT('',(0.0479044,0.00683569316792915,0.00828376787180412));
#17313=CARTESIAN_POINT('',(-0.0944258716,0.0071826636204867,0.00837673832436754));
#17314=CARTESIAN_POINT('',(0.0479044,0.00718266362037103,0.00837673832443405));
#17315=CARTESIAN_POINT('',(0.0479044,0.00705566362049112,0.00815676787180374));
#17316=CARTESIAN_POINT('',(0.0479044,0.00705566362049112,0.00815676787180374));
#17317=CARTESIAN_POINT('',(0.0479044,0.00661572271536859,0.00841076787180368));
#17318=CARTESIAN_POINT('',(0.0479044,0.00730966362025094,0.00859670877706436));
#17319=CARTESIAN_POINT('',(0.0479044,0.00717501350818914,0.00867444905550966));
#17320=CARTESIAN_POINT('',(0.0479044,0.00704801350818914,0.00845447860294842));
#17321=CARTESIAN_POINT('',(0.,0.00696269316792846,0.0085037383243664));
#17322=CARTESIAN_POINT('',(0.0479044,0.00370797639233058,0.00337440350478376));
#17323=CARTESIAN_POINT('',(0.0479044,0.0037857166718394,0.00350905361868763));
#17324=CARTESIAN_POINT('',(0.0479044,0.00400568712393789,0.00338205361788545));
#17325=CARTESIAN_POINT('',(0.0479044,0.00392794684489182,0.00324740350478375));
#17326=CARTESIAN_POINT('',(0.,0.00391913740531886,0.00323214510785586));
#17327=CARTESIAN_POINT('',(0.,0.00400568712418317,0.00338205361830964));
#17328=CARTESIAN_POINT('',(0.0035306,0.00400568712382915,0.00338205361769646));
#17329=CARTESIAN_POINT('',(0.0035306,0.00391913740531886,0.00323214510785586));
#17330=CARTESIAN_POINT('',(0.0035306,0.00414791729745336,0.00312040350478376));
#17331=CARTESIAN_POINT('',(0.0035306,0.00422565757610925,0.00325505361721031));
#17332=CARTESIAN_POINT('',(0.0035306,0.0042256575760365,0.0032550536170832));
#17333=CARTESIAN_POINT('',(0.0035306,0.00422565757603642,0.00325505361708313));
#17334=CARTESIAN_POINT('',(0.0035306,0.00402443578670125,0.00310005106388892));
#17335=CARTESIAN_POINT('',(0.0035306,0.0042256575760365,0.0032550536170832));
#17336=CARTESIAN_POINT('',(0.1360056716,0.0042256575760365,0.0032550536170832));
#17337=CARTESIAN_POINT('',(0.1360056716,0.00402443578670115,0.00310005106388914));
#17338=CARTESIAN_POINT('',(0.0479044,0.00402443578670134,0.00310005106388889));
#17339=CARTESIAN_POINT('',(0.0479044,0.0042256575760365,0.0032550536170832));
#17340=CARTESIAN_POINT('',(0.0479044,0.0042256575760365,0.0032550536170832));
#17341=CARTESIAN_POINT('',(0.0479044,0.00382321399736656,0.00294504851069408));
#17342=CARTESIAN_POINT('',(0.0479044,0.,0.));
#17343=CARTESIAN_POINT('',(0.0479044,0.00382321399736639,-0.00294504851069413));
#17344=CARTESIAN_POINT('',(0.0479044,0.00402443578670133,-0.00310005106388886));
#17345=CARTESIAN_POINT('',(0.0479044,0.,0.));
#17346=CARTESIAN_POINT('',(0.,0.,0.));
#17347=CARTESIAN_POINT('',(-0.0944258716,0.000672505081005945,0.00503528915912686));
#17348=CARTESIAN_POINT('',(0.0035306,0.000672505081005966,0.00503528915912689));
#17349=CARTESIAN_POINT('',(0.0479044,0.000672505081005985,0.00503528915912687));
#17350=CARTESIAN_POINT('',(0.0035306,0.,0.));
#17351=CARTESIAN_POINT('',(0.0035306,-0.00469694086770818,0.00193523809523639));
#17352=CARTESIAN_POINT('',(0.,-0.00469694086770729,0.00193523809523818));
#17353=CARTESIAN_POINT('',(0.0479044,-0.00469694086770759,0.00193523809523816));
#17354=CARTESIAN_POINT('',(0.0479044,0.,0.));
#17355=CARTESIAN_POINT('',(0.,0.,0.));
#17356=CARTESIAN_POINT('',(-0.0944258716,0.00402443578670115,-0.00310005106388914));
#17357=CARTESIAN_POINT('',(0.0035306,0.00402443578670129,-0.00310005106388895));
#17358=CARTESIAN_POINT('',(0.0035306,0.,0.));
#17359=CARTESIAN_POINT('',(0.,0.,0.));
#17360=CARTESIAN_POINT('',(-0.0944258716,-0.00469694086770787,-0.00193523809523824));
#17361=CARTESIAN_POINT('',(0.0035306,-0.00469694086770761,-0.00193523809523814));
#17362=CARTESIAN_POINT('',(0.0479044,-0.00469694086770759,-0.00193523809523816));
#17363=CARTESIAN_POINT('',(0.0035306,0.,0.));
#17364=CARTESIAN_POINT('',(0.0035306,0.000672505081005225,-0.00503528915912699));
#17365=CARTESIAN_POINT('',(0.1360056716,0.000672505081005993,-0.00503528915912685));
#17366=CARTESIAN_POINT('',(0.0479044,0.000672505081006003,-0.00503528915912687));
#17367=CARTESIAN_POINT('',(0.0479044,0.,0.));
#17368=CARTESIAN_POINT('',(0.0479044,0.,0.));
#17369=CARTESIAN_POINT('',(0.0479044,-0.0044620938243219,0.00183847619047632));
#17370=CARTESIAN_POINT('',(0.0479044,0.000638879826955752,0.0047835247011705));
#17371=CARTESIAN_POINT('',(0.0479044,0.000706130335056292,0.0052870536170832));
#17372=CARTESIAN_POINT('',(0.0479044,0.00114607124017924,0.00503305361708291));
#17373=CARTESIAN_POINT('',(0.0479044,0.00092610078761749,0.00516005361708326));
#17374=CARTESIAN_POINT('',(0.0479044,0.000706130335056292,0.0052870536170832));
#17375=CARTESIAN_POINT('',(-0.0944258716,0.000706130335056292,0.0052870536170832));
#17376=CARTESIAN_POINT('',(0.,0.000926100787617217,0.00516005361708347));
#17377=CARTESIAN_POINT('',(0.0035306,0.000926100787617296,0.00516005361708338));
#17378=CARTESIAN_POINT('',(0.0035306,0.000706130335056292,0.0052870536170832));
#17379=CARTESIAN_POINT('',(0.0035306,0.000706130335056292,0.0052870536170832));
#17380=CARTESIAN_POINT('',(0.0035306,0.000706130335055971,0.00528705361708338));
#17381=CARTESIAN_POINT('',(0.0035306,0.000706130335056287,0.00528705361708327));
#17382=CARTESIAN_POINT('',(0.0035306,0.,0.));
#17383=CARTESIAN_POINT('',(0.0035306,-0.00493178791109425,0.00203199999999621));
#17384=CARTESIAN_POINT('',(0.0035306,-0.0049317879110933,0.002032));
#17385=CARTESIAN_POINT('',(0.0035306,-0.00493178791108568,0.002032));
#17386=CARTESIAN_POINT('',(0.0035306,-0.00493178791108568,0.001778));
#17387=CARTESIAN_POINT('',(0.0035306,-0.0049317879110933,0.002032));
#17388=CARTESIAN_POINT('',(-0.0944258716,-0.0049317879110933,0.002032));
#17389=CARTESIAN_POINT('',(-0.0944258716,-0.00493178791107806,0.001778));
#17390=CARTESIAN_POINT('',(0.0479044,-0.00493178791108568,0.001778));
#17391=CARTESIAN_POINT('',(0.0479044,-0.0049317879110933,0.002032));
#17392=CARTESIAN_POINT('',(0.0479044,-0.0049317879110933,0.002032));
#17393=CARTESIAN_POINT('',(0.0479044,-0.0049317879110933,0.001524));
#17394=CARTESIAN_POINT('',(0.0479044,-0.0107412986690209,0.001524));
#17395=CARTESIAN_POINT('',(0.0479044,-0.0105918000000584,0.001524));
#17396=CARTESIAN_POINT('',(0.0479044,-0.0105918000000292,0.001778));
#17397=CARTESIAN_POINT('',(0.0479044,-0.0047586884747808,0.001778));
#17398=CARTESIAN_POINT('',(0.,-0.0047586884747808,0.001778));
#17399=CARTESIAN_POINT('',(0.0035306,-0.0047586884747808,0.001778));
#17400=CARTESIAN_POINT('',(0.0035306,-0.0105918,0.001778));
#17401=CARTESIAN_POINT('',(0.,-0.0105918,0.001778));
#17402=CARTESIAN_POINT('',(-0.0944258716,-0.0105918,0.002032));
#17403=CARTESIAN_POINT('',(0.0035306,-0.0105918,0.002032));
#17404=CARTESIAN_POINT('',(0.0035306,-0.0108458,0.00203199999999758));
#17405=CARTESIAN_POINT('',(-0.0944258716,-0.0108458,0.00203199999999517));
#17406=CARTESIAN_POINT('',(0.0479044,-0.0108458,0.00203199999999759));
#17407=CARTESIAN_POINT('',(0.0479044,-0.0105918,0.002032));
#17408=CARTESIAN_POINT('',(0.0479044,-0.0105918,0.002032));
#17409=CARTESIAN_POINT('',(0.0479044,-0.0110998,0.002032));
#17410=CARTESIAN_POINT('',(0.0479044,-0.0110998,0.00294349866902086));
#17411=CARTESIAN_POINT('',(0.0479044,-0.0110998,0.00279399999997333));
#17412=CARTESIAN_POINT('',(0.0479044,-0.0108458,0.00279399999997333));
#17413=CARTESIAN_POINT('',(0.0479044,-0.0108458,0.001778));
#17414=CARTESIAN_POINT('',(0.,-0.0108458,0.001778));
#17415=CARTESIAN_POINT('',(0.0035306,-0.0108458,0.001778));
#17416=CARTESIAN_POINT('',(0.0035306,-0.0108458,0.00279399999997333));
#17417=CARTESIAN_POINT('',(0.1360056716,-0.0108458,0.00279399999994666));
#17418=CARTESIAN_POINT('',(0.1360056716,-0.0110998,0.002794));
#17419=CARTESIAN_POINT('',(0.0035306,-0.0110998,0.002794));
#17420=CARTESIAN_POINT('',(0.0035306,-0.0110997999999308,0.003048));
#17421=CARTESIAN_POINT('',(0.,-0.0110998,0.003048));
#17422=CARTESIAN_POINT('',(0.0479044,-0.0110998,0.003048));
#17423=CARTESIAN_POINT('',(0.0479044,-0.0110998,0.002794));
#17424=CARTESIAN_POINT('',(0.0479044,-0.0110998,0.002794));
#17425=CARTESIAN_POINT('',(0.0479044,-0.0110998,0.002794));
#17426=CARTESIAN_POINT('',(0.0479044,-0.0132147397206557,0.002794));
#17427=CARTESIAN_POINT('',(0.0479044,-0.0127754329401498,0.002794));
#17428=CARTESIAN_POINT('',(0.0479043999368743,-0.0127754328531042,0.00304799999999987));
#17429=CARTESIAN_POINT('',(0.0479044,-0.0108458,0.003048));
#17430=CARTESIAN_POINT('',(0.,-0.0108458,0.003048));
#17431=CARTESIAN_POINT('',(0.0035306,-0.0108458,0.003048));
#17432=CARTESIAN_POINT('',(0.,-0.0149041737255045,0.003048));
#17433=CARTESIAN_POINT('',(0.0458179896664791,-0.0149041736630948,0.00304799999999987));
#17434=CARTESIAN_POINT('',(0.0458179897551504,-0.0149041737255045,0.003048));
#17435=CARTESIAN_POINT('',(0.0464806876904581,-0.014229931795957,0.003048));
#17436=CARTESIAN_POINT('',(0.0471705446970759,-0.0135266334252516,0.003048));
#17437=CARTESIAN_POINT('',(0.0479044,-0.0127754329401498,0.003048));
#17438=CARTESIAN_POINT('',(-0.656472060012595,0.675534250783823,0.00279365942515436));
#17439=CARTESIAN_POINT('',(0.0459975948772787,-0.0150807037477276,0.00282709307116603));
#17440=CARTESIAN_POINT('',(0.0459862650715611,-0.0150695679289534,0.00294798537080212));
#17441=CARTESIAN_POINT('',(0.0459049496511533,-0.0149896447468605,0.00304799999999948));
#17442=CARTESIAN_POINT('',(0.045817989754871,-0.0149041737257903,0.003048));
#17443=CARTESIAN_POINT('',(0.0459975949400243,-0.0150807036862295,0.00282709305870124));
#17444=CARTESIAN_POINT('',(0.0459975753661159,-0.0150806845652718,0.00282708947601238));
#17445=CARTESIAN_POINT('',(0.0466941462221378,-0.0143718259424737,0.00282885466321032));
#17446=CARTESIAN_POINT('',(0.0473896308838083,-0.0136619004401371,0.00283061741125869));
#17447=CARTESIAN_POINT('',(0.0480840260891267,-0.0129509114703428,0.00283237733046541));
#17448=CARTESIAN_POINT('',(0.0480840050590593,-0.0129508910481975,0.00283237284302087));
#17449=CARTESIAN_POINT('',(0.0479043999988453,-0.0127754329413319,0.003048));
#17450=CARTESIAN_POINT('',(0.0479903481582181,-0.0128593965769491,0.003048));
#17451=CARTESIAN_POINT('',(0.0480710205601907,-0.0129382062538718,0.00295114775057924));
#17452=CARTESIAN_POINT('',(0.0480840051212669,-0.012950890983048,0.00283237284973823));
#17453=CARTESIAN_POINT('',(0.0479044,-0.0127754329401498,0.002794));
#17454=CARTESIAN_POINT('',(0.0479044,-0.0127754329401498,0.002794));
#17455=CARTESIAN_POINT('',(0.0479044,0.,0.));
#17456=CARTESIAN_POINT('',(0.0480840051224237,0.,0.));
#17457=CARTESIAN_POINT('',(0.0480840050590156,-0.0129508910499282,-0.00283237283530373));
#17458=CARTESIAN_POINT('',(0.0479044,-0.0127754329401515,-0.00279400000000065));
#17459=CARTESIAN_POINT('',(0.0479044,-0.0127754329401498,-0.002794));
#17460=CARTESIAN_POINT('',(0.0480840051208494,-0.0129508909835486,-0.00283237284940354));
#17461=CARTESIAN_POINT('',(0.048071020556581,-0.0129382062572546,-0.00295114775306695));
#17462=CARTESIAN_POINT('',(0.0479903481544916,-0.0128593965808266,-0.003048));
#17463=CARTESIAN_POINT('',(0.0479043999984279,-0.012775432941759,-0.003048));
#17464=CARTESIAN_POINT('',(0.0479043999366663,-0.0127754328531688,-0.00304799999999987));
#17465=CARTESIAN_POINT('',(0.0479044,-0.0127754329401638,-0.002794));
#17466=CARTESIAN_POINT('',(0.0479044,-0.0132320301681321,-0.002794));
#17467=CARTESIAN_POINT('',(0.0479044,-0.0132320301681321,-0.003048));
#17468=CARTESIAN_POINT('',(0.0479044,-0.0110998,-0.003048));
#17469=CARTESIAN_POINT('',(0.0479044,-0.0110998,-0.002794));
#17470=CARTESIAN_POINT('',(0.0479044,-0.0110998,-0.002794));
#17471=CARTESIAN_POINT('',(0.0479044,-0.0110998,-0.002794));
#17472=CARTESIAN_POINT('',(0.0479044,-0.0108458,-0.00279400000000254));
#17473=CARTESIAN_POINT('',(0.0479044,-0.0110998,-0.002794));
#17474=CARTESIAN_POINT('',(0.1360056716,-0.0110998,-0.002794));
#17475=CARTESIAN_POINT('',(0.1360056716,-0.0110998,-0.003048));
#17476=CARTESIAN_POINT('',(0.0035306,-0.0110998,-0.003048));
#17477=CARTESIAN_POINT('',(0.0035306,-0.0110998,-0.002794));
#17478=CARTESIAN_POINT('',(0.0035306,-0.0108458,-0.00279400000006922));
#17479=CARTESIAN_POINT('',(0.,-0.0108458,-0.00279400000000508));
#17480=CARTESIAN_POINT('',(0.,-0.0108458,-0.003048));
#17481=CARTESIAN_POINT('',(0.0035306,-0.0108458,-0.003048));
#17482=CARTESIAN_POINT('',(0.0035306,-0.0108458,-0.002032));
#17483=CARTESIAN_POINT('',(0.,-0.0108458,-0.002032));
#17484=CARTESIAN_POINT('',(0.0479044,-0.0108458,-0.002032));
#17485=CARTESIAN_POINT('',(0.0479044,-0.0108458,-0.00294948055716628));
#17486=CARTESIAN_POINT('',(0.0479044,-0.0110998,-0.00294948055716628));
#17487=CARTESIAN_POINT('',(0.0479044,-0.0110998,-0.002032));
#17488=CARTESIAN_POINT('',(0.0479044,-0.0105918,-0.002032));
#17489=CARTESIAN_POINT('',(0.0479044,-0.0105918,-0.002032));
#17490=CARTESIAN_POINT('',(0.0479044,-0.0105918000001384,-0.001778));
#17491=CARTESIAN_POINT('',(0.0479044,-0.0105918000002769,-0.001524));
#17492=CARTESIAN_POINT('',(0.0479044,-0.0107472805571663,-0.001524));
#17493=CARTESIAN_POINT('',(0.0479044,-0.0107472805571663,-0.001778));
#17494=CARTESIAN_POINT('',(0.0479044,-0.0049317879110933,-0.001778));
#17495=CARTESIAN_POINT('',(0.0479044,-0.0049317879110933,-0.001524));
#17496=CARTESIAN_POINT('',(0.0479044,-0.0049317879110933,-0.002032));
#17497=CARTESIAN_POINT('',(0.0479044,-0.0049317879110933,-0.002032));
#17498=CARTESIAN_POINT('',(0.0479044,-0.0044620938243219,-0.00183847619047632));
#17499=CARTESIAN_POINT('',(0.0479044,0.,0.));
#17500=CARTESIAN_POINT('',(0.0479044,0.000638879826955723,-0.0047835247011705));
#17501=CARTESIAN_POINT('',(0.0479044,0.000706130335056292,-0.0052870536170832));
#17502=CARTESIAN_POINT('',(0.0479044,0.000706130335056292,-0.0052870536170832));
#17503=CARTESIAN_POINT('',(0.0479044,0.000926100788080309,-0.0051600536178852));
#17504=CARTESIAN_POINT('',(0.0479044,0.00114607124110446,-0.00503305361868713));
#17505=CARTESIAN_POINT('',(0.0479044,0.00106833096159593,-0.00489840350478376));
#17506=CARTESIAN_POINT('',(0.0479044,0.000848360509034687,-0.00502540350478376));
#17507=CARTESIAN_POINT('',(0.0479044,0.00375610683207066,-0.0100617678718039));
#17508=CARTESIAN_POINT('',(0.0479044,0.00397607728463141,-0.0099347678718038));
#17509=CARTESIAN_POINT('',(0.0479044,0.00353613637950888,-0.0101887678718037));
#17510=CARTESIAN_POINT('',(0.0479044,0.00353613637950888,-0.0101887678718037));
#17511=CARTESIAN_POINT('',(0.0479044,0.00366313637962911,-0.0104087383242961));
#17512=CARTESIAN_POINT('',(0.0479044,0.00379013637974934,-0.0106287087767885));
#17513=CARTESIAN_POINT('',(0.0479044,0.00392478649181086,-0.0105509684983434));
#17514=CARTESIAN_POINT('',(0.0479044,0.00379778649181085,-0.0103309980457821));
#17515=CARTESIAN_POINT('',(0.0479044,0.00300322502182585,-0.0107897383243656));
#17516=CARTESIAN_POINT('',(0.0479044,0.00313022502182589,-0.0110097087769269));
#17517=CARTESIAN_POINT('',(0.0479044,0.00313022502182598,-0.0110097087769265));
#17518=CARTESIAN_POINT('',(0.0479044,0.0031302250218255,-0.0110097087769268));
#17519=CARTESIAN_POINT('',(0.0479044,0.0029102545692634,-0.0111367087769243));
#17520=CARTESIAN_POINT('',(0.0479044,0.00313022502182598,-0.0110097087769265));
#17521=CARTESIAN_POINT('',(0.1360056716,0.00313022502182598,-0.0110097087769265));
#17522=CARTESIAN_POINT('',(0.1360056716,0.00300322502182549,-0.0107897383243655));
#17523=CARTESIAN_POINT('',(0.0035306,0.00300322502182612,-0.0107897383243659));
#17524=CARTESIAN_POINT('',(0.0035306,0.00313022502182598,-0.0110097087769265));
#17525=CARTESIAN_POINT('',(0.0035306,0.00291025456923028,-0.0111367087768664));
#17526=CARTESIAN_POINT('',(0.,0.00291025456926255,-0.0111367087769219));
#17527=CARTESIAN_POINT('',(0.,0.00278325456926586,-0.0109167383243664));
#17528=CARTESIAN_POINT('',(0.0458179897551504,0.00481244143201718,-0.0144313930687028));
#17529=CARTESIAN_POINT('',(0.0465973418962144,0.0044159773194115,-0.0137446970822921));
#17530=CARTESIAN_POINT('',(0.04715777120497,0.00413020899488495,-0.0132497318250183));
#17531=CARTESIAN_POINT('',(0.0479044,0.00374807103934004,-0.0125878494705141));
#17532=CARTESIAN_POINT('',(0.0479043999373009,0.00374807099559902,-0.0125878493947528));
#17533=CARTESIAN_POINT('',(0.0458179896666493,0.00481244140072491,-0.0144313930145045));
#17534=CARTESIAN_POINT('',(0.0479044,0.0028325142906816,-0.0110020586646271));
#17535=CARTESIAN_POINT('',(0.0035306,0.00278325456926586,-0.0109167383243664));
#17536=CARTESIAN_POINT('',(0.0459762125166316,0.00481244143201602,-0.0144313930687035));
#17537=CARTESIAN_POINT('',(0.0459762125166316,0.00503241188457698,-0.014304393068703));
#17538=CARTESIAN_POINT('',(0.,0.00511670689102062,-0.0145439976427178));
#17539=CARTESIAN_POINT('',(0.0458179897551504,0.00511670689101977,-0.0145439976427181));
#17540=CARTESIAN_POINT('',(0.0458179897551504,0.00503241188457698,-0.014304393068703));
#17541=CARTESIAN_POINT('',(0.0458179897551504,0.00503241188457698,-0.014304393068703));
#17542=CARTESIAN_POINT('',(0.0459975948776324,0.00509201745522239,-0.0144738190877387));
#17543=CARTESIAN_POINT('',(0.0459862650745442,0.00498175374215333,-0.0145246213332219));
#17544=CARTESIAN_POINT('',(0.0459049496542056,0.0048551769411274,-0.0145054131417713));
#17545=CARTESIAN_POINT('',(0.045817989755211,0.00481244143198517,-0.0144313930686501));
#17546=CARTESIAN_POINT('',(0.0459975949404246,0.00509201742880683,-0.0144738190304716));
#17547=CARTESIAN_POINT('',(0.0458179897551504,0.0050324118845774,-0.0143043930687032));
#17548=CARTESIAN_POINT('',(0.0458179897551504,0.,0.));
#17549=CARTESIAN_POINT('',(0.045997594877572,0.,0.));
#17550=CARTESIAN_POINT('',(0.0459975949402258,0.00998868625070214,-0.0116467259696971));
#17551=CARTESIAN_POINT('',(0.0458179897551504,0.,0.));
#17552=CARTESIAN_POINT('',(0.0458179897551504,0.0100371179856648,-0.011703196972701));
#17553=CARTESIAN_POINT('',(0.0458179897551504,0.00987176184092529,-0.0115103930687032));
#17554=CARTESIAN_POINT('',(0.0458179897551504,0.00987176184092502,-0.011510393068703));
#17555=CARTESIAN_POINT('',(0.0458179897551504,0.00987176184092502,-0.011510393068703));
#17556=CARTESIAN_POINT('',(0.0458179897552494,0.0100917322934363,-0.0113833930686164));
#17557=CARTESIAN_POINT('',(0.0459049496545496,0.0101344678024214,-0.0114574131414665));
#17558=CARTESIAN_POINT('',(0.0459862650748904,0.0100878141836914,-0.0115766359623888));
#17559=CARTESIAN_POINT('',(0.0459975948776702,0.00998868629212927,-0.0116467260165742));
#17560=CARTESIAN_POINT('',(-0.656476035290095,-0.335349697130861,0.586430029360076));
#17561=CARTESIAN_POINT('',(0.0480840051208502,0.00892835233234806,-0.00979961416869367));
#17562=CARTESIAN_POINT('',(0.0480710205565827,0.00902487205310493,-0.00972924142165101));
#17563=CARTESIAN_POINT('',(0.0479903481544941,0.00906934372114715,-0.00961256411632983));
#17564=CARTESIAN_POINT('',(0.0479043999984282,0.00902736190161576,-0.00953984947190747));
#17565=CARTESIAN_POINT('',(0.0480840050590162,0.00892835235332638,-0.00979961423323005));
#17566=CARTESIAN_POINT('',(0.048084026095819,0.00892836646095102,-0.00979962967517523));
#17567=CARTESIAN_POINT('',(0.0473896308822221,0.00928233680666142,-0.0104162441376648));
#17568=CARTESIAN_POINT('',(0.0466941462183632,0.00963577297175077,-0.0110319390298697));
#17569=CARTESIAN_POINT('',(0.045997575366206,0.00998867358768057,-0.0116467112020271));
#17570=CARTESIAN_POINT('',(0.0470408,0.,0.));
#17571=CARTESIAN_POINT('',(0.048084005122424,0.,0.));
#17572=CARTESIAN_POINT('',(0.0480840050596586,0.00402253869634302,-0.0126319870679422));
#17573=CARTESIAN_POINT('',(0.0459975753633693,0.00509201097671386,-0.0144738006753782));
#17574=CARTESIAN_POINT('',(0.0466941461929343,0.00473605295731904,-0.0138607936703609));
#17575=CARTESIAN_POINT('',(0.0473896308442981,0.00437956361848651,-0.0132468615147946));
#17576=CARTESIAN_POINT('',(0.0480840260555582,0.00402254500368882,-0.0126320069686958));
#17577=CARTESIAN_POINT('',(-0.656482663602681,-0.340191691372601,0.583641975877237));
#17578=CARTESIAN_POINT('',(0.047904399999698,0.00374807103949531,-0.0125878494707818));
#17579=CARTESIAN_POINT('',(0.0479903481658283,0.00379005285377523,-0.0126605641061088));
#17580=CARTESIAN_POINT('',(0.048071020567892,0.00391333420088494,-0.0126803891636494));
#17581=CARTESIAN_POINT('',(0.0480840051221202,0.00402253865022413,-0.0126319870170757));
#17582=CARTESIAN_POINT('',(0.0479044,0.00396804149190216,-0.0124608494705144));
#17583=CARTESIAN_POINT('',(0.0479044,0.00396804149190062,-0.0124608494705148));
#17584=CARTESIAN_POINT('',(0.0479044,0.00396804149190241,-0.0124608494705158));
#17585=CARTESIAN_POINT('',(0.0479044,0.,0.));
#17586=CARTESIAN_POINT('',(0.0479044,0.00880739144825054,-0.00966684947051495));
#17587=CARTESIAN_POINT('',(0.0479044,0.0088073914482502,-0.00966684947051436));
#17588=CARTESIAN_POINT('',(0.0479044,0.00305248474324284,-0.0108750586646271));
#17589=CARTESIAN_POINT('',(-0.0944258716,0.00987176184092502,-0.011510393068703));
#17590=CARTESIAN_POINT('',(0.,0.0100371179856654,-0.0117031969727007));
#17591=CARTESIAN_POINT('',(0.,0.,0.));
#17592=CARTESIAN_POINT('',(0.0035306,0.00261254383812006,-0.0111290586646271));
#17593=CARTESIAN_POINT('',(0.0035306,0.00269028411656495,-0.0112637087766866));
#17594=CARTESIAN_POINT('',(0.0035306,0.00313022502182598,-0.0110097087769265));
#17595=CARTESIAN_POINT('',(0.0035306,0.00287622502182614,-0.010569767871804));
#17596=CARTESIAN_POINT('',(0.0035306,0.00367078649181086,-0.0101110275932206));
#17597=CARTESIAN_POINT('',(0.0035306,0.00388310683207154,-0.0102817383243664));
#17598=CARTESIAN_POINT('',(0.0035306,0.00366313637951151,-0.0104087383243646));
#17599=CARTESIAN_POINT('',(0.0035306,0.00353613637951139,-0.0101887678718031));
#17600=CARTESIAN_POINT('',(0.0035306,0.00353613637950888,-0.0101887678718037));
#17601=CARTESIAN_POINT('',(0.0035306,0.00353613637950939,-0.0101887678718034));
#17602=CARTESIAN_POINT('',(0.0035306,0.00375610683207078,-0.0100617678718038));
#17603=CARTESIAN_POINT('',(0.0035306,0.00353613637950888,-0.0101887678718037));
#17604=CARTESIAN_POINT('',(-0.0944258716,0.00353613637950888,-0.0101887678718037));
#17605=CARTESIAN_POINT('',(0.,0.00375610683207118,-0.0100617678718039));
#17606=CARTESIAN_POINT('',(-0.0944258716,0.00366313637951317,-0.0104087383243625));
#17607=CARTESIAN_POINT('',(0.,0.00388310683207154,-0.0102817383243664));
#17608=CARTESIAN_POINT('',(0.,0.000839551069461178,-0.00501014510785586));
#17609=CARTESIAN_POINT('',(0.,0.000926100788325611,-0.00516005361830985));
#17610=CARTESIAN_POINT('',(0.0035306,0.000926100787971522,-0.00516005361769656));
#17611=CARTESIAN_POINT('',(0.0035306,0.000839551069461178,-0.00501014510785586));
#17612=CARTESIAN_POINT('',(0.0035306,0.000628390056473406,-0.00515240350478376));
#17613=CARTESIAN_POINT('',(0.0035306,0.000706130335129396,-0.00528705361721049));
#17614=CARTESIAN_POINT('',(0.0035306,0.000706130335056292,-0.0052870536170832));
#17615=CARTESIAN_POINT('',(0.0035306,0.00070613033505468,-0.00528705361708349));
#17616=CARTESIAN_POINT('',(0.0035306,0.000706130335056292,-0.0052870536170832));
#17617=CARTESIAN_POINT('',(0.1360056716,0.000706130335056292,-0.0052870536170832));
#17618=CARTESIAN_POINT('',(0.0035306,0.,0.));
#17619=CARTESIAN_POINT('',(0.0035306,-0.00493178791109271,-0.00203199999999994));
#17620=CARTESIAN_POINT('',(0.0035306,-0.0049317879110933,-0.002032));
#17621=CARTESIAN_POINT('',(0.0035306,-0.0049317879110933,-0.002032));
#17622=CARTESIAN_POINT('',(0.0035306,-0.0049317879110933,-0.001778));
#17623=CARTESIAN_POINT('',(0.0035306,-0.0049317879110933,-0.002032));
#17624=CARTESIAN_POINT('',(-0.0944258716,-0.0049317879110933,-0.002032));
#17625=CARTESIAN_POINT('',(0.,-0.0049317879110933,-0.001778));
#17626=CARTESIAN_POINT('',(0.,-0.0108458,-0.001778));
#17627=CARTESIAN_POINT('',(-0.0944258716,-0.0105918000000051,-0.001778));
#17628=CARTESIAN_POINT('',(0.0035306,-0.0105918000000025,-0.001778));
#17629=CARTESIAN_POINT('',(0.0035306,-0.0108458,-0.001778));
#17630=CARTESIAN_POINT('',(0.0035306,-0.0107472805571663,-0.002032));
#17631=CARTESIAN_POINT('',(0.0035306,-0.0105918000000025,-0.002032));
#17632=CARTESIAN_POINT('',(0.0035306,-0.0105918,-0.002032));
#17633=CARTESIAN_POINT('',(0.0035306,-0.0105918,-0.002032));
#17634=CARTESIAN_POINT('',(0.0035306,-0.0105918,-0.002032));
#17635=CARTESIAN_POINT('',(-0.0944258716,-0.0105918,-0.002032));
#17636=CARTESIAN_POINT('',(0.0035306,-0.0105918,-0.00294948055716628));
#17637=CARTESIAN_POINT('',(0.0035306,-0.0105918,-0.00279400000027686));
#17638=CARTESIAN_POINT('',(0.0035306,-0.0110998,-0.002794));
#17639=CARTESIAN_POINT('',(0.0035306,-0.0110998,-0.003302));
#17640=CARTESIAN_POINT('',(0.0035306,-0.0975596176934808,-0.003302));
#17641=CARTESIAN_POINT('',(0.0035306,-0.0146597888419309,-0.003048));
#17642=CARTESIAN_POINT('',(0.,-0.0146597888419309,-0.003048));
#17643=CARTESIAN_POINT('',(0.0479044,-0.0127754329401498,-0.003048));
#17644=CARTESIAN_POINT('',(0.0471405949721901,-0.0135572910210864,-0.003048));
#17645=CARTESIAN_POINT('',(0.0464813013440695,-0.0142293074436827,-0.003048));
#17646=CARTESIAN_POINT('',(0.0458179897551504,-0.0149041737255045,-0.003048));
#17647=CARTESIAN_POINT('',(0.0458179896667897,-0.0149041736629016,-0.00304799999999987));
#17648=CARTESIAN_POINT('',(-0.0944258716,-0.0149041737255045,-0.003048));
#17649=CARTESIAN_POINT('',(-0.0944258716,-0.0149041737255045,-0.002794));
#17650=CARTESIAN_POINT('',(0.0458179897551504,-0.0149041737255045,-0.002794));
#17651=CARTESIAN_POINT('',(0.0458179897551504,-0.0151538248766848,-0.00284080067001737));
#17652=CARTESIAN_POINT('',(0.,-0.0151538248766846,-0.0028408006700181));
#17653=CARTESIAN_POINT('',(0.,0.,0.));
#17654=CARTESIAN_POINT('',(0.0458179897551504,0.,0.));
#17655=CARTESIAN_POINT('',(0.0458179897550682,-0.0151538248766862,0.0028408006700175));
#17656=CARTESIAN_POINT('',(-0.0944258716,-0.0151538248766853,0.00284080067001824));
#17657=CARTESIAN_POINT('',(-0.0944258716,-0.0149041737255045,0.002794));
#17658=CARTESIAN_POINT('',(0.0458179897551504,-0.0149041737255045,0.002794));
#17659=CARTESIAN_POINT('',(0.0458179897551504,-0.0149041737255045,0.002794));
#17660=CARTESIAN_POINT('',(0.0458179897551504,-0.0149041737255045,0.002794));
#17661=CARTESIAN_POINT('',(0.0458179897551504,0.,0.));
#17662=CARTESIAN_POINT('',(0.0458179897551504,-0.0149041737255038,-0.00279400000000021));
#17663=CARTESIAN_POINT('',(0.0459975949402259,-0.0150807036860243,-0.00282709305869268));
#17664=CARTESIAN_POINT('',(0.0459975948775722,0.,0.));
#17665=CARTESIAN_POINT('',(0.0470408,0.,0.));
#17666=CARTESIAN_POINT('',(0.0480840260958163,-0.0129509114768582,-0.00283237733189297));
#17667=CARTESIAN_POINT('',(0.0473896308822188,-0.0136619004385709,-0.00283061741221918));
#17668=CARTESIAN_POINT('',(0.046694146218359,-0.0143718259387458,-0.00282885466370055));
#17669=CARTESIAN_POINT('',(0.0459975753662009,-0.0150806845653391,-0.00282708947602946));
#17670=CARTESIAN_POINT('',(-0.656476035180043,0.675538151425728,-0.00279365838756146));
#17671=CARTESIAN_POINT('',(0.0458179897552499,-0.0149041737254034,-0.003048));
#17672=CARTESIAN_POINT('',(0.0459049496545531,-0.01498964474337,-0.003048));
#17673=CARTESIAN_POINT('',(0.0459862650748951,-0.0150695679256354,-0.00294798537053806));
#17674=CARTESIAN_POINT('',(0.045997594877671,-0.0150807037473351,-0.00282709307113066));
#17675=CARTESIAN_POINT('',(0.0458179897551504,-0.0149041737255045,-0.002794));
#17676=CARTESIAN_POINT('',(0.0035306,-0.0109443194428337,0.003302));
#17677=CARTESIAN_POINT('',(0.0035306,-0.0110997999997231,0.003302));
#17678=CARTESIAN_POINT('',(0.0035306,-0.0110998,0.002794));
#17679=CARTESIAN_POINT('',(0.0035306,-0.0105918,0.002794));
#17680=CARTESIAN_POINT('',(0.0035306,-0.0105918,0.00187651944283423));
#17681=CARTESIAN_POINT('',(0.0035306,-0.0105918,0.00203199999999758));
#17682=CARTESIAN_POINT('',(0.0035306,-0.0105918,0.002032));
#17683=CARTESIAN_POINT('',(0.0035306,-0.0105918,0.002032));
#17684=CARTESIAN_POINT('',(0.0035306,-0.00477630735392702,0.002032));
#17685=CARTESIAN_POINT('',(0.0035306,0.00361387665809202,0.0103234179841032));
#17686=CARTESIAN_POINT('',(0.0035306,0.00388310683207154,0.0102817383243664));
#17687=CARTESIAN_POINT('',(0.0035306,0.00375610683207194,0.0100617678718064));
#17688=CARTESIAN_POINT('',(0.0035306,0.00353613637951095,0.0101887678718062));
#17689=CARTESIAN_POINT('',(0.0035306,0.00353613637950888,0.0101887678718037));
#17690=CARTESIAN_POINT('',(0.0035306,0.00353613637950936,0.0101887678718046));
#17691=CARTESIAN_POINT('',(0.0035306,0.00366313637950924,0.0104087383243663));
#17692=CARTESIAN_POINT('',(0.0035306,0.00353613637950888,0.0101887678718037));
#17693=CARTESIAN_POINT('',(-0.0944258716,0.00353613637950888,0.0101887678718037));
#17694=CARTESIAN_POINT('',(0.,0.00366313637950936,0.0104087383243672));
#17695=CARTESIAN_POINT('',(0.0479044,0.00366313637953429,0.0104087383243515));
#17696=CARTESIAN_POINT('',(-0.0944258716,0.00375610683207332,0.0100617678718093));
#17697=CARTESIAN_POINT('',(0.0479044,0.00375610683207194,0.0100617678718064));
#17698=CARTESIAN_POINT('',(0.0479044,0.00353613637950888,0.0101887678718037));
#17699=CARTESIAN_POINT('',(0.0479044,0.00353613637950888,0.0101887678718037));
#17700=CARTESIAN_POINT('',(0.0479044,0.00397607728463181,0.00993476787180448));
#17701=CARTESIAN_POINT('',(0.0479044,0.0037901363795592,0.010628708776897));
#17702=CARTESIAN_POINT('',(0.0479044,0.00391960602471436,0.0105539594424148));
#17703=CARTESIAN_POINT('',(0.0479044,0.00313022502182559,0.0110097087769258));
#17704=CARTESIAN_POINT('',(0.0479044,0.00300322502182602,0.0107897383243659));
#17705=CARTESIAN_POINT('',(0.0479044,0.00278325456926586,0.0109167383243664));
#17706=CARTESIAN_POINT('',(0.,0.00278325456926586,0.0109167383243664));
#17707=CARTESIAN_POINT('',(0.,0.00300322502182626,0.0107897383243669));
#17708=CARTESIAN_POINT('',(0.0035306,0.00300322502176661,0.0107897383244004));
#17709=CARTESIAN_POINT('',(0.0035306,0.00278325456926586,0.0109167383243664));
#17710=CARTESIAN_POINT('',(0.0035306,0.00274157490952654,0.0106475081503869));
#17711=CARTESIAN_POINT('',(0.0035306,0.00287622502158695,0.010569767871942));
#17712=CARTESIAN_POINT('',(0.0035306,0.00313022502182598,0.0110097087769265));
#17713=CARTESIAN_POINT('',(0.0035306,0.00313022502182598,0.0110097087769265));
#17714=CARTESIAN_POINT('',(0.0035306,0.00269028411669616,0.0112637087769306));
#17715=CARTESIAN_POINT('',(0.0035306,0.0546518255204636,0.101263738527846));
#17716=CARTESIAN_POINT('',(0.1360056716,0.00313022502182598,0.0110097087769265));
#17717=CARTESIAN_POINT('',(0.0479044,0.00313022502182598,0.0110097087769265));
#17718=CARTESIAN_POINT('',(0.0479044,0.00313022502182598,0.0110097087769265));
#17719=CARTESIAN_POINT('',(0.0479044,0.00107132190566813,0.00490358397187772));
#17720=CARTESIAN_POINT('',(0.0479044,0.00388310683207154,0.0102817383243664));
#17721=CARTESIAN_POINT('',(0.,0.00388310683207154,0.0102817383243664));
#17722=CARTESIAN_POINT('',(0.0035306,0.,0.));
#17723=CARTESIAN_POINT('',(0.0035306,0.00422565757603634,-0.00325505361708325));
#17724=CARTESIAN_POINT('',(0.0035306,0.0042256575760365,-0.0032550536170832));
#17725=CARTESIAN_POINT('',(0.0035306,0.0042256575760358,-0.0032550536170836));
#17726=CARTESIAN_POINT('',(0.0035306,0.00400568712347443,-0.00338205361708327));
#17727=CARTESIAN_POINT('',(0.0035306,0.0042256575760365,-0.0032550536170832));
#17728=CARTESIAN_POINT('',(-0.0944258716,0.0042256575760365,-0.0032550536170832));
#17729=CARTESIAN_POINT('',(0.,0.00400568712347395,-0.00338205361708314));
#17730=CARTESIAN_POINT('',(0.0479044,0.0040056871234751,-0.00338205361708289));
#17731=CARTESIAN_POINT('',(0.0479044,0.0042256575760365,-0.0032550536170832));
#17732=CARTESIAN_POINT('',(0.0479044,0.0042256575760365,-0.0032550536170832));
#17733=CARTESIAN_POINT('',(0.0479044,0.00378571667091398,-0.00350905361708314));
#17734=CARTESIAN_POINT('',(0.0479044,0.00669346299395148,-0.00854541798410318));
#17735=CARTESIAN_POINT('',(0.0479044,0.00661572271550713,-0.00841076787204302));
#17736=CARTESIAN_POINT('',(0.0479044,0.00683569316799913,-0.00828376787192338));
#17737=CARTESIAN_POINT('',(0.0479044,0.00691343344651273,-0.00841841798410318));
#17738=CARTESIAN_POINT('',(0.,0.00696269316792846,-0.0085037383243664));
#17739=CARTESIAN_POINT('',(-0.0944258716,0.00683569316793236,-0.00828376787180804));
#17740=CARTESIAN_POINT('',(0.0035306,0.00683569316793028,-0.00828376787180638));
#17741=CARTESIAN_POINT('',(0.0035306,0.00696269316792846,-0.0085037383243664));
#17742=CARTESIAN_POINT('',(0.0035306,0.00713340389907172,-0.00829141798410318));
#17743=CARTESIAN_POINT('',(0.0035306,0.00705566362049093,-0.00815676787180671));
#17744=CARTESIAN_POINT('',(0.0035306,0.00705566362049112,-0.00815676787180374));
#17745=CARTESIAN_POINT('',(0.0035306,0.00705566362049064,-0.00815676787180291));
#17746=CARTESIAN_POINT('',(0.0035306,0.00718266362049076,-0.00837673832436507));
#17747=CARTESIAN_POINT('',(0.0035306,0.00705566362049112,-0.00815676787180374));
#17748=CARTESIAN_POINT('',(-0.0944258716,0.00705566362049112,-0.00815676787180374));
#17749=CARTESIAN_POINT('',(0.,0.00718266362049064,-0.00837673832436556));
#17750=CARTESIAN_POINT('',(0.0479044,0.0071826636204907,-0.00837673832436496));
#17751=CARTESIAN_POINT('',(0.0479044,0.00705566362049112,-0.00815676787180374));
#17752=CARTESIAN_POINT('',(0.0479044,0.00705566362049112,-0.00815676787180374));
#17753=CARTESIAN_POINT('',(0.0479044,0.00730966362049106,-0.00859670877692627));
#17754=CARTESIAN_POINT('',(0.0479044,0.00810422509047346,-0.00813796849834338));
#17755=CARTESIAN_POINT('',(0.0479044,0.00796957497817374,-0.00821570877692604));
#17756=CARTESIAN_POINT('',(0.0479044,0.00784257497817619,-0.00799573832436394));
#17757=CARTESIAN_POINT('',(0.0479044,0.00797722509047346,-0.00791799804578213));
#17758=CARTESIAN_POINT('',(0.,0.00806254543073414,-0.0078687383243664));
#17759=CARTESIAN_POINT('',(0.,0.00784257497817865,-0.00799573832436308));
#17760=CARTESIAN_POINT('',(0.0035306,0.00784257497823387,-0.00799573832433096));
#17761=CARTESIAN_POINT('',(0.0035306,0.00806254543073414,-0.0078687383243664));
#17762=CARTESIAN_POINT('',(0.0035306,0.00785022509047346,-0.0076980275932206));
#17763=CARTESIAN_POINT('',(0.0035306,0.00771557497841301,-0.00777576787166604));
#17764=CARTESIAN_POINT('',(0.0035306,0.00796957497817402,-0.00821570877692652));
#17765=CARTESIAN_POINT('',(0.0035306,0.00796957497817402,-0.00821570877692652));
#17766=CARTESIAN_POINT('',(0.1360056716,0.00796957497817402,-0.00821570877692652));
#17767=CARTESIAN_POINT('',(0.0479044,0.00796957497817402,-0.00821570877692652));
#17768=CARTESIAN_POINT('',(0.0479044,0.00796957497817402,-0.00821570877692652));
#17769=CARTESIAN_POINT('',(0.0484124,0.,0.));
#17770=CARTESIAN_POINT('',(0.0484124,1.37909322285162E-12,0.0042418));
#17771=CARTESIAN_POINT('',(0.0484124,6.48256639355095E-13,0.0039878));
#17772=CARTESIAN_POINT('',(0.0484124,0.,0.));
#17773=CARTESIAN_POINT('',(0.0484124,-6.48256395172769E-13,-0.0039878));
#17774=CARTESIAN_POINT('',(0.0484124,-1.37909322285162E-12,-0.0042418));
#17775=CARTESIAN_POINT('',(0.0484124,0.,0.));
#17776=CARTESIAN_POINT('',(0.0484124,0.,0.));
#17777=CARTESIAN_POINT('',(0.0481584,0.,0.));
#17778=CARTESIAN_POINT('',(0.0481584,4.88364650563982E-19,0.0039878));
#17779=CARTESIAN_POINT('',(0.0524764,6.35814033495737E-13,0.0039878));
#17780=CARTESIAN_POINT('',(0.0481584,0.,-0.0039878));
#17781=CARTESIAN_POINT('',(0.0524764,-6.35813252355261E-13,-0.0039878));
#17782=CARTESIAN_POINT('',(0.0524764,0.,0.));
#17783=CARTESIAN_POINT('',(0.0524764,0.,0.));
#17784=CARTESIAN_POINT('',(0.0524764,1.19063149684045E-12,0.0037338));
#17785=CARTESIAN_POINT('',(0.0527304,1.19063183542829E-12,0.0037338));
#17786=CARTESIAN_POINT('',(0.0524764,-1.19063118593915E-12,-0.0037338));
#17787=CARTESIAN_POINT('',(0.0527304,-1.19063115142908E-12,-0.0037338));
#17788=CARTESIAN_POINT('',(0.0527304,0.,0.));
#17789=CARTESIAN_POINT('',(0.0527304,0.,0.));
#17790=CARTESIAN_POINT('',(0.0527304,0.,0.));
#17791=CARTESIAN_POINT('',(0.0527304,0.,-0.0021828125));
#17792=CARTESIAN_POINT('',(0.0527304,0.,0.));
#17793=CARTESIAN_POINT('',(-5.08E-5,0.,0.));
#17794=CARTESIAN_POINT('',(-5.08E-5,0.,0.));
#17795=CARTESIAN_POINT('',(-5.08E-5,0.,-0.0021828125));
#17796=CARTESIAN_POINT('',(-5.08E-5,-0.00264917555571539,0.0026491755557154));
#17797=CARTESIAN_POINT('',(-5.08E-5,-0.0037465,0.00155185111143078));
#17798=CARTESIAN_POINT('',(-5.08E-5,-0.00155185111143077,0.0037465));
#17799=CARTESIAN_POINT('',(-5.08E-5,4.77048955893622E-18,0.0037465));
#17800=CARTESIAN_POINT('',(-5.08E-5,0.00155185111143078,0.0037465));
#17801=CARTESIAN_POINT('',(-5.08E-5,0.0026491755557154,0.00264917555571539));
#17802=CARTESIAN_POINT('',(-5.08E-5,0.0037465,0.00155185111143077));
#17803=CARTESIAN_POINT('',(-5.08E-5,0.0037465,-4.77048955893622E-18));
#17804=CARTESIAN_POINT('',(-5.08E-5,0.0037465,-0.00155185111143078));
#17805=CARTESIAN_POINT('',(-5.08E-5,0.00264917555571539,-0.0026491755557154));
#17806=CARTESIAN_POINT('',(-5.08E-5,0.00155185111143077,-0.0037465));
#17807=CARTESIAN_POINT('',(-5.08E-5,-4.77048955893622E-18,-0.0037465));
#17808=CARTESIAN_POINT('',(-5.08E-5,-0.00155185111143078,-0.0037465));
#17809=CARTESIAN_POINT('',(-5.08E-5,-0.0026491755557154,-0.00264917555571539));
#17810=CARTESIAN_POINT('',(-5.08E-5,-0.0037465,-0.00155185111143077));
#17811=CARTESIAN_POINT('',(-5.08E-5,-0.0037465,4.77048955893622E-18));
#17812=CARTESIAN_POINT('',(-0.0086106,0.00609160117603922,-0.00178884456911473));
#17813=CARTESIAN_POINT('',(-0.0086106,0.00615075215869762,-0.00193263387645825));
#17814=CARTESIAN_POINT('',(-0.0086106,0.01148000227521,-0.0148874344304764));
#17815=CARTESIAN_POINT('',(-0.0086106,0.0114800022752099,-0.0148874344304767));
#17816=CARTESIAN_POINT('',(-0.00861059999977359,0.011480002275296,-0.0148874344306865));
#17817=CARTESIAN_POINT('',(-0.0104066512237589,0.0123780278889671,-0.0164428604167104));
#17818=CARTESIAN_POINT('',(-0.0086106,0.0114800022752062,-0.0148874344304704));
#17819=CARTESIAN_POINT('',(-0.0086106,0.086838504946976,0.028620817372805));
#17820=CARTESIAN_POINT('',(-0.0104066512237579,0.0877365305593109,0.0270653913857429));
#17821=CARTESIAN_POINT('',(-0.0104066512218775,0.0080509208901737,-0.0189411168094556));
#17822=CARTESIAN_POINT('',(-0.0086106,0.0071528952763627,-0.0173856908210736));
#17823=CARTESIAN_POINT('',(-0.0086106,0.0071528952763627,-0.0173856908210736));
#17824=CARTESIAN_POINT('',(-0.0086106000000003,0.00715289527636436,-0.0173856908210733));
#17825=CARTESIAN_POINT('',(-0.00861060000000024,0.00514153700572008,-0.0189368316615898));
#17826=CARTESIAN_POINT('',(-0.0086106,0.00715289527636318,-0.0173856908210732));
#17827=CARTESIAN_POINT('',(-0.0086106,-0.0014929626961677,-0.00617464055044528));
#17828=CARTESIAN_POINT('',(-0.0086106,-0.00140166604606507,-0.00629302456011701));
#17829=CARTESIAN_POINT('',(-0.0086106,-0.00341302431670828,-0.00784416540063349));
#17830=CARTESIAN_POINT('',(-0.0086106,0.0127808900261927,-0.0288427508913196));
#17831=CARTESIAN_POINT('',(0.0026416,0.0127808900261927,-0.0288427508913196));
#17832=CARTESIAN_POINT('',(-0.0944258716,-0.00341302431665198,-0.00784416540070487));
#17833=CARTESIAN_POINT('',(-0.000254000000002155,-0.00341302431670773,-0.00784416540063293));
#17834=CARTESIAN_POINT('',(-0.0086106,0.00514153700571993,-0.0189368316615913));
#17835=CARTESIAN_POINT('',(0.00158550244842768,0.0114239029128517,-0.0270831510005259));
#17836=CARTESIAN_POINT('',(0.0026416,0.0114239029128481,-0.0270831510005238));
#17837=CARTESIAN_POINT('',(0.0026416,0.005100884289769,-0.0188841174435679));
#17838=CARTESIAN_POINT('',(0.000253999848405227,0.005100884284297,-0.0188841174363274));
#17839=CARTESIAN_POINT('',(0.000253999848404032,0.00510088428981005,-0.0188841174436211));
#17840=CARTESIAN_POINT('',(0.000101157558651677,0.00510087194002258,-0.0188841014296999));
#17841=CARTESIAN_POINT('',(-0.000179360733308854,0.00499449537817662,-0.0187461633573581));
#17842=CARTESIAN_POINT('',(-0.000253990201507037,0.00485350036748061,-0.0185633356775787));
#17843=CARTESIAN_POINT('',(-0.000254000000004318,0.00476251746016405,-0.0184453584969524));
#17844=CARTESIAN_POINT('',(-0.000253999999973415,0.00476251740881464,-0.0184453584303646));
#17845=CARTESIAN_POINT('',(-0.000254000000004318,0.0127808900261927,-0.0288427508913196));
#17846=CARTESIAN_POINT('',(-0.000254,0.00510846578876554,-0.0193098744692696));
#17847=CARTESIAN_POINT('',(-0.000254,-0.00361416014382652,-0.00799927948461165));
#17848=CARTESIAN_POINT('',(-0.00025400000000408,0.004762517459474,-0.0184453584960526));
#17849=CARTESIAN_POINT('',(-0.000121005201146761,0.00476251741087078,-0.0184453584330255));
#17850=CARTESIAN_POINT('',(1.1150330667387E-9,0.0046666948837482,-0.0185192557765621));
#17851=CARTESIAN_POINT('',(-8.92721226802839E-15,0.00456137980025168,-0.0186004736915192));
#17852=CARTESIAN_POINT('',(0.000285395452218013,0.00457497100093463,-0.0186173591408594));
#17853=CARTESIAN_POINT('',(0.000253999766855389,0.00483644424653192,-0.0187932466170753));
#17854=CARTESIAN_POINT('',(0.000253999766437187,0.00493203027456035,-0.0187686475529775));
#17855=CARTESIAN_POINT('',(0.000253999766018984,0.00504060929508968,-0.0188059590933077));
#17856=CARTESIAN_POINT('',(0.000253999765600782,0.00510088428980083,-0.0188841174436058));
#17857=CARTESIAN_POINT('',(0.000253681590232776,0.00483727953559427,-0.0187964483308752));
#17858=CARTESIAN_POINT('',(0.000195616993310547,0.0048358583559389,-0.0187910445874782));
#17859=CARTESIAN_POINT('',(6.94846425531299E-5,0.00477860717967395,-0.0187521654120495));
#17860=CARTESIAN_POINT('',(8.41743637574008E-6,0.00465436317149226,-0.0186655327333686));
#17861=CARTESIAN_POINT('',(-9.94018101072859E-7,0.004602512071645,-0.0186286431550278));
#17862=CARTESIAN_POINT('',(2.58565592721748E-6,0.00456149864594927,-0.0186006294630452));
#17863=CARTESIAN_POINT('',(0.000254,0.,0.));
#17864=CARTESIAN_POINT('',(0.000254,-0.018693651105609,-0.00520813975443855));
#17865=CARTESIAN_POINT('',(0.000193959343583464,-0.0186936508885365,-0.00520814053358001));
#17866=CARTESIAN_POINT('',(0.000102414138938038,-0.0186613541695623,-0.0052229137558894));
#17867=CARTESIAN_POINT('',(2.97424812563031E-12,-0.0185091332819398,-0.00529336654405065));
#17868=CARTESIAN_POINT('',(1.0842021724855E-19,-0.0183891726010407,-0.0053499639157961));
#17869=CARTESIAN_POINT('',(0.000285407117093458,-0.018410592675443,-0.00534666092497244));
#17870=CARTESIAN_POINT('',(0.000253999997080092,-0.0189045675789501,-0.0050245633450914));
#17871=CARTESIAN_POINT('',(0.000253999997835331,-0.0188067429553888,-0.00503768384789002));
#17872=CARTESIAN_POINT('',(0.000253999998590571,-0.0187201406970921,-0.00511306028182846));
#17873=CARTESIAN_POINT('',(0.00025399999934581,-0.0186936511056084,-0.00520813975443761));
#17874=CARTESIAN_POINT('',(0.000254000079680192,-0.0189045675698838,-0.00502456334630767));
#17875=CARTESIAN_POINT('',(-0.000254000000003298,-0.0183554077704927,-0.00509821814198552));
#17876=CARTESIAN_POINT('',(-0.000253991948501242,-0.0185720181524834,-0.00506916577244746));
#17877=CARTESIAN_POINT('',(-4.89391811718025E-5,-0.0188453916175462,-0.00503250018488));
#17878=CARTESIAN_POINT('',(0.000133432157781116,-0.0189045664194,-0.00502456350061307));
#17879=CARTESIAN_POINT('',(0.000253999995147176,-0.0189045675789501,-0.00502456334509108));
#17880=CARTESIAN_POINT('',(-0.000253999999979393,-0.0183554076740566,-0.00509821815491989));
#17881=CARTESIAN_POINT('',(0.,-0.0183891725856971,-0.0053499639209807));
#17882=CARTESIAN_POINT('',(-1.24807621536077E-14,-0.0183714933629768,-0.00521815014024676));
#17883=CARTESIAN_POINT('',(-0.000121005911006128,-0.0183554077572547,-0.0050982181437605));
#17884=CARTESIAN_POINT('',(-0.000254000000000226,-0.0183554077549026,-0.00509821814407608));
#17885=CARTESIAN_POINT('',(-0.000254,-0.00496639848944884,-0.00715026264023606));
#17886=CARTESIAN_POINT('',(-0.000254,-0.000996062300369256,-0.00742650044730214));
#17887=CARTESIAN_POINT('',(-0.000253999999999991,-0.00508673434999157,-0.00687784846233066));
#17888=CARTESIAN_POINT('',(-0.000254,-0.00512049917373336,-0.00712959424020526));
#17889=CARTESIAN_POINT('',(-0.000254,-0.00542438258740566,-0.00939530624107714));
#17890=CARTESIAN_POINT('',(-0.000253999999999991,-0.00542438258740566,-0.00939530624107714));
#17891=CARTESIAN_POINT('',(-0.0944258716,-0.00542438258740566,-0.00939530624107714));
#17892=CARTESIAN_POINT('',(0.0026416,-0.00508673434999087,-0.00687784846233075));
#17893=CARTESIAN_POINT('',(-0.0086106,-0.00508673434999157,-0.00687784846233066));
#17894=CARTESIAN_POINT('',(-0.0086106,-0.00542438258740566,-0.00939530624107714));
#17895=CARTESIAN_POINT('',(-0.0086106,-0.00542438258740566,-0.00939530624107714));
#17896=CARTESIAN_POINT('',(-0.0086106,-0.00474908611257824,-0.00436039068358408));
#17897=CARTESIAN_POINT('',(-0.0086106,-0.0187680906503654,-0.0024801239270036));
#17898=CARTESIAN_POINT('',(-0.0086106,-0.0186328975515721,-0.00249825639059579));
#17899=CARTESIAN_POINT('',(-0.008610600000001,-0.018970545788986,-0.00501571416934206));
#17900=CARTESIAN_POINT('',(-0.0086106,-0.000996062300369256,-0.00742650044730214));
#17901=CARTESIAN_POINT('',(0.0026416,-0.000996062300369256,-0.00742650044730214));
#17902=CARTESIAN_POINT('',(0.0026416,-0.0291666482374021,-0.00364818536736564));
#17903=CARTESIAN_POINT('',(0.00158550244842546,-0.0291666482374072,-0.00364818536736571));
#17904=CARTESIAN_POINT('',(0.00158550244842768,-0.0291666482374021,-0.00364818536736564));
#17905=CARTESIAN_POINT('',(0.0026416,-0.01890456757895,-0.00502456334509108));
#17906=CARTESIAN_POINT('',(0.000101516453730187,-0.0189383324028023,-0.0052763091229512));
#17907=CARTESIAN_POINT('',(0.00174168026245877,-0.0289851778140344,-0.00110978059833505));
#17908=CARTESIAN_POINT('',(0.00158550244842326,-0.0288289999999989,-0.0011307275886192));
#17909=CARTESIAN_POINT('',(-0.000210548776960477,-0.030625051223042,-0.00113072758895044));
#17910=CARTESIAN_POINT('',(-5.43709617541067E-5,-0.0307812290382492,-0.00110978059834925));
#17911=CARTESIAN_POINT('',(-0.0104066512242199,-0.0204289487757819,-0.00249825639053321));
#17912=CARTESIAN_POINT('',(-0.00861060000000215,-0.0186328975515735,-0.00249825639059594));
#17913=CARTESIAN_POINT('',(-0.0086106,-0.0186328975515726,-0.00249825639059585));
#17914=CARTESIAN_POINT('',(-0.0086106,-0.0186328975515726,-0.00249825639059585));
#17915=CARTESIAN_POINT('',(-0.0086106,-0.0186328975515726,-0.106867973891082));
#17916=CARTESIAN_POINT('',(-0.0104066512242145,-0.0204289487757858,-0.106867973891082));
#17917=CARTESIAN_POINT('',(-0.010406651221873,-0.0204289487781272,0.00249825638997745));
#17918=CARTESIAN_POINT('',(-0.0086106,-0.0186328975515726,0.00249825639059585));
#17919=CARTESIAN_POINT('',(-0.0086106,-0.0186328975515726,0.00249825639059585));
#17920=CARTESIAN_POINT('',(-0.00861060000000022,-0.0186328975515723,0.00249825639059581));
#17921=CARTESIAN_POINT('',(-0.00861059999999981,-0.018970545788986,0.00501571416934241));
#17922=CARTESIAN_POINT('',(-0.0086106,-0.0186328975515726,0.00249825639059544));
#17923=CARTESIAN_POINT('',(-0.0086106,-0.00460091422783818,0.00438026389700612));
#17924=CARTESIAN_POINT('',(-0.0086106,-0.00474908611266801,0.00436039068357255));
#17925=CARTESIAN_POINT('',(-0.0086106,-0.00508673435008173,0.00687784846231914));
#17926=CARTESIAN_POINT('',(-0.0086106,-0.031369,0.0033528));
#17927=CARTESIAN_POINT('',(0.0026416,-0.031369,0.0033528));
#17928=CARTESIAN_POINT('',(-0.0944258716,-0.00508673435017104,0.00687784846230659));
#17929=CARTESIAN_POINT('',(-0.00025400000000216,-0.00508673435008152,0.00687784846231888));
#17930=CARTESIAN_POINT('',(-0.0086106,-0.0189705457889851,0.00501571416934276));
#17931=CARTESIAN_POINT('',(0.00158550244842767,-0.0291666482374099,0.00364818536736571));
#17932=CARTESIAN_POINT('',(0.0026416,-0.0291666482374023,0.00364818536736677));
#17933=CARTESIAN_POINT('',(0.0026416,-0.018904567579062,0.00502456334507722));
#17934=CARTESIAN_POINT('',(0.000253999848405227,-0.0189045675700559,0.00502456334619697));
#17935=CARTESIAN_POINT('',(0.000253999848404032,-0.0189045675791291,0.00502456334506823));
#17936=CARTESIAN_POINT('',(0.000101157558651675,-0.0189045475357766,0.0050245660333368));
#17937=CARTESIAN_POINT('',(-0.000179360733308853,-0.0187319013800518,0.00504772180209242));
#17938=CARTESIAN_POINT('',(-0.000253990201507037,-0.0185030704595013,0.00507841322327209));
#17939=CARTESIAN_POINT('',(-0.000254000000004318,-0.0183554077703533,0.00509821814200538));
#17940=CARTESIAN_POINT('',(-0.000253999999973721,-0.0183554076870126,0.0050982181531833));
#17941=CARTESIAN_POINT('',(-0.000254000000004318,-0.031369,0.0033528));
#17942=CARTESIAN_POINT('',(-0.000254,-0.0186140878468604,0.00531979767864092));
#17943=CARTESIAN_POINT('',(-0.000254,-0.00512049917373347,0.00712959424020671));
#17944=CARTESIAN_POINT('',(-0.000254000000004998,-0.0183554077692301,0.00509821814215634));
#17945=CARTESIAN_POINT('',(-0.000121005201148263,-0.0183554076909257,0.0050982181526561));
#17946=CARTESIAN_POINT('',(1.11503166886491E-9,-0.0183714934047193,0.00521815156708794));
#17947=CARTESIAN_POINT('',(-8.92721226802839E-15,-0.0183891726411466,0.00534996606219775));
#17948=CARTESIAN_POINT('',(0.000285395451878058,-0.0184105914683437,0.00534663846186397));
#17949=CARTESIAN_POINT('',(0.000253999766855389,-0.0186936511132378,0.00520813972705329));
#17950=CARTESIAN_POINT('',(0.000253999766437187,-0.018720140712834,0.00511306026648497));
#17951=CARTESIAN_POINT('',(0.000253999766018984,-0.018806742964879,0.00503768384655373));
#17952=CARTESIAN_POINT('',(0.000253999765600782,-0.0189045675791105,0.00502456334506989));
#17953=CARTESIAN_POINT('',(0.000253681590235858,-0.0186968415232569,0.0052090172024044));
#17954=CARTESIAN_POINT('',(0.000195616993278673,-0.0186914511544187,0.00520754610840965));
#17955=CARTESIAN_POINT('',(6.94846138523589E-5,-0.0186291550935426,0.00523768754783124));
#17956=CARTESIAN_POINT('',(8.41748392359344E-6,-0.0184920073063907,0.00530196953168176));
#17957=CARTESIAN_POINT('',(-9.94012063118932E-7,-0.0184341341761354,0.00532842923982698));
#17958=CARTESIAN_POINT('',(2.58565601727543E-6,-0.0183893669660744,0.00534994102398111));
#17959=CARTESIAN_POINT('',(0.000254,0.,0.));
#17960=CARTESIAN_POINT('',(0.000254,0.00483644421900201,0.0187932466241595));
#17961=CARTESIAN_POINT('',(0.000193959343583464,0.00483644343570485,0.0187932468257411));
#17962=CARTESIAN_POINT('',(0.000102414138885673,0.00480750109009107,0.0187726636569854));
#17963=CARTESIAN_POINT('',(3.07914756171299E-12,0.00467037674291245,0.0186760628978542));
#17964=CARTESIAN_POINT('',(1.0842021724855E-19,0.00456138164040623,0.0186004725851797));
#17965=CARTESIAN_POINT('',(0.000285407117093178,0.00457495215127514,0.018617371418148));
#17966=CARTESIAN_POINT('',(0.000253999997080092,0.00510088428970082,0.0188841174434761));
#17967=CARTESIAN_POINT('',(0.000253999997835331,0.005040609289186,0.0188059590857567));
#17968=CARTESIAN_POINT('',(0.000253999998590571,0.00493203025340128,0.0187686475470166));
#17969=CARTESIAN_POINT('',(0.00025399999934581,0.00483644421900217,0.0187932466241601));
#17970=CARTESIAN_POINT('',(0.000254000079680192,0.00510088428411448,0.0188841174362326));
#17971=CARTESIAN_POINT('',(-0.000254000000003298,0.00476251746025191,0.018445358497063));
#17972=CARTESIAN_POINT('',(-0.000253991948501243,0.00489598274130601,0.0186184224058197));
#17973=CARTESIAN_POINT('',(-4.89391811717796E-5,0.00506442280411494,0.0188368379775002));
#17974=CARTESIAN_POINT('',(0.000133432157781116,0.00510088357524469,0.0188841165170436));
#17975=CARTESIAN_POINT('',(0.000253999995147176,0.00510088428970082,0.0188841174434761));
#17976=CARTESIAN_POINT('',(-0.000253999999979909,0.00476251740083237,0.0184453584200136));
#17977=CARTESIAN_POINT('',(0.,0.0045613816281282,0.0186004725745125));
#17978=CARTESIAN_POINT('',(-1.32182746215575E-14,0.00466669609939292,0.0185192550280732));
#17979=CARTESIAN_POINT('',(-0.000121005911007629,0.00476251745215543,0.0184453584865626));
#17980=CARTESIAN_POINT('',(-0.000254000000001773,0.00476251745064581,0.0184453584846066));
#17981=CARTESIAN_POINT('',(-0.000254,-0.00370910984545102,0.00787615857729828));
#17982=CARTESIAN_POINT('',(-0.000254,-0.00593350689839554,0.00457586547952328));
#17983=CARTESIAN_POINT('',(-0.000253999999999995,-0.00341302431676289,0.00784416540056101));
#17984=CARTESIAN_POINT('',(-0.000254,-0.00361416014382736,0.00799927948461241));
#17985=CARTESIAN_POINT('',(-0.000254,-0.00542438258740566,0.00939530624107714));
#17986=CARTESIAN_POINT('',(-0.000253999999999991,-0.00542438258740566,0.00939530624107714));
#17987=CARTESIAN_POINT('',(-0.0944258716,-0.00542438258740566,0.00939530624107714));
#17988=CARTESIAN_POINT('',(0.0026416,-0.00341302431676268,0.00784416540056123));
#17989=CARTESIAN_POINT('',(-0.0086106,-0.00341302431676282,0.00784416540056105));
#17990=CARTESIAN_POINT('',(-0.0086106,-0.00542438258740566,0.00939530624107714));
#17991=CARTESIAN_POINT('',(-0.0086106,-0.00542438258740566,0.00939530624107714));
#17992=CARTESIAN_POINT('',(-0.0086106,-0.00140166604612018,0.0062930245600449));
#17993=CARTESIAN_POINT('',(-0.0086106,0.0083114094608156,0.0188879316400175));
#17994=CARTESIAN_POINT('',(-0.0086106,0.00715289527636356,0.0173856908210736));
#17995=CARTESIAN_POINT('',(-0.00861060000000158,0.00514153700572016,0.0189368316615924));
#17996=CARTESIAN_POINT('',(-0.0086106,-0.00593350689839554,0.00457586547952328));
#17997=CARTESIAN_POINT('',(0.0026416,-0.00593350689839554,0.00457586547952328));
#17998=CARTESIAN_POINT('',(0.0026416,0.0114239029128497,0.0270831510005226));
#17999=CARTESIAN_POINT('',(0.00158550244842483,0.01142390291285,0.0270831510005269));
#18000=CARTESIAN_POINT('',(0.00158550244842768,0.0114239029128497,0.0270831510005226));
#18001=CARTESIAN_POINT('',(0.0026416,0.00510088428970082,0.0188841174434761));
#18002=CARTESIAN_POINT('',(0.000101516453730187,0.00489974846270598,0.0190392315276178));
#18003=CARTESIAN_POINT('',(0.00174168026245877,0.0135314907162304,0.0256567906193362));
#18004=CARTESIAN_POINT('',(0.00158550244842191,0.0134352611834929,0.025532010160015));
#18005=CARTESIAN_POINT('',(-0.000210548777204857,0.0143332867976947,0.0270874361438362));
#18006=CARTESIAN_POINT('',(-5.43709617545156E-5,0.0144295163283311,0.0272122166060077));
#18007=CARTESIAN_POINT('',(-0.0104066512242217,0.00805092088852413,0.0189411168077067));
#18008=CARTESIAN_POINT('',(-0.00861060000000387,0.00715289527636131,0.0173856908210784));
#18009=CARTESIAN_POINT('',(-0.0086106,0.0071528952763627,0.0173856908210736));
#18010=CARTESIAN_POINT('',(-0.0086106,0.0071528952763627,0.0173856908210736));
#18011=CARTESIAN_POINT('',(-0.0086106,-0.0982622555343288,0.0782471565183026));
#18012=CARTESIAN_POINT('',(-0.010406651224218,-0.0973642299222239,0.0798025825049663));
#18013=CARTESIAN_POINT('',(-0.0104066512242179,0.0123780278873164,0.0164428604171442));
#18014=CARTESIAN_POINT('',(-0.0086106,0.0114800022752132,0.0148874344304834));
#18015=CARTESIAN_POINT('',(-0.0086106,0.0114800022752099,0.0148874344304767));
#18016=CARTESIAN_POINT('',(-0.00861060000000072,0.011480002275209,0.0148874344304776));
#18017=CARTESIAN_POINT('',(-0.00861059999999843,0.0138290087831564,0.0139211174919839));
#18018=CARTESIAN_POINT('',(-0.0086106,0.0114800022750999,0.0148874344302147));
#18019=CARTESIAN_POINT('',(-0.0086106,0.0130963375438105,0.0188165615262937));
#18020=CARTESIAN_POINT('',(-0.0086106,0.0154453440518664,0.0178502445880632));
#18021=CARTESIAN_POINT('',(-0.00861060000000053,0.00849975866675264,0.000966316938231279));
#18022=CARTESIAN_POINT('',(-0.0086106,0.00615075215869932,0.00193263387646036));
#18023=CARTESIAN_POINT('',(-0.0086106,0.0108487651748113,0.));
#18024=CARTESIAN_POINT('',(-0.00861060000000106,0.0108487651748113,0.));
#18025=CARTESIAN_POINT('',(0.1360056716,0.0108487651748113,0.));
#18026=CARTESIAN_POINT('',(0.0026416,0.00849975866675008,0.000966316938232657));
#18027=CARTESIAN_POINT('',(0.0026416,0.0185881099738073,0.0254899508913196));
#18028=CARTESIAN_POINT('',(0.00169121397107076,0.0177833223049405,0.0235336036547262));
#18029=CARTESIAN_POINT('',(0.00158550244842769,0.0177427453244734,0.0234349656329498));
#18030=CARTESIAN_POINT('',(0.1360056716,0.0177427453245608,0.0234349656331615));
#18031=CARTESIAN_POINT('',(0.0026416,0.0138036832892881,0.0138595540984908));
#18032=CARTESIAN_POINT('',(0.1360056716,0.0140385839400963,0.0137629224046666));
#18033=CARTESIAN_POINT('',(0.1360056716,0.0153937388165045,0.0244012825713911));
#18034=CARTESIAN_POINT('',(0.0015855024484277,0.0153937388165045,0.0244012825713911));
#18035=CARTESIAN_POINT('',(0.0015855024484277,0.0166637388165057,0.026600987097006));
#18036=CARTESIAN_POINT('',(0.0026416,0.0166637388165068,0.026600987097009));
#18037=CARTESIAN_POINT('',(0.0026416,0.0127808900261927,0.0288427508913196));
#18038=CARTESIAN_POINT('',(0.00158550244842768,0.0127808900261927,0.0288427508913196));
#18039=CARTESIAN_POINT('',(0.00158550244829218,0.0147052611834935,0.0277317146856236));
#18040=CARTESIAN_POINT('',(0.1360056716,0.0147052611834894,0.0277317146856236));
#18041=CARTESIAN_POINT('',(0.1360056716,0.0134352611834955,0.0255320101600076));
#18042=CARTESIAN_POINT('',(0.0015855024484277,0.0134352611834955,0.0255320101600076));
#18043=CARTESIAN_POINT('',(0.00158550244842768,0.0134352611834955,0.0255320101600076));
#18044=CARTESIAN_POINT('',(0.00158550244842768,0.0134352611834955,0.0255320101600076));
#18045=CARTESIAN_POINT('',(0.00158550244842768,0.086838504946976,-0.0168473723862292));
#18046=CARTESIAN_POINT('',(-0.000210548776243489,0.0877365305588543,-0.015291946399958));
#18047=CARTESIAN_POINT('',(-0.000210548775985548,0.0162917644270478,0.025956708558731));
#18048=CARTESIAN_POINT('',(0.00158550244842768,0.0153937388165038,0.0244012825713906));
#18049=CARTESIAN_POINT('',(0.00158550244842768,0.0153937388165045,0.0244012825713911));
#18050=CARTESIAN_POINT('',(0.00158550244819791,0.015393738816416,0.0244012825711784));
#18051=CARTESIAN_POINT('',(0.00169121397107101,0.0154343157968845,0.0244999205929564));
#18052=CARTESIAN_POINT('',(-0.000210548776244169,0.0162917644284425,0.0259567085576282));
#18053=CARTESIAN_POINT('',(-0.0053086,0.0127635,0.0221070304824064));
#18054=CARTESIAN_POINT('',(0.1360056716,-0.0189383324028023,0.0052763091229512));
#18055=CARTESIAN_POINT('',(0.00135212387526348,-0.028829,0.00113072758861853));
#18056=CARTESIAN_POINT('',(0.00158550244842768,-0.028829,0.00113072758861853));
#18057=CARTESIAN_POINT('',(0.00158550244891523,-0.031369,0.0011307275884583));
#18058=CARTESIAN_POINT('',(0.00135212387526348,-0.031369,0.00113072758862996));
#18059=CARTESIAN_POINT('',(0.0026416,-0.031369,-0.0033528));
#18060=CARTESIAN_POINT('',(0.00158550244940278,-0.031369,-0.0033528));
#18061=CARTESIAN_POINT('',(0.00158550244891523,-0.031369,-0.00113072758861853));
#18062=CARTESIAN_POINT('',(0.1360056716,-0.031369,-0.00113072758861853));
#18063=CARTESIAN_POINT('',(0.1360056716,-0.028829,-0.00113072758861853));
#18064=CARTESIAN_POINT('',(0.0015855024484277,-0.028829,-0.00113072758861853));
#18065=CARTESIAN_POINT('',(0.00158550244842768,-0.028829,-0.00113072758861853));
#18066=CARTESIAN_POINT('',(0.00158550244842768,-0.028829,-0.00113072758861853));
#18067=CARTESIAN_POINT('',(0.00158550244842768,-0.028829,0.106867973891082));
#18068=CARTESIAN_POINT('',(-0.000210548775781775,-0.0306250512242182,0.106867973891082));
#18069=CARTESIAN_POINT('',(-0.000210548775726645,-0.0306250512242735,0.00113072758863491));
#18070=CARTESIAN_POINT('',(0.00158550244842768,-0.028829,0.00113072758861853));
#18071=CARTESIAN_POINT('',(0.00158550244842768,-0.028829,0.00113072758861853));
#18072=CARTESIAN_POINT('',(0.00158550244842973,-0.0288290000000023,0.00113072758861845));
#18073=CARTESIAN_POINT('',(-0.00872054135631446,-0.0185229561952581,0.00251300202227699));
#18074=CARTESIAN_POINT('',(-0.0105165925805273,-0.0203190074194729,0.00251300202229204));
#18075=CARTESIAN_POINT('',(-0.0053086,-0.025527,0.));
#18076=CARTESIAN_POINT('',(0.1360056716,0.00489974846270598,-0.0190392315276178));
#18077=CARTESIAN_POINT('',(0.00135212387526348,0.0134352611834955,-0.0255320101600076));
#18078=CARTESIAN_POINT('',(0.00158550244842768,0.0134352611834955,-0.0255320101600076));
#18079=CARTESIAN_POINT('',(0.00158550244881942,0.0147052611836835,-0.0277317146856296));
#18080=CARTESIAN_POINT('',(0.00135212387526348,0.0147052611834818,-0.027731714685628));
#18081=CARTESIAN_POINT('',(0.0026416,0.0185881099738073,-0.0254899508913196));
#18082=CARTESIAN_POINT('',(0.00158550244940278,0.0185881099738073,-0.0254899508913196));
#18083=CARTESIAN_POINT('',(0.00158550244891523,0.0166637388165095,-0.0266009870970062));
#18084=CARTESIAN_POINT('',(0.0026416,0.016663738816512,-0.0266009870970048));
#18085=CARTESIAN_POINT('',(0.00142727968696044,0.0153937388165045,-0.0244012825713911));
#18086=CARTESIAN_POINT('',(0.00158550244886011,0.0153937388165045,-0.0244012825713911));
#18087=CARTESIAN_POINT('',(0.00158550244842768,0.0153937388165045,-0.0244012825713911));
#18088=CARTESIAN_POINT('',(0.00158550244842888,0.0153937388165044,-0.0244012825713909));
#18089=CARTESIAN_POINT('',(-0.00021054877578541,0.0162917644286138,-0.0259567085580601));
#18090=CARTESIAN_POINT('',(0.00158550244842768,0.0153937388165072,-0.0244012825713955));
#18091=CARTESIAN_POINT('',(0.00158550244842768,-0.0982622555343288,-0.0900206015048682));
#18092=CARTESIAN_POINT('',(0.00158550244842768,0.0134352611834955,-0.0255320101600076));
#18093=CARTESIAN_POINT('',(-0.000210548775726194,0.0143332867956341,-0.0270874361467297));
#18094=CARTESIAN_POINT('',(-0.000210548775785048,-0.0973642299222213,-0.0915760274915365));
#18095=CARTESIAN_POINT('',(-0.0053086,0.0127635,-0.0221070304824064));
#18096=CARTESIAN_POINT('',(-0.0105165925805272,0.00798318011867076,-0.0188532776160952));
#18097=CARTESIAN_POINT('',(-0.0104066512237627,0.0123780278874938,-0.0164428604175635));
#18098=CARTESIAN_POINT('',(-0.00872584366302504,0.0114357664176924,-0.0147799020949805));
#18099=CARTESIAN_POINT('',(-0.00872054135631446,0.00708515450657654,-0.0172978516294193));
#18100=CARTESIAN_POINT('',(0.00158550244842793,0.0134352611834975,-0.0255320101600117));
#18101=CARTESIAN_POINT('',(0.00158550244842768,0.0134352611834955,-0.0255320101600076));
#18102=CARTESIAN_POINT('',(-0.0108966,0.0062500349349318,-0.00684751811331078));
#18103=CARTESIAN_POINT('',(-0.0108966,0.00671983623654312,-0.00665425472566504));
#18104=CARTESIAN_POINT('',(-0.0108965999999997,0.0064849355857377,-0.00675088641948771));
#18105=CARTESIAN_POINT('',(-0.0108966000000004,0.0062500349349318,-0.00684751811331078));
#18106=CARTESIAN_POINT('',(-0.0108966,0.00607880110109807,-0.0066599148773301));
#18107=CARTESIAN_POINT('',(-0.0108966,0.00590756726726433,-0.0064723116413494));
#18108=CARTESIAN_POINT('',(-0.0108966,0.,0.));
#18109=CARTESIAN_POINT('',(-0.0108965999999994,0.,0.));
#18110=CARTESIAN_POINT('',(-0.0108965999999994,0.00272825492026137,-0.00859435361676826));
#18111=CARTESIAN_POINT('',(-0.0108966,0.00265140266898459,-0.00835225914869083));
#18112=CARTESIAN_POINT('',(-0.0108966,0.0028051071715372,-0.00883644808484598));
#18113=CARTESIAN_POINT('',(-0.0108965999999994,0.0028051071715372,-0.00883644808484598));
#18114=CARTESIAN_POINT('',(-0.0108965999999994,0.00260397134447217,-0.00899156216889908));
#18115=CARTESIAN_POINT('',(-0.0108966,0.00240283551740743,-0.0091466762529508));
#18116=CARTESIAN_POINT('',(-0.0108966,0.00226795418303354,-0.00897177615338412));
#18117=CARTESIAN_POINT('',(-0.0108966,0.00246909001009781,-0.00881666206933249));
#18118=CARTESIAN_POINT('',(-0.0108965999999995,0.00649304572773103,-0.0140345097347116));
#18119=CARTESIAN_POINT('',(-0.0108966,0.00629190990073603,-0.0141896238188542));
#18120=CARTESIAN_POINT('',(-0.0108966,0.00669418155476734,-0.0138793956506249));
#18121=CARTESIAN_POINT('',(-0.0108965999999989,0.00669418155476734,-0.0138793956506249));
#18122=CARTESIAN_POINT('',(-0.0108965999999995,0.0068211815547675,-0.014099366103186));
#18123=CARTESIAN_POINT('',(-0.0108966,0.00694818155476738,-0.0143193365557477));
#18124=CARTESIAN_POINT('',(-0.0108966,0.00675690357800986,-0.0144297709471187));
#18125=CARTESIAN_POINT('',(-0.0108966,0.00662990357800986,-0.0142098004945575));
#18126=CARTESIAN_POINT('',(-0.0108966000000001,0.00879981844527076,-0.0129569995618259));
#18127=CARTESIAN_POINT('',(-0.0108966,0.00892681844536987,-0.0131769700143301));
#18128=CARTESIAN_POINT('',(-0.0108966,0.00867281844523266,-0.0127370291092868));
#18129=CARTESIAN_POINT('',(-0.0108966000000001,0.00867281844523266,-0.0127370291092868));
#18130=CARTESIAN_POINT('',(-0.0108965999999996,0.00890771909603839,-0.0126403974154636));
#18131=CARTESIAN_POINT('',(-0.0108966,0.00914261974684394,-0.0125437657216405));
#18132=CARTESIAN_POINT('',(-0.0108966,0.00922664700900588,-0.0127480264334872));
#18133=CARTESIAN_POINT('',(-0.0108965999999991,0.00899174635820029,-0.0128446581273102));
#18134=CARTESIAN_POINT('',(-0.0111506,0.00634385852311864,-0.00640794413510972));
#18135=CARTESIAN_POINT('',(-0.0111506,0.00890771909603823,-0.0126403974154637));
#18136=CARTESIAN_POINT('',(0.0012954,0.00890771909603789,-0.0126403974154639));
#18137=CARTESIAN_POINT('',(0.0012954,0.00634385852311864,-0.00640794413510972));
#18138=CARTESIAN_POINT('',(0.00129540000000002,0.00648493558573732,-0.00675088641948776));
#18139=CARTESIAN_POINT('',(-0.0944258716,0.00648493558573739,-0.00675088641948774));
#18140=CARTESIAN_POINT('',(-0.0944258716,0.0062500349349318,-0.00684751811331078));
#18141=CARTESIAN_POINT('',(0.00129540000000002,0.0062500349349318,-0.00684751811331078));
#18142=CARTESIAN_POINT('',(0.0012954,0.0060788011010982,-0.00665991487732999));
#18143=CARTESIAN_POINT('',(-0.0111506,0.00607880110109853,-0.00665991487733014));
#18144=CARTESIAN_POINT('',(-0.0111506,0.,0.));
#18145=CARTESIAN_POINT('',(0.0012954,0.,0.));
#18146=CARTESIAN_POINT('',(0.0012954,0.00272825492026146,-0.00859435361676857));
#18147=CARTESIAN_POINT('',(-0.0944258716,0.00272825492026053,-0.00859435361676852));
#18148=CARTESIAN_POINT('',(-0.0944258716,0.0028051071715372,-0.00883644808484598));
#18149=CARTESIAN_POINT('',(0.00129540000000002,0.0028051071715372,-0.00883644808484598));
#18150=CARTESIAN_POINT('',(0.00129540000000002,0.00260397134447253,-0.00899156216889881));
#18151=CARTESIAN_POINT('',(-0.0111506,0.00260397134447296,-0.00899156216889936));
#18152=CARTESIAN_POINT('',(-0.0111506,0.00662874443903782,-0.0142104697237535));
#18153=CARTESIAN_POINT('',(0.0012954,0.00662874443903782,-0.0142104697237535));
#18154=CARTESIAN_POINT('',(0.00129540000000002,0.00649304572773121,-0.0140345097347115));
#18155=CARTESIAN_POINT('',(-0.0944258716,0.00649304572775794,-0.0140345097347476));
#18156=CARTESIAN_POINT('',(-0.0944258716,0.00669418155476734,-0.0138793956506249));
#18157=CARTESIAN_POINT('',(0.00129540000000002,0.00669418155476734,-0.0138793956506249));
#18158=CARTESIAN_POINT('',(0.0012954,0.00682118155476761,-0.0140993661031857));
#18159=CARTESIAN_POINT('',(-0.0111506,0.00682118155476763,-0.0140993661031855));
#18160=CARTESIAN_POINT('',(-0.0111506,0.00899225556096218,-0.0128458959412784));
#18161=CARTESIAN_POINT('',(0.0012954,0.00899225556096218,-0.0128458959412784));
#18162=CARTESIAN_POINT('',(0.0012954,0.00879981844527058,-0.0129569995618256));
#18163=CARTESIAN_POINT('',(-0.0944258716,0.00879981844530899,-0.012956999561804));
#18164=CARTESIAN_POINT('',(-0.0944258716,0.00867281844523266,-0.0127370291092868));
#18165=CARTESIAN_POINT('',(0.0012954,0.00867281844523266,-0.0127370291092868));
#18166=CARTESIAN_POINT('',(0.0012954,0.00867281844523266,-0.0127370291092868));
#18167=CARTESIAN_POINT('',(0.0012954,0.0086728184452324,-0.0127370291092864));
#18168=CARTESIAN_POINT('',(0.0015494,0.0086728184452309,-0.0127370291092872));
#18169=CARTESIAN_POINT('',(0.0012954,0.00867281844523122,-0.0127370291092874));
#18170=CARTESIAN_POINT('',(0.0012954,0.0087568457073937,-0.0129412898211354));
#18171=CARTESIAN_POINT('',(0.0012954,0.00625003493493075,-0.00684751811331121));
#18172=CARTESIAN_POINT('',(0.0015494,0.00625003493493039,-0.00684751811330928));
#18173=CARTESIAN_POINT('',(0.0015494,0.00875684570739512,-0.0129412898211348));
#18174=CARTESIAN_POINT('',(0.0015494,0.,0.));
#18175=CARTESIAN_POINT('',(0.0015494,0.00650290357800986,-0.0139898300419959));
#18176=CARTESIAN_POINT('',(0.0015494,0.00669418155476841,-0.0138793956506243));
#18177=CARTESIAN_POINT('',(0.0015494,0.00267022583716274,-0.00866154798527934));
#18178=CARTESIAN_POINT('',(0.0015494,0.00280510717153723,-0.0088364480848464));
#18179=CARTESIAN_POINT('',(0.0015494,0.,0.));
#18180=CARTESIAN_POINT('',(0.0015494,0.,0.));
#18181=CARTESIAN_POINT('',(0.0015494,0.00616600767277076,0.00664325740146472));
#18182=CARTESIAN_POINT('',(0.0015494,0.00625003493493229,0.00684751811331091));
#18183=CARTESIAN_POINT('',(0.0015494,0.00867281844523272,0.0127370291092864));
#18184=CARTESIAN_POINT('',(0.0015494,0.,0.));
#18185=CARTESIAN_POINT('',(0.0015494,0.00280510717153773,0.00883644808484915));
#18186=CARTESIAN_POINT('',(0.0015494,0.00682906288914142,0.0140542957501918));
#18187=CARTESIAN_POINT('',(0.0015494,0.0066941815547675,0.0138793956506251));
#18188=CARTESIAN_POINT('',(0.0015494,0.00886409642199014,0.0126265947179158));
#18189=CARTESIAN_POINT('',(0.0015494,0.,0.));
#18190=CARTESIAN_POINT('',(0.0015494,0.,0.));
#18191=CARTESIAN_POINT('',(0.0015494,-0.00905514210646783,-0.00198892997153552));
#18192=CARTESIAN_POINT('',(0.0015494,-0.00905514210646623,0.00198892997153515));
#18193=CARTESIAN_POINT('',(0.0015494,-0.0155859085965355,-0.00111300592905659));
#18194=CARTESIAN_POINT('',(0.0015494,-0.0153669999999997,-0.0011423665413394));
#18195=CARTESIAN_POINT('',(0.0015494,-0.015367,0.00136323532408168));
#18196=CARTESIAN_POINT('',(0.0015494,-0.015367,0.00114236654133721));
#18197=CARTESIAN_POINT('',(0.0015494,-0.00883623350993098,0.00201829058381632));
#18198=CARTESIAN_POINT('',(0.0012954,0.,0.));
#18199=CARTESIAN_POINT('',(0.0012954,0.00280510717153741,-0.00883644808484662));
#18200=CARTESIAN_POINT('',(0.0012954,0.0062500349349321,-0.00684751811331145));
#18201=CARTESIAN_POINT('',(0.0012954,0.0062500349349318,-0.00684751811331078));
#18202=CARTESIAN_POINT('',(0.0012954,0.0028051071715372,-0.00883644808484598));
#18203=CARTESIAN_POINT('',(0.0012954,0.00280510717153726,-0.00883644808484683));
#18204=CARTESIAN_POINT('',(0.0012954,0.00267022583716274,-0.00866154798527934));
#18205=CARTESIAN_POINT('',(0.0012954,0.00669418155476921,-0.0138793956506234));
#18206=CARTESIAN_POINT('',(0.0012954,0.00669418155476734,-0.0138793956506249));
#18207=CARTESIAN_POINT('',(0.0012954,0.00669418155476761,-0.0138793956506248));
#18208=CARTESIAN_POINT('',(0.0012954,0.00650290357800986,-0.0139898300419959));
#18209=CARTESIAN_POINT('',(0.0012954,0.00886409642199014,0.0126265947179158));
#18210=CARTESIAN_POINT('',(0.0012954,0.0066941815547676,0.0138793956506253));
#18211=CARTESIAN_POINT('',(0.0012954,0.00682118155472887,0.0140993661032078));
#18212=CARTESIAN_POINT('',(0.0012954,0.00662874443903782,0.0142104697237535));
#18213=CARTESIAN_POINT('',(0.0012954,0.00879981844523263,0.0129569995618472));
#18214=CARTESIAN_POINT('',(0.0012954,0.00867281844523287,0.0127370291092866));
#18215=CARTESIAN_POINT('',(0.0012954,0.00867281844523266,0.0127370291092868));
#18216=CARTESIAN_POINT('',(0.0012954,0.00867281844523282,0.0127370291092867));
#18217=CARTESIAN_POINT('',(0.0012954,0.00890771909603798,0.0126403974154639));
#18218=CARTESIAN_POINT('',(0.0012954,0.00867281844523266,0.0127370291092868));
#18219=CARTESIAN_POINT('',(-0.0944258716,0.00867281844523266,0.0127370291092868));
#18220=CARTESIAN_POINT('',(-0.0944258716,0.00890771909603825,0.0126403974154638));
#18221=CARTESIAN_POINT('',(-0.0108965999999996,0.00890771909603759,0.012640397415464));
#18222=CARTESIAN_POINT('',(-0.0111506,0.00879981844523237,0.0129569995618464));
#18223=CARTESIAN_POINT('',(-0.0108966000000002,0.00879981844523214,0.0129569995618467));
#18224=CARTESIAN_POINT('',(-0.0108965999999992,0.00867281844523266,0.0127370291092868));
#18225=CARTESIAN_POINT('',(-0.0108966,0.00867281844523266,0.0127370291092868));
#18226=CARTESIAN_POINT('',(-0.0108966,0.00914261974684381,0.0125437657216407));
#18227=CARTESIAN_POINT('',(-0.0108966,0.00892681844523153,0.0131769700144076));
#18228=CARTESIAN_POINT('',(-0.0108966,0.00911809642199014,0.013066535623036));
#18229=CARTESIAN_POINT('',(-0.0108966000000011,0.00899109642199014,0.0128465651704748));
#18230=CARTESIAN_POINT('',(-0.0108966000000001,0.00682118155472876,0.0140993661032076));
#18231=CARTESIAN_POINT('',(-0.0108966,0.00694818155463008,0.0143193365558266));
#18232=CARTESIAN_POINT('',(-0.0108966,0.00669418155476734,0.0138793956506249));
#18233=CARTESIAN_POINT('',(-0.0108966000000001,0.00669418155476734,0.0138793956506249));
#18234=CARTESIAN_POINT('',(-0.0108966000000001,0.00649304572770463,0.0140345097346759));
#18235=CARTESIAN_POINT('',(-0.0108966,0.00629190990064106,0.0141896238187268));
#18236=CARTESIAN_POINT('',(-0.0108966,0.00642679123501514,0.0143645239182937));
#18237=CARTESIAN_POINT('',(-0.0108966,0.00662792706207941,0.0142094098342421));
#18238=CARTESIAN_POINT('',(-0.0108966,0.00260397134447287,0.00899156216889773));
#18239=CARTESIAN_POINT('',(-0.0108966,0.00240283551740882,0.00914667625294942));
#18240=CARTESIAN_POINT('',(-0.0108966,0.0028051071715372,0.00883644808484598));
#18241=CARTESIAN_POINT('',(-0.0108966,0.0028051071715372,0.00883644808484598));
#18242=CARTESIAN_POINT('',(-0.0108966,0.00272825492026143,0.0085943536167686));
#18243=CARTESIAN_POINT('',(-0.0108966,0.0026514026689857,0.00835225914869118));
#18244=CARTESIAN_POINT('',(-0.0108966,0.,0.));
#18245=CARTESIAN_POINT('',(-0.0108965999999998,0.,0.));
#18246=CARTESIAN_POINT('',(-0.0108965999999995,0.00607880110109817,0.00665991487732953));
#18247=CARTESIAN_POINT('',(-0.0108966,0.00590756726726404,0.00647231164134874));
#18248=CARTESIAN_POINT('',(-0.0108966,0.0062500349349318,0.00684751811331078));
#18249=CARTESIAN_POINT('',(-0.0108965999999991,0.0062500349349318,0.00684751811331078));
#18250=CARTESIAN_POINT('',(-0.0108965999999995,0.00648493558573692,0.00675088641948828));
#18251=CARTESIAN_POINT('',(-0.0108966,0.00671983623654234,0.00665425472566577));
#18252=CARTESIAN_POINT('',(-0.0108966,0.0066358089743804,0.00644999401381904));
#18253=CARTESIAN_POINT('',(-0.0108966,0.00640090832357481,0.00654662570764209));
#18254=CARTESIAN_POINT('',(-0.0111506,0.00899225556096218,0.0128458959412784));
#18255=CARTESIAN_POINT('',(-0.0111506,0.0064849355857371,0.00675088641948774));
#18256=CARTESIAN_POINT('',(0.0012954,0.00648493558573737,0.00675088641948766));
#18257=CARTESIAN_POINT('',(0.0012954,0.00899225556096218,0.0128458959412784));
#18258=CARTESIAN_POINT('',(0.0012954,0.00616600767277076,0.00664325740146472));
#18259=CARTESIAN_POINT('',(0.0012954,0.00625003493493231,0.00684751811331052));
#18260=CARTESIAN_POINT('',(0.0012954,0.0062500349349318,0.00684751811331078));
#18261=CARTESIAN_POINT('',(0.0012954,0.00625003493493227,0.00684751811331129));
#18262=CARTESIAN_POINT('',(0.0012954,0.00607880110109846,0.00665991487732973));
#18263=CARTESIAN_POINT('',(0.00129540000000002,0.0062500349349318,0.00684751811331078));
#18264=CARTESIAN_POINT('',(-0.0944258716,0.0062500349349318,0.00684751811331078));
#18265=CARTESIAN_POINT('',(-0.0944258716,0.00607880110109842,0.0066599148773293));
#18266=CARTESIAN_POINT('',(-0.0111506,0.,0.));
#18267=CARTESIAN_POINT('',(-0.0111506,0.00272825492026114,0.00859435361676903));
#18268=CARTESIAN_POINT('',(0.0012954,0.00272825492026167,0.00859435361676852));
#18269=CARTESIAN_POINT('',(0.0012954,0.,0.));
#18270=CARTESIAN_POINT('',(0.0012954,0.,0.));
#18271=CARTESIAN_POINT('',(0.0012954,0.00280510717153697,0.00883644808484675));
#18272=CARTESIAN_POINT('',(0.0012954,0.0028051071715372,0.00883644808484598));
#18273=CARTESIAN_POINT('',(0.0012954,0.00280510717153486,0.0088364480848468));
#18274=CARTESIAN_POINT('',(0.0012954,0.00260397134447182,0.00899156216889797));
#18275=CARTESIAN_POINT('',(0.00129540000000002,0.0028051071715372,0.00883644808484598));
#18276=CARTESIAN_POINT('',(-0.0944258716,0.0028051071715372,0.00883644808484598));
#18277=CARTESIAN_POINT('',(-0.0944258716,0.00260397134447294,0.0089915621688976));
#18278=CARTESIAN_POINT('',(-0.0111506,0.00237751314547677,0.00869791470658944));
#18279=CARTESIAN_POINT('',(-0.0111506,0.00649304572770414,0.0140345097346769));
#18280=CARTESIAN_POINT('',(0.0012954,0.00649304572770385,0.0140345097346765));
#18281=CARTESIAN_POINT('',(0.0012954,0.00237751314547677,0.00869791470658944));
#18282=CARTESIAN_POINT('',(0.0012954,0.0068290628891418,0.0140542957501915));
#18283=CARTESIAN_POINT('',(0.0012954,0.00669418155476801,0.0138793956506249));
#18284=CARTESIAN_POINT('',(0.0012954,0.00669418155476734,0.0138793956506249));
#18285=CARTESIAN_POINT('',(0.0012954,0.00669418155476734,0.0138793956506249));
#18286=CARTESIAN_POINT('',(-0.0944258716,0.00669418155476734,0.0138793956506249));
#18287=CARTESIAN_POINT('',(-0.0944258716,0.00682118155469088,0.0140993661032302));
#18288=CARTESIAN_POINT('',(-0.0111506,0.00662874443903782,0.0142104697237535));
#18289=CARTESIAN_POINT('',(0.0012954,-0.00883623350993096,0.00201829058381615));
#18290=CARTESIAN_POINT('',(0.0012954,-0.015367,0.00114236654133701));
#18291=CARTESIAN_POINT('',(0.0012954,-0.0154007648237852,0.00139411231920603));
#18292=CARTESIAN_POINT('',(0.0012954,-0.015621,0.00136457378247537));
#18293=CARTESIAN_POINT('',(0.0012954,-0.00908890693020978,0.00224067574941006));
#18294=CARTESIAN_POINT('',(0.0012954,-0.00905514210646842,0.00198892997153516));
#18295=CARTESIAN_POINT('',(0.0012954,-0.009055142106469,0.00198892997153545));
#18296=CARTESIAN_POINT('',(0.0012954,-0.00905514210646789,0.00198892997153552));
#18297=CARTESIAN_POINT('',(0.0012954,-0.00880705602135974,0.00193443873943862));
#18298=CARTESIAN_POINT('',(0.0012954,-0.009055142106469,0.00198892997153545));
#18299=CARTESIAN_POINT('',(-0.0944258716,-0.009055142106469,0.00198892997153545));
#18300=CARTESIAN_POINT('',(-0.0944258716,-0.00880705602136029,0.00193443873943858));
#18301=CARTESIAN_POINT('',(-0.0108966000000004,-0.00880705602136029,0.00193443873943861));
#18302=CARTESIAN_POINT('',(-0.0111506,-0.00908890693020925,0.00224067574941013));
#18303=CARTESIAN_POINT('',(-0.0108966000000004,-0.00908890693020923,0.0022406757494101));
#18304=CARTESIAN_POINT('',(-0.0108966000000008,-0.009055142106469,0.00198892997153545));
#18305=CARTESIAN_POINT('',(-0.0108966,-0.009055142106469,0.00198892997153545));
#18306=CARTESIAN_POINT('',(-0.0108966,-0.00855896993625156,0.00187994750734181));
#18307=CARTESIAN_POINT('',(-0.0108966,-0.00912267175394947,0.00249242152728487));
#18308=CARTESIAN_POINT('',(-0.0108966,-0.00890376315741394,0.00252178213956559));
#18309=CARTESIAN_POINT('',(-0.0108966,-0.0088699983336726,0.00227003636169093));
#18310=CARTESIAN_POINT('',(-0.0108966,-0.0154007648237852,0.001394112319206));
#18311=CARTESIAN_POINT('',(-0.0108966,-0.01543452964764,0.00164585809706549));
#18312=CARTESIAN_POINT('',(-0.0108966,-0.015367,0.00114236654133728));
#18313=CARTESIAN_POINT('',(-0.0108966,-0.015367,0.00114236654133728));
#18314=CARTESIAN_POINT('',(-0.0108966,-0.015621,0.00114236654133728));
#18315=CARTESIAN_POINT('',(-0.0108966,-0.015875,0.00114236654133728));
#18316=CARTESIAN_POINT('',(-0.0108966,-0.015875,0.00136323532408168));
#18317=CARTESIAN_POINT('',(-0.0108966,-0.015621,0.00136323532408168));
#18318=CARTESIAN_POINT('',(-0.0108966,-0.015621,-0.00114236654138198));
#18319=CARTESIAN_POINT('',(-0.0108966,-0.015875,-0.00114236654149616));
#18320=CARTESIAN_POINT('',(-0.0108966,-0.015367,-0.00114236654133728));
#18321=CARTESIAN_POINT('',(-0.0108966,-0.015367,-0.00114236654133728));
#18322=CARTESIAN_POINT('',(-0.0108966,-0.0154007648237409,-0.00139411231921192));
#18323=CARTESIAN_POINT('',(-0.0108966,-0.0154345296474829,-0.0016458580970865));
#18324=CARTESIAN_POINT('',(-0.0108966,-0.0156534382440185,-0.00161649748480578));
#18325=CARTESIAN_POINT('',(-0.0108966,-0.0156196734202772,-0.00136475170693112));
#18326=CARTESIAN_POINT('',(-0.0108966,-0.00908890693020977,-0.00224067574941008));
#18327=CARTESIAN_POINT('',(-0.0108966,-0.0091226717539495,-0.00249242152728506));
#18328=CARTESIAN_POINT('',(-0.0108966,-0.009055142106469,-0.00198892997153545));
#18329=CARTESIAN_POINT('',(-0.0108965999999998,-0.009055142106469,-0.00198892997153545));
#18330=CARTESIAN_POINT('',(-0.0108966,-0.00880705602135971,-0.00193443873943868));
#18331=CARTESIAN_POINT('',(-0.0108966,-0.00855896993625045,-0.00187994750734188));
#18332=CARTESIAN_POINT('',(-0.0108966,0.,0.));
#18333=CARTESIAN_POINT('',(-0.0108966000000003,0.,0.));
#18334=CARTESIAN_POINT('',(-0.0111506,0.,0.));
#18335=CARTESIAN_POINT('',(-0.0111506,-0.00880705602135916,-0.00193443873943877));
#18336=CARTESIAN_POINT('',(0.0012954,-0.00880705602135971,-0.00193443873943868));
#18337=CARTESIAN_POINT('',(0.0012954,0.,0.));
#18338=CARTESIAN_POINT('',(0.0012954,0.,0.));
#18339=CARTESIAN_POINT('',(0.0012954,-0.00905514210646789,-0.00198892997153553));
#18340=CARTESIAN_POINT('',(0.0012954,-0.009055142106469,-0.00198892997153545));
#18341=CARTESIAN_POINT('',(0.0012954,-0.00905514210646776,-0.00198892997153556));
#18342=CARTESIAN_POINT('',(0.0012954,-0.00908890693020971,-0.00224067574941009));
#18343=CARTESIAN_POINT('',(0.0012954,-0.009055142106469,-0.00198892997153545));
#18344=CARTESIAN_POINT('',(-0.0944258716,-0.009055142106469,-0.00198892997153545));
#18345=CARTESIAN_POINT('',(-0.0944258716,-0.00908890693020923,-0.00224067574941026));
#18346=CARTESIAN_POINT('',(-0.0111506,-0.00872137166859338,-0.00228997057147998));
#18347=CARTESIAN_POINT('',(-0.0111506,-0.0154007648237402,-0.00139411231921197));
#18348=CARTESIAN_POINT('',(0.0012954,-0.0154007648237408,-0.00139411231921189));
#18349=CARTESIAN_POINT('',(0.0012954,-0.00872137166859338,-0.00228997057147998));
#18350=CARTESIAN_POINT('',(0.0012954,-0.0155859085965355,-0.00111300592905659));
#18351=CARTESIAN_POINT('',(0.0012954,-0.0153669999999994,-0.00114236654133738));
#18352=CARTESIAN_POINT('',(0.0012954,-0.015367,-0.00114236654133728));
#18353=CARTESIAN_POINT('',(0.0012954,-0.015367,-0.00114236654133728));
#18354=CARTESIAN_POINT('',(0.0012954,-0.015621,-0.00114236654138198));
#18355=CARTESIAN_POINT('',(0.0012954,-0.015367,-0.00114236654133728));
#18356=CARTESIAN_POINT('',(-0.0944258716,-0.015367,-0.00114236654133728));
#18357=CARTESIAN_POINT('',(-0.0944258716,-0.015621,-0.00114236654142669));
#18358=CARTESIAN_POINT('',(-0.0111506,-0.015621,-0.00136457378247537));
#18359=CARTESIAN_POINT('',(-0.0111506,-0.015621,0.00114236654133728));
#18360=CARTESIAN_POINT('',(0.0012954,-0.015621,0.00114236654133728));
#18361=CARTESIAN_POINT('',(0.0012954,-0.015621,-0.00136457378247537));
#18362=CARTESIAN_POINT('',(0.0012954,-0.015367,0.00136323532408168));
#18363=CARTESIAN_POINT('',(0.0012954,-0.015367,0.00114236654133728));
#18364=CARTESIAN_POINT('',(0.0012954,-0.015367,0.00114236654133728));
#18365=CARTESIAN_POINT('',(0.0012954,-0.015367,0.00114236654133728));
#18366=CARTESIAN_POINT('',(-0.0944258716,-0.015367,0.00114236654133728));
#18367=CARTESIAN_POINT('',(-0.0944258716,-0.0154007648238291,0.00139411231920016));
#18368=CARTESIAN_POINT('',(-0.0111506,-0.015621,0.00136457378247537));
#18369=CARTESIAN_POINT('',(0.0524764,0.,0.));
#18370=CARTESIAN_POINT('',(0.0524764,0.,0.));
#18371=CARTESIAN_POINT('',(0.0481584,0.,0.));
#18372=CARTESIAN_POINT('',(-5.08E-5,0.,0.));
#18373=CARTESIAN_POINT('',(-0.0991112705823496,-0.00264917555571539,0.0026491755557154));
#18374=CARTESIAN_POINT('',(-0.0991112705823496,-0.00155185111143077,0.0037465));
#18375=CARTESIAN_POINT('',(-0.0991112705823496,-0.0037465,0.00155185111143078));
#18376=CARTESIAN_POINT('',(-0.0991112705823496,4.77048955893622E-18,0.0037465));
#18377=CARTESIAN_POINT('',(-0.0991112705823496,0.00155185111143078,0.0037465));
#18378=CARTESIAN_POINT('',(-0.0991112705823496,0.0026491755557154,0.00264917555571539));
#18379=CARTESIAN_POINT('',(-0.0991112705823496,0.0037465,0.00155185111143077));
#18380=CARTESIAN_POINT('',(-0.0991112705823496,0.0037465,-4.77048955893622E-18));
#18381=CARTESIAN_POINT('',(-0.0991112705823496,0.0037465,-0.00155185111143078));
#18382=CARTESIAN_POINT('',(-0.0991112705823496,0.00264917555571539,-0.0026491755557154));
#18383=CARTESIAN_POINT('',(-0.0991112705823496,0.00155185111143077,-0.0037465));
#18384=CARTESIAN_POINT('',(-0.0991112705823496,-4.77048955893622E-18,-0.0037465));
#18385=CARTESIAN_POINT('',(-0.0991112705823496,-0.00155185111143078,-0.0037465));
#18386=CARTESIAN_POINT('',(-0.0991112705823496,-0.0026491755557154,-0.00264917555571539));
#18387=CARTESIAN_POINT('',(-0.0991112705823496,-0.0037465,-0.00155185111143077));
#18388=CARTESIAN_POINT('',(-0.0991112705823496,-0.0037465,4.77048955893622E-18));
#18389=MECHANICAL_DESIGN_GEOMETRIC_PRESENTATION_REPRESENTATION('',(#10823,
#351,#352,#353,#354,#355,#356,#357,#358,#359,#360,#361,#362),#18390);
#18390=(
GEOMETRIC_REPRESENTATION_CONTEXT(3)
GLOBAL_UNCERTAINTY_ASSIGNED_CONTEXT((#18391))
GLOBAL_UNIT_ASSIGNED_CONTEXT((#18394,#18393,#18392))
REPRESENTATION_CONTEXT('Part 1','TOP_LEVEL_ASSEMBLY_PART')
);
#18391=UNCERTAINTY_MEASURE_WITH_UNIT(LENGTH_MEASURE(2.E-5),#18394,
'DISTANCE_ACCURACY_VALUE','Maximum Tolerance applied to model');
#18392=(
NAMED_UNIT(*)
SI_UNIT($,.STERADIAN.)
SOLID_ANGLE_UNIT()
);
#18393=(
NAMED_UNIT(*)
PLANE_ANGLE_UNIT()
SI_UNIT($,.RADIAN.)
);
#18394=(
LENGTH_UNIT()
NAMED_UNIT(*)
SI_UNIT($,.METRE.)
);
#18395=PRODUCT_DEFINITION_SHAPE('','',#18396);
#18396=PRODUCT_DEFINITION('','',#18398,#18397);
#18397=PRODUCT_DEFINITION_CONTEXT('',#18404,'design');
#18398=PRODUCT_DEFINITION_FORMATION_WITH_SPECIFIED_SOURCE('','',#18400,
 .NOT_KNOWN.);
#18399=PRODUCT_RELATED_PRODUCT_CATEGORY('','',(#18400));
#18400=PRODUCT('Part 1','Part 1','Part 1',(#18402));
#18401=PRODUCT_CATEGORY('','');
#18402=PRODUCT_CONTEXT('',#18404,'mechanical');
#18403=APPLICATION_PROTOCOL_DEFINITION('international standard',
'ap242_managed_model_based_3d_engineering',2020,#18404);
#18404=APPLICATION_CONTEXT('managed model based 3d engineering');
ENDSEC;
END-ISO-10303-21;
